Station_ID,Station Name,City,State,Latitude,Longitude,Operator,Usage Type,Connector Type,Power (kW),Per Hour Cost,Customer_ID,Customer_Name,Total Hour Charged,Total Cost,Payment_Mode
STN0482,EV Charging Station 482,Mangaluru,Karnataka,12.917494,74.837437,Ather Grid,Public,CCS2,22,99.88,CUST00001,Arun Nair,5.19,,UPI
STN0370,EV Charging Station 370,Mangaluru,Karnataka,12.911998,74.844963,ChargeZone,Public,Type 2,50,308.41,CUST00002,Anjali Nair,3.06,943.73,UPI
STN0216,EV Charging Station 216,Pune,Maharashtra,18.520823,73.899363,ChargeZone,Commercial,Type 2,60,358.71,CUST00003,Akhil Nair,5.52,1980.08,UPI
STN0145,EV Charging Station 145,Mumbai,Maharashtra,19.10347,72.86488,ChargeZone,Public,CHAdeMO,50,214.05,CUST00004,Amritha Nair,4.05,866.9,UPI
STN0382,EV Charging Station 382,Kochi,Kerala,9.951758,76.272626,Ather Grid,Public,CCS2,50,444.6,CUST00005,Ravi Nair,0.74,329,Credit Card
STN0064,EV Charging Station 064,Delhi,Delhi,28.620802,77.142813,ChargeZone,Public,Type 2,150,1470.4,CUST00006,Priya Nair,6.33,9307.63,UPI
STN0387,EV Charging Station 387,Bengaluru,Karnataka,13.069402,77.629761,Statiq,Private,,7.2,65.06,CUST00007,Kiran Nair,7.77,505.52,
STN0480,EV Charging Station 480,Mysuru,Karnataka,12.304168,76.645397,ChargeZone,Public,GB/T,50,229.31,CUST00008,,5.88,1348.34,Credit Card
STN0484,EV Charging Station 484,Pune,Maharashtra,18.468476,73.860194,Statiq,Commercial,Type 2,22,219.16,CUST00009,Manoj Nair,7.38,,Cash
STN0427,EV Charging Station 427,Mysuru,Karnataka,12.309625,76.67083,Zeon Charging,Public,CCS2,60,444.05,CUST00010,Divya Nair,6.55,2908.53,UPI
STN0252,EV Charging Station 252,Hyderabad,Telangana,17.377478,78.510757,Statiq,Commercial,Type 2,7.2,44.29,CUST00011,Suresh Nair,5.79,256.44,UPI
STN0195,EV Charging Station 195,Mumbai,Maharashtra,19.147407,72.857381,Jio-bp,Public,CCS2,150,987.29,CUST00012,Lakshmi Nair,4.92,4857.47,UPI
STN0386,EV Charging Station 386,Belagavi,Karnataka,15.827669,74.541871,ChargeZone,Private,IEC 60309 3-pin,22,89.67,CUST00013,Arun Kumar,5.43,486.91,Wallet
STN0466,EV Charging Station 466,Hyderabad,Telangana,17.38927,78.50068,Ather Grid,Public,Type 2,150,804.42,CUST00014,Anjali Kumar,5.61,4512.8,Credit Card
STN0250,EV Charging Station 250,Bengaluru,Karnataka,12.935391,77.600683,Tata Power,Private,GB/T,150,1212.29,CUST00015,Akhil Kumar,3.8,4606.7,UPI
STN0370,,Mysuru,Karnataka,12.344111,76.640519,Statiq,Private,IEC 60309 3-pin,11,46.47,CUST00016,Amritha Kumar,5.91,274.64,Credit Card
STN0162,EV Charging Station 162,Pune,Maharashtra,18.470448,73.891475,ChargeZone,Public,Type 2,60,521.85,CUST00017,Ravi Kumar,1.49,777.56,UPI
STN0198,EV Charging Station 198,Kochi,Kerala,9.958703,76.282109,Statiq,Public,Type 2,50,351.5,CUST00018,Priya Kumar,1.57,551.86,Wallet
STN0455,EV Charging Station 455,Pune,Maharashtra,18.467532,73.890338,Zeon Charging,Private,CCS2,60,568.81,CUST00019,Kiran Kumar,3.85,,UPI
STN0185,EV Charging Station 185,Belagavi,Karnataka,15.841784,74.517244,Jio-bp,Public,Type 2,50,439.83,CUST00020,Sneha Kumar,2.99,1315.09,Cash
STN0350,EV Charging Station 350,Mangaluru,Karnataka,12.962504,74.865972,Ather Grid,Public,Type 2,,82.53,CUST00021,Manoj Kumar,5.15,425.03,UPI
STN0475,EV Charging Station 475,Delhi,Delhi,28.626624,77.224841,Zeon Charging,Public,Type 2,120,1042.32,CUST00022,Divya Kumar,2.38,2480.72,Credit Card
STN0359,EV Charging Station 359,Pune,Maharashtra,18.52892,73.835357,ChargeZone,Public,Type 2,120,1056.7,CUST00023,Suresh Kumar,1.42,1500.51,Credit Card
STN0062,EV Charging Station 062,Kochi,Kerala,9.89861,76.264079,Ather Grid,Public,Type 2,7.2,68.15,CUST00024,Lakshmi Kumar,4.96,338.02,Credit Card
STN0318,EV Charging Station 318,Chennai,Tamil Nadu,13.098804,80.362416,Jio-bp,Commercial,,7.2,35.56,CUST00025,Arun Sharma,2.64,93.88,UPI
STN0148,EV Charging Station 148,Chennai,Tamil Nadu,13.057369,80.266115,Ather Grid,Public,IEC 60309 3-pin,120,581.57,CUST00026,Anjali Sharma,3.2,1861.02,UPI
STN0203,EV Charging Station 203,Pune,Maharashtra,18.495644,73.86255,Tata Power,Public,CCS2,50,406.27,CUST00027,Akhil Sharma,3.09,1255.37,UPI
STN0184,EV Charging Station 184,Hyderabad,Telangana,17.365297,78.48564,Statiq,Public,CCS2,30,123.03,CUST00028,Amritha Sharma,5.07,623.76,Credit Card
STN0250,EV Charging Station 250,Pune,Maharashtra,18.500988,73.821947,Ather Grid,Public,CCS2,50,249.24,CUST00029,Ravi Sharma,1.73,431.19,UPI
STN0025,EV Charging Station 025,Bengaluru,Karnataka,13.015527,77.547087,Jio-bp,Public,Type 2,50,225.66,CUST00030,Priya Sharma,1.69,381.37,Debit Card
STN0239,EV Charging Station 239,Delhi,Delhi,28.641545,77.193898,ChargeZone,Public,IEC 60309 3-pin,120,883.76,CUST00031,Kiran Sharma,4.92,4348.1,Debit Card
STN0391,EV Charging Station 391,Mumbai,Maharashtra,19.094206,72.928472,ChargeZone,Commercial,Type 2,50,418.29,CUST00032,Sneha Sharma,7.45,3116.26,Cash
STN0026,EV Charging Station 026,Mangaluru,Karnataka,12.922934,74.870333,Statiq,Public,CCS2,22,205.58,CUST00033,Manoj Sharma,1.35,277.53,Debit Card
STN0310,EV Charging Station 310,Pune,Maharashtra,18.570563,73.783405,,Commercial,CCS2,11,70.47,CUST00034,Divya Sharma,2.61,183.93,UPI
STN0337,EV Charging Station 337,Hyderabad,Telangana,17.38917,78.523931,Tata Power,Commercial,Type 2,11,87.4,CUST00035,Suresh Sharma,4.71,411.65,Wallet
STN0251,EV Charging Station 251,Belagavi,Karnataka,15.849494,74.559037,Tata Power,Public,IEC 60309 3-pin,60,286.9,CUST00036,Lakshmi Sharma,4.16,1193.5,UPI
STN0252,EV Charging Station 252,Mumbai,Maharashtra,19.05598,72.857735,Jio-bp,Commercial,GB/T,7.2,34.14,CUST00037,Arun Reddy,3.73,127.34,Debit Card
STN0242,EV Charging Station 242,Bengaluru,Karnataka,12.967071,77.619387,Zeon Charging,Private,Type 2,30,149.1,CUST00038,Anjali Reddy,7.82,1165.96,Credit Card
STN0170,EV Charging Station 170,Bengaluru,Karnataka,12.965821,77.574095,ChargeZone,Commercial,GB/T,11,76.54,CUST00039,Akhil Reddy,4.21,322.23,UPI
STN0393,EV Charging Station 393,Chennai,Tamil Nadu,13.095991,80.258297,Jio-bp,Public,CCS2,30,,CUST00040,Amritha Reddy,2.51,744.92,Debit Card
STN0213,EV Charging Station 213,Mangaluru,Karnataka,12.94227,74.884871,Statiq,Public,Type 2,30,123.85,CUST00041,Ravi Reddy,1.1,136.24,Credit Card
STN0405,EV Charging Station 405,Bengaluru,Karnataka,12.991428,77.567999,Ather Grid,Commercial,GB/T,150,1383.85,CUST00042,Priya Reddy,6.1,8441.48,Debit Card
STN0087,EV Charging Station 087,,Delhi,28.604792,77.192295,Ather Grid,Public,Type 2,7.2,32.46,CUST00043,Kiran Reddy,3.3,107.12,Credit Card
STN0286,EV Charging Station 286,Delhi,Delhi,28.614614,77.228227,Statiq,Private,Type 2,3.3,31.22,CUST00044,Sneha Reddy,5.85,182.64,Credit Card
STN0437,EV Charging Station 437,Mangaluru,Karnataka,12.905273,74.880312,Statiq,Private,Type 2,22,143.77,CUST00045,Manoj Reddy,1.44,207.03,Debit Card
STN0073,EV Charging Station 073,Mysuru,Karnataka,12.318934,76.625881,Ather Grid,Private,CCS2,,45.85,CUST00046,Divya Reddy,0.93,42.64,Cash
STN0455,EV Charging Station 455,Mangaluru,Karnataka,12.958534,74.809544,Tata Power,Public,CCS2,22,196.83,CUST00047,Suresh Reddy,4.35,856.21,
STN0116,EV Charging Station 116,Chennai,Tamil Nadu,13.06282,80.210988,Ather Grid,Public,CHAdeMO,7.2,65.73,CUST00048,Lakshmi Reddy,5.53,363.49,UPI
STN0241,,Belagavi,Karnataka,15.830748,74.505042,ChargeZone,Public,CCS2,30,288.05,CUST00049,Arun Patil,6.81,1961.62,UPI
STN0180,EV Charging Station 180,Bengaluru,Karnataka,12.966265,77.568826,Jio-bp,Public,IEC 60309 3-pin,22,131.27,CUST00050,Anjali Patil,4.01,526.39,Wallet
STN0489,EV Charging Station 489,Delhi,Delhi,28.595813,77.180428,Statiq,Public,Type 2,7.2,46.35,CUST00051,Akhil Patil,4.4,203.94,Wallet
STN0167,EV Charging Station 167,Hyderabad,Telangana,17.34487,78.447773,Jio-bp,Commercial,GB/T,7.2,38.57,CUST00052,Amritha Patil,5.8,223.71,Debit Card
STN0031,EV Charging Station 031,Delhi,Delhi,28.596809,77.248001,Tata Power,Public,,7.2,71.26,CUST00053,Ravi Patil,6.68,476.02,Credit Card
STN0426,EV Charging Station 426,Hyderabad,Telangana,17.336661,78.449016,Tata Power,Public,IEC 60309 3-pin,7.2,61.33,CUST00054,Priya Patil,4.97,304.81,UPI
STN0442,EV Charging Station 442,Pune,Maharashtra,18.532081,73.839291,Statiq,Public,CCS2,150,1283.53,CUST00055,Kiran Patil,2.29,2939.28,UPI
STN0208,EV Charging Station 208,Mangaluru,Karnataka,12.956353,74.905363,Tata Power,Commercial,CCS2,60,419.79,CUST00056,Sneha Patil,6.76,,UPI
STN0096,EV Charging Station 096,Mumbai,Maharashtra,19.094212,72.894269,Zeon Charging,Public,Type 2,120,992.56,CUST00057,Manoj Patil,1.7,1687.35,Credit Card
STN0477,EV Charging Station 477,Mysuru,Karnataka,12.227985,76.632744,Jio-bp,Public,IEC 60309 3-pin,7.2,66.77,CUST00058,Divya Patil,1.75,116.85,UPI
STN0016,,Mangaluru,Karnataka,12.891816,74.824397,Zeon Charging,Public,CHAdeMO,120,722.8,CUST00059,Suresh Patil,2.84,2052.75,Wallet
STN0254,EV Charging Station 254,Pune,Maharashtra,18.554327,73.844045,Jio-bp,Commercial,CCS2,30,190.26,CUST00060,Lakshmi Patil,2.12,403.35,Credit Card
STN0024,EV Charging Station 024,Chennai,Tamil Nadu,13.094291,80.284505,Ather Grid,Public,CCS2,11,74.02,CUST00061,Arun Shetty,2.66,196.89,UPI
STN0190,EV Charging Station 190,Hubballi,Karnataka,15.34041,75.09663,Jio-bp,Public,CCS2,22,106.11,CUST00062,Anjali Shetty,7.31,775.66,Debit Card
STN0345,EV Charging Station 345,Hyderabad,Telangana,17.406183,78.559282,Jio-bp,Commercial,CCS2,22,101.43,CUST00063,Akhil Shetty,1.14,115.63,Debit Card
STN0041,EV Charging Station 041,Bengaluru,Karnataka,13.001575,77.64323,Statiq,Commercial,Type 2,11,86.63,CUST00064,Amritha Shetty,7.47,647.13,Cash
STN0432,EV Charging Station 432,Hubballi,Karnataka,15.377758,75.226647,Zeon Charging,Public,Type 2,22,130.43,CUST00065,Ravi Shetty,7.48,975.62,Debit Card
STN0428,EV Charging Station 428,Kochi,Kerala,9.854737,76.279987,ChargeZone,Public,Type 2,120,1172.65,CUST00066,Priya Shetty,1.14,1336.82,Credit Card
STN0411,EV Charging Station 411,Hyderabad,Telangana,17.37375,78.529712,Statiq,Public,CCS2,60,507.54,CUST00067,Kiran Shetty,4.09,2075.84,UPI
STN0450,EV Charging Station 450,Hyderabad,,17.393972,78.507187,ChargeZone,Public,Type 2,150,691.28,CUST00068,Sneha Shetty,7.59,5246.82,Credit Card
STN0116,EV Charging Station 116,Hubballi,Karnataka,15.351475,75.114168,Zeon Charging,Public,Type 2,50,364.13,CUST00069,Manoj Shetty,3.33,1212.55,UPI
STN0119,EV Charging Station 119,Hyderabad,Telangana,17.386667,78.516432,Jio-bp,Commercial,Type 2,7.2,61.29,CUST00070,Divya Shetty,2.5,153.22,Credit Card
STN0160,EV Charging Station 160,Hubballi,Karnataka,15.420245,75.136018,Zeon Charging,Private,GB/T,11,77.2,CUST00071,Suresh Shetty,0.51,39.37,UPI
STN0350,EV Charging Station 350,Mumbai,Maharashtra,19.023427,72.835124,Statiq,Public,GB/T,7.2,45.64,CUST00072,Lakshmi Shetty,3.05,139.2,UPI
STN0340,EV Charging Station 340,Chennai,Tamil Nadu,13.085847,80.244901,Tata Power,Commercial,CCS2,150,858.38,CUST00073,Arun Rao,6.76,5802.65,Credit Card
STN0168,EV Charging Station 168,Chennai,Tamil Nadu,13.034154,80.232373,Statiq,Private,CCS2,11,45.76,CUST00074,Anjali Rao,3.23,147.8,Credit Card
STN0049,EV Charging Station 049,Delhi,Delhi,28.559673,77.225886,Ather Grid,Public,IEC 60309 3-pin,150,738.38,CUST00075,Akhil Rao,1.53,1129.72,Credit Card
STN0251,EV Charging Station 251,Mysuru,Karnataka,12.277531,76.622254,Jio-bp,Commercial,GB/T,7.2,59.46,CUST00076,Amritha Rao,2.58,153.41,UPI
STN0333,EV Charging Station 333,Bengaluru,Karnataka,12.975602,77.518746,Tata Power,Public,CCS2,7.2,62.23,CUST00077,Ravi Rao,2.2,136.91,Debit Card
STN0355,EV Charging Station 355,Mysuru,Karnataka,12.349384,76.648786,Tata Power,Commercial,CCS2,30,272.05,CUST00078,Priya Rao,2.04,554.98,UPI
STN0336,EV Charging Station 336,Belagavi,Karnataka,15.776398,74.499288,Jio-bp,Private,IEC 60309 3-pin,7.2,32.35,CUST00079,Kiran Rao,5.9,190.86,Debit Card
STN0275,EV Charging Station 275,Mumbai,Maharashtra,19.132278,72.899747,ChargeZone,Public,Type 2,22,206.23,CUST00080,Sneha Rao,0.61,125.8,Cash
STN0198,EV Charging Station 198,Belagavi,Karnataka,15.838648,74.560422,Statiq,Public,Type 2,7.2,49.15,CUST00081,Manoj Rao,3.7,181.86,Credit Card
STN0186,EV Charging Station 186,Delhi,Delhi,28.64641,77.163617,Tata Power,Private,GB/T,11,70.78,CUST00082,Divya Rao,6.69,473.52,UPI
STN0371,EV Charging Station 371,Pune,Maharashtra,18.472463,73.833735,Zeon Charging,Public,Type 2,11,65.62,CUST00083,Suresh Rao,3.38,221.8,UPI
STN0306,EV Charging Station 306,Kochi,Kerala,9.850317,76.307248,Jio-bp,Public,Type 2,7.2,33.62,CUST00084,Lakshmi Rao,5.61,188.61,UPI
STN0056,EV Charging Station 056,Chennai,Tamil Nadu,13.078411,80.312784,Zeon Charging,Commercial,CCS2,60,450.16,CUST00085,Arun Iyer,3.38,1521.54,UPI
STN0262,EV Charging Station 262,Kochi,Kerala,9.967019,,ChargeZone,Public,CCS2,60,511.49,CUST00086,Anjali Iyer,5.13,2623.94,UPI
STN0312,EV Charging Station 312,Belagavi,Karnataka,,74.597862,Zeon Charging,Public,Type 2,30,246.03,CUST00087,Akhil Iyer,3.77,927.53,Credit Card
STN0324,EV Charging Station 324,Bengaluru,Karnataka,13.03532,77.539557,Zeon Charging,Public,GB/T,150,1430.05,CUST00088,Amritha Iyer,5.17,7393.36,UPI
STN0300,EV Charging Station 300,Mangaluru,Karnataka,12.910348,74.878791,Jio-bp,Public,Type 2,22,107.18,CUST00089,Ravi Iyer,2.38,255.09,Credit Card
STN0051,EV Charging Station 051,Hubballi,Karnataka,15.381099,75.119516,Zeon Charging,Public,Type 2,60,314.34,CUST00090,Priya Iyer,5.4,1697.44,UPI
STN0090,EV Charging Station 090,Chennai,Tamil Nadu,13.084964,80.340514,Tata Power,Private,CCS2,7.2,38.41,CUST00091,Kiran Iyer,5.95,228.54,Debit Card
STN0341,EV Charging Station 341,Bengaluru,Karnataka,12.895481,77.573093,Ather Grid,Public,Type 2,7.2,38.36,CUST00092,Sneha Iyer,1.33,51.02,UPI
STN0232,EV Charging Station 232,Hyderabad,,17.404308,78.45251,Statiq,Public,CCS2,30,162.72,CUST00093,Manoj Iyer,2.56,416.56,Wallet
STN0419,EV Charging Station 419,Mangaluru,Karnataka,12.916617,74.840669,Statiq,Public,CHAdeMO,150,738.93,CUST00094,Divya Iyer,5.66,4182.34,Wallet
STN0021,EV Charging Station 021,Bengaluru,Karnataka,12.93979,77.642086,ChargeZone,Public,CCS2,22,214.21,CUST00095,Suresh Iyer,1.92,411.28,UPI
STN0361,EV Charging Station 361,,Tamil Nadu,13.079458,80.245629,Statiq,Public,Type 2,11,74.93,CUST00096,Lakshmi Iyer,3.51,263,Credit Card
STN0009,EV Charging Station 009,Hubballi,Karnataka,15.321495,75.099585,Statiq,Public,GB/T,22,166.31,CUST00097,Arun Nair,4.46,741.74,Credit Card
STN0325,EV Charging Station 325,Pune,Maharashtra,18.514263,73.916028,Statiq,Public,CCS2,7.2,51.79,CUST00098,Anjali Nair,2.3,,Wallet
STN0015,EV Charging Station 015,Mysuru,Karnataka,12.274273,76.656951,Zeon Charging,Public,Type 2,60,371.53,CUST00099,Akhil Nair,5.61,2084.28,UPI
STN0116,EV Charging Station 116,,Delhi,28.591168,77.198268,ChargeZone,Private,IEC 60309 3-pin,22,144.39,CUST00100,Amritha Nair,4.98,719.06,Debit Card
STN0329,EV Charging Station 329,Chennai,Tamil Nadu,13.046747,80.199165,ChargeZone,Commercial,Type 2,50,374.65,CUST00101,Ravi Nair,3.95,1479.87,Wallet
STN0322,EV Charging Station 322,Hyderabad,Telangana,17.330359,78.514533,Statiq,Public,IEC 60309 3-pin,11,53.45,CUST00102,Priya Nair,2.4,128.28,Wallet
STN0040,EV Charging Station 040,Belagavi,Karnataka,15.828593,74.433222,Tata Power,Private,CHAdeMO,7.2,34.96,CUST00103,Kiran Nair,6.13,214.3,UPI
STN0482,EV Charging Station 482,Mumbai,Maharashtra,19.057141,72.866891,ChargeZone,Public,Type 2,11,83.69,CUST00104,Sneha Nair,4.75,397.53,UPI
STN0278,EV Charging Station 278,Mangaluru,Karnataka,12.939244,74.859025,Zeon Charging,Public,GB/T,60,462.93,CUST00105,Manoj Nair,2.33,1078.63,UPI
STN0261,EV Charging Station 261,Mysuru,Karnataka,12.264855,76.591611,Zeon Charging,Public,Type 2,120,1024.44,CUST00106,Divya Nair,,2253.77,UPI
STN0226,EV Charging Station 226,Hubballi,Karnataka,15.359095,75.176778,Tata Power,Public,Type 2,7.2,45.5,CUST00107,Suresh Nair,1.39,63.24,
STN0185,EV Charging Station 185,Chennai,Tamil Nadu,13.087995,80.266194,Ather Grid,Public,Type 2,7.2,59.71,CUST00108,Lakshmi Nair,2.64,157.63,UPI
STN0442,EV Charging Station 442,Mumbai,Maharashtra,19.030712,72.904671,Zeon Charging,Private,CCS2,50,357.36,CUST00109,Arun Kumar,7.6,2715.94,UPI
STN0156,EV Charging Station 156,Mysuru,Karnataka,12.219135,76.69596,,Private,IEC 60309 3-pin,60,353.85,CUST00110,Anjali Kumar,4.66,1648.94,Credit Card
STN0166,EV Charging Station 166,Chennai,Tamil Nadu,13.071104,80.225395,Statiq,Commercial,CHAdeMO,50,361.94,CUST00111,Akhil Kumar,3.78,1368.13,UPI
STN0147,EV Charging Station 147,Mangaluru,Karnataka,,74.824906,Tata Power,Public,CCS2,7.2,62.02,CUST00112,Amritha Kumar,7.15,443.44,Wallet
STN0396,EV Charging Station 396,Delhi,Delhi,28.649402,77.151673,Tata Power,,Type 2,22,118.37,CUST00113,Ravi Kumar,5.07,600.14,UPI
STN0113,EV Charging Station 113,Belagavi,Karnataka,15.81103,74.539915,Statiq,Private,GB/T,7.2,30.04,CUST00114,Priya Kumar,6.33,190.15,Wallet
STN0292,EV Charging Station 292,Kochi,Kerala,9.893775,76.217506,Tata Power,Private,Type 2,22,152.09,CUST00115,Kiran Kumar,3.86,587.07,Debit Card
STN0290,EV Charging Station 290,Mysuru,Karnataka,12.321986,76.633355,ChargeZone,Private,CCS2,50,352.76,CUST00116,Sneha Kumar,7.88,2779.75,UPI
STN0241,EV Charging Station 241,Belagavi,Karnataka,15.85943,74.525618,Jio-bp,Commercial,Type 2,3.3,16.35,CUST00117,Manoj Kumar,5.8,94.83,Credit Card
STN0458,EV Charging Station 458,Belagavi,Karnataka,15.83875,74.510465,Tata Power,Public,Type 2,22,175.93,CUST00118,Divya Kumar,5.96,1048.54,UPI
STN0371,EV Charging Station 371,Pune,Maharashtra,18.525355,73.842073,Jio-bp,Commercial,,50,466.98,CUST00119,Suresh Kumar,4.57,2134.1,UPI
STN0234,EV Charging Station 234,Hyderabad,Telangana,17.369937,78.495987,Zeon Charging,Private,CHAdeMO,3.3,32.95,CUST00120,Lakshmi Kumar,1.17,38.55,Cash
STN0308,EV Charging Station 308,Mysuru,Karnataka,12.338032,76.599528,Ather Grid,Private,CCS2,60,273.39,CUST00121,Arun Sharma,2.54,694.41,UPI
STN0463,EV Charging Station 463,Hyderabad,Telangana,17.377069,78.481243,Zeon Charging,Public,CCS2,11,90.34,CUST00122,Anjali Sharma,3.24,292.7,UPI
STN0108,EV Charging Station 108,Delhi,Delhi,28.64597,77.225018,Zeon Charging,Public,Type 2,7.2,66.07,CUST00123,Akhil Sharma,3.63,239.83,UPI
STN0266,EV Charging Station 266,Pune,Maharashtra,18.529018,73.824137,Jio-bp,Public,CHAdeMO,7.2,71.48,CUST00124,Amritha Sharma,7.71,551.11,UPI
STN0012,EV Charging Station 012,Delhi,Delhi,28.579625,77.210156,ChargeZone,Public,CCS2,22,94.28,CUST00125,Ravi Sharma,2.54,239.47,UPI
STN0350,EV Charging Station 350,Mysuru,Karnataka,12.255833,76.609536,,Public,CCS2,30,174.6,CUST00126,Priya Sharma,3.59,626.81,
STN0440,EV Charging Station 440,Chennai,Tamil Nadu,13.085674,80.241787,Jio-bp,Public,Type 2,7.2,61.71,CUST00127,Kiran Sharma,4.11,253.63,UPI
STN0011,EV Charging Station 011,Mangaluru,Karnataka,12.929584,74.804957,Statiq,Commercial,CHAdeMO,11,63.03,CUST00128,Sneha Sharma,,337.84,Debit Card
STN0148,EV Charging Station 148,Bengaluru,Karnataka,12.914468,77.586074,Statiq,Private,,30,169.93,CUST00129,Manoj Sharma,5.01,851.35,Credit Card
STN0232,EV Charging Station 232,Bengaluru,Karnataka,12.949931,77.591265,ChargeZone,Public,IEC 60309 3-pin,22,177.41,CUST00130,Divya Sharma,2.02,358.37,UPI
STN0155,EV Charging Station 155,Hyderabad,Telangana,17.322277,78.448901,Zeon Charging,Public,IEC 60309 3-pin,11,58.77,CUST00131,Suresh Sharma,4.77,280.33,UPI
STN0397,EV Charging Station 397,Delhi,Delhi,28.655248,77.209591,ChargeZone,Public,IEC 60309 3-pin,30,265.93,CUST00132,Lakshmi Sharma,1.2,319.12,UPI
STN0069,EV Charging Station 069,Belagavi,Karnataka,15.879646,74.465619,Ather Grid,Private,Type 2,120,733.22,CUST00133,Arun Reddy,5.99,4391.99,Debit Card
STN0120,EV Charging Station 120,Mysuru,Karnataka,12.269488,76.63865,Statiq,Public,Type 2,120,1099.42,CUST00134,Anjali Reddy,4.84,5321.19,UPI
STN0346,EV Charging Station 346,Mysuru,Karnataka,12.323638,76.647681,Zeon Charging,Private,CCS2,120,712.09,CUST00135,Akhil Reddy,3.1,2207.48,Wallet
STN0188,EV Charging Station 188,Mangaluru,Karnataka,12.899918,74.806637,Zeon Charging,Private,Type 2,150,1343.24,CUST00136,Amritha Reddy,7.34,9859.38,Cash
STN0408,EV Charging Station 408,Hyderabad,Telangana,17.401562,78.465735,ChargeZone,Public,CCS2,60,360.2,CUST00137,Ravi Reddy,3.13,1127.43,Cash
STN0472,EV Charging Station 472,Mangaluru,Karnataka,12.971317,74.865721,Ather Grid,Commercial,Type 2,60,429.22,CUST00138,Priya Reddy,5.41,2322.08,UPI
STN0475,EV Charging Station 475,Belagavi,Karnataka,15.893111,74.490299,Jio-bp,Public,IEC 60309 3-pin,50,216.8,CUST00139,Kiran Reddy,4.44,962.59,UPI
STN0084,EV Charging Station 084,Hyderabad,Telangana,17.405276,,Statiq,Public,Type 2,120,946.91,CUST00140,Sneha Reddy,5.67,5368.98,UPI
STN0076,EV Charging Station 076,Kochi,Kerala,9.954769,76.282068,Statiq,Public,CCS2,50,479.46,CUST00141,Manoj Reddy,6.17,2958.27,UPI
STN0237,EV Charging Station 237,Mumbai,Maharashtra,19.058127,72.881852,Statiq,Private,Type 2,60,,CUST00142,Divya Reddy,2.7,1585.49,Cash
STN0339,EV Charging Station 339,Bengaluru,Karnataka,12.963594,77.581983,Statiq,Public,CCS2,11,52.45,CUST00143,Suresh Reddy,2.8,146.86,Credit Card
STN0260,EV Charging Station 260,Mumbai,Maharashtra,19.088742,72.784635,Jio-bp,Commercial,CCS2,150,830.23,CUST00144,Lakshmi Reddy,2.34,1942.74,Credit Card
STN0284,EV Charging Station 284,Chennai,Tamil Nadu,13.097913,80.196582,Zeon Charging,Public,CCS2,120,920.65,CUST00145,Arun Patil,1.09,1003.51,Debit Card
STN0052,EV Charging Station 052,Mumbai,Maharashtra,19.149355,,Ather Grid,Public,CHAdeMO,60,595.3,CUST00146,,1.54,916.76,Wallet
STN0455,EV Charging Station 455,Kochi,Kerala,9.919653,,Jio-bp,Public,CCS2,22,193.77,CUST00147,Akhil Patil,4.1,794.46,UPI
STN0278,EV Charging Station 278,Mysuru,Karnataka,12.301554,76.630499,Tata Power,Public,GB/T,120,1043.22,CUST00148,Amritha Patil,0.82,855.44,UPI
STN0181,EV Charging Station 181,Kochi,Kerala,9.929201,76.264966,Ather Grid,Public,Type 2,22,200.52,CUST00149,Ravi Patil,1.53,306.8,Debit Card
STN0227,EV Charging Station 227,Kochi,Kerala,9.863626,76.292745,,Public,Type 2,3.3,18.94,CUST00150,Priya Patil,7.91,149.82,Debit Card
STN0363,EV Charging Station 363,Mangaluru,Karnataka,,74.830145,ChargeZone,Commercial,Type 2,11,73.36,CUST00151,Kiran Patil,6.78,497.38,UPI
STN0348,EV Charging Station 348,Mumbai,Maharashtra,19.147001,72.891284,Jio-bp,Public,Type 2,7.2,59,CUST00152,Sneha Patil,1.81,106.79,Debit Card
STN0428,EV Charging Station 428,Kochi,Kerala,9.940826,76.226751,Statiq,Public,Type 2,7.2,43.25,CUST00153,Manoj Patil,0.57,24.65,UPI
STN0302,EV Charging Station 302,Bengaluru,Karnataka,12.983582,77.582215,Tata Power,Public,CHAdeMO,30,188.77,CUST00154,Divya Patil,2.04,385.09,UPI
STN0072,EV Charging Station 072,Bengaluru,Karnataka,12.958941,77.593856,Jio-bp,Public,CCS2,120,923,CUST00155,Suresh Patil,1.52,1402.96,Credit Card
STN0489,EV Charging Station 489,Belagavi,Karnataka,15.81174,74.453563,ChargeZone,Public,CCS2,22,214.04,CUST00156,Lakshmi Patil,2.78,595.03,UPI
STN0278,EV Charging Station 278,Hyderabad,Telangana,17.396114,78.444648,ChargeZone,Public,CCS2,150,725.47,CUST00157,Arun Shetty,3.66,2655.22,UPI
STN0081,EV Charging Station 081,Hubballi,,,75.061282,ChargeZone,Public,CCS2,22,173.63,CUST00158,Anjali Shetty,2.51,435.81,UPI
STN0294,EV Charging Station 294,Hubballi,Karnataka,,75.082387,Statiq,Commercial,CCS2,11,100.3,CUST00159,Akhil Shetty,6.28,629.88,Debit Card
STN0494,EV Charging Station 494,Bengaluru,Karnataka,12.993274,77.557335,ChargeZone,Commercial,IEC 60309 3-pin,22,123.31,CUST00160,Amritha Shetty,6.08,749.72,UPI
STN0286,EV Charging Station 286,Kochi,Kerala,9.942851,76.202557,Ather Grid,Public,CCS2,11,74.97,CUST00161,Ravi Shetty,5.27,395.09,Debit Card
STN0289,EV Charging Station 289,Pune,Maharashtra,18.552797,,ChargeZone,Public,CCS2,11,84.36,CUST00162,Priya Shetty,2.7,,Debit Card
STN0131,EV Charging Station 131,Belagavi,Karnataka,15.882066,74.519367,ChargeZone,Public,Type 2,150,655,CUST00163,Kiran Shetty,5.88,3851.4,Debit Card
STN0206,EV Charging Station 206,Kochi,Kerala,9.934699,76.260242,Ather Grid,Private,CHAdeMO,11,108.67,CUST00164,,0.98,106.5,UPI
STN0386,EV Charging Station 386,Belagavi,Karnataka,15.917945,74.499184,Tata Power,Public,Type 2,7.2,55.71,CUST00165,Manoj Shetty,5.08,283.01,Cash
STN0408,EV Charging Station 408,Pune,Maharashtra,18.51899,73.839642,Statiq,Public,CCS2,150,874.67,CUST00166,Divya Shetty,3.94,3446.2,UPI
STN0483,EV Charging Station 483,Delhi,Delhi,28.619766,77.201047,Tata Power,Public,Type 2,11,48.65,CUST00167,Suresh Shetty,2.99,145.46,UPI
STN0457,EV Charging Station 457,Bengaluru,Karnataka,12.978339,77.654909,Jio-bp,Private,CCS2,22,133.37,CUST00168,Lakshmi Shetty,2.96,394.78,UPI
STN0442,EV Charging Station 442,Bengaluru,Karnataka,12.941877,77.561516,Tata Power,Public,GB/T,120,736.88,CUST00169,Arun Rao,3.31,2439.07,Wallet
STN0428,EV Charging Station 428,Pune,Maharashtra,18.596778,73.872565,Jio-bp,Public,CCS2,120,965.42,CUST00170,Anjali Rao,5.42,5232.58,UPI
STN0455,EV Charging Station 455,Hyderabad,Telangana,17.375115,78.442547,Tata Power,Public,Type 2,50,248.03,CUST00171,Akhil Rao,0.68,168.66,
STN0466,EV Charging Station 466,Belagavi,Karnataka,15.844909,74.486851,Tata Power,Commercial,Type 2,22,88.93,CUST00172,Amritha Rao,0.52,46.24,UPI
STN0113,EV Charging Station 113,Mangaluru,Karnataka,12.944315,74.84061,Jio-bp,Private,CCS2,50,363.09,CUST00173,Ravi Rao,2,726.18,Wallet
STN0002,EV Charging Station 002,Hyderabad,Telangana,17.399762,78.55838,Jio-bp,Public,IEC 60309 3-pin,22,173.81,CUST00174,Priya Rao,6.84,1188.86,Credit Card
STN0045,EV Charging Station 045,Hubballi,Karnataka,15.344234,75.12324,Zeon Charging,Public,Type 2,11,101.95,CUST00175,Kiran Rao,6.02,613.74,UPI
STN0089,EV Charging Station 089,Mysuru,Karnataka,12.279238,76.593394,Ather Grid,Public,Type 2,7.2,33.48,CUST00176,Sneha Rao,7.33,245.41,UPI
STN0352,EV Charging Station 352,Kochi,Kerala,9.917903,76.258104,Tata Power,Private,,50,205,CUST00177,Manoj Rao,4.42,906.1,UPI
STN0035,EV Charging Station 035,Hyderabad,Telangana,17.367876,78.469409,Jio-bp,Public,IEC 60309 3-pin,11,46.2,CUST00178,Divya Rao,7.3,337.26,UPI
STN0439,EV Charging Station 439,Pune,Maharashtra,18.491777,73.949655,Zeon Charging,Public,Type 2,50,401.24,CUST00179,Suresh Rao,0.95,381.18,UPI
STN0064,EV Charging Station 064,Mangaluru,Karnataka,12.882586,74.851944,ChargeZone,Private,CCS2,120,615.47,CUST00180,Lakshmi Rao,1.18,726.25,UPI
STN0334,EV Charging Station 334,Kochi,Kerala,9.946842,76.277292,ChargeZone,Public,Type 2,22,206.57,CUST00181,Arun Iyer,6.2,1280.73,UPI
STN0017,EV Charging Station 017,Kochi,,9.938542,76.275429,Jio-bp,Public,IEC 60309 3-pin,22,190.25,CUST00182,Anjali Iyer,0.97,184.54,Credit Card
STN0223,EV Charging Station 223,Mangaluru,Karnataka,12.932879,74.900493,Statiq,Private,IEC 60309 3-pin,120,788.75,CUST00183,Akhil Iyer,7.06,5568.58,Cash
STN0453,EV Charging Station 453,Kochi,Kerala,9.918206,76.240149,Statiq,Private,CCS2,150,1375.06,CUST00184,Amritha Iyer,1.3,1787.58,Wallet
STN0407,EV Charging Station 407,Delhi,Delhi,28.569552,77.213022,Tata Power,Public,Type 2,50,301.17,CUST00185,Ravi Iyer,0.85,255.99,Credit Card
STN0210,,Delhi,Delhi,28.659545,77.195322,Tata Power,Public,Type 2,120,1104.8,CUST00186,Priya Iyer,7.46,8241.81,UPI
STN0131,EV Charging Station 131,Belagavi,Karnataka,15.851247,74.537707,Tata Power,Public,Type 2,11,59.98,CUST00187,Kiran Iyer,,388.67,UPI
STN0052,EV Charging Station 052,Mangaluru,Karnataka,12.860364,74.842219,,Public,Type 2,150,808.92,CUST00188,Sneha Iyer,4.74,3834.28,Wallet
STN0062,EV Charging Station 062,Mysuru,Karnataka,12.322943,76.652827,Zeon Charging,Public,Type 2,11,62.27,CUST00189,Manoj Iyer,4.38,272.74,UPI
STN0113,EV Charging Station 113,Hyderabad,Telangana,17.366323,78.536246,Ather Grid,Public,,150,864.86,CUST00190,Divya Iyer,6.47,5595.64,UPI
STN0150,EV Charging Station 150,Belagavi,Karnataka,15.795726,74.482739,ChargeZone,Public,IEC 60309 3-pin,60,489.48,CUST00191,Suresh Iyer,7.66,3749.42,UPI
STN0412,EV Charging Station 412,Pune,Maharashtra,18.513874,73.821903,ChargeZone,Public,CCS2,22,214.88,CUST00192,Lakshmi Iyer,4.28,919.69,Wallet
STN0205,EV Charging Station 205,Pune,Maharashtra,18.531978,73.836838,Jio-bp,Private,CCS2,60,257.54,CUST00193,Arun Nair,5.33,1372.69,Credit Card
STN0139,EV Charging Station 139,Mangaluru,Karnataka,12.967667,,Jio-bp,Public,CCS2,60,547.28,CUST00194,Anjali Nair,1.93,1056.25,Credit Card
STN0491,EV Charging Station 491,Pune,Maharashtra,18.570254,73.889238,Zeon Charging,Public,CCS2,22,153.73,CUST00195,Akhil Nair,2.03,312.07,UPI
STN0247,EV Charging Station 247,Chennai,Tamil Nadu,13.087455,80.253826,ChargeZone,Public,CCS2,11,49.5,CUST00196,Amritha Nair,5.92,293.04,UPI
STN0327,EV Charging Station 327,Pune,Maharashtra,18.556145,73.795357,Zeon Charging,Public,Type 2,50,456.75,CUST00197,Ravi Nair,1.05,479.59,Credit Card
STN0272,EV Charging Station 272,Mysuru,Karnataka,12.249024,76.644158,Tata Power,Commercial,Type 2,60,307.6,CUST00198,Priya Nair,7.51,2310.08,Credit Card
STN0462,EV Charging Station 462,Hyderabad,Telangana,17.406208,78.454977,Jio-bp,Public,CCS2,120,920.56,CUST00199,Kiran Nair,6.02,5541.77,UPI
STN0473,EV Charging Station 473,Hubballi,Karnataka,15.312527,75.114573,Statiq,Public,Type 2,11,67.71,CUST00200,Sneha Nair,6.61,447.56,UPI
STN0459,EV Charging Station 459,Mumbai,Maharashtra,19.061263,72.854813,Tata Power,Public,CCS2,22,163.95,CUST00201,Manoj Nair,0.56,91.81,Credit Card
STN0409,EV Charging Station 409,Belagavi,Karnataka,15.836615,74.449088,Tata Power,Commercial,GB/T,60,344.39,CUST00202,Divya Nair,5.06,1742.61,Credit Card
STN0400,EV Charging Station 400,Pune,Maharashtra,18.515507,73.903406,ChargeZone,Public,CCS2,50,488.55,CUST00203,Suresh Nair,2.45,1196.95,Credit Card
STN0024,EV Charging Station 024,Hubballi,Karnataka,15.390252,75.11804,Tata Power,Public,CCS2,7.2,69.75,CUST00204,Lakshmi Nair,2.74,191.12,UPI
STN0218,EV Charging Station 218,Kochi,Kerala,9.877116,76.288021,Tata Power,Public,CHAdeMO,,149.93,CUST00205,Arun Kumar,3.16,473.78,UPI
STN0256,EV Charging Station 256,Kochi,Kerala,9.922358,76.235768,ChargeZone,Public,CCS2,30,122.79,CUST00206,Anjali Kumar,4.9,601.67,UPI
STN0011,EV Charging Station 011,Belagavi,Karnataka,15.878847,74.464567,Zeon Charging,Commercial,Type 2,60,372.26,CUST00207,Akhil Kumar,7.94,2955.74,Wallet
STN0054,EV Charging Station 054,Bengaluru,Karnataka,12.963991,77.612486,Statiq,Public,CHAdeMO,60,473.75,CUST00208,Amritha Kumar,6.02,2851.98,Cash
STN0094,EV Charging Station 094,Hubballi,Karnataka,15.409027,75.120785,Statiq,Public,IEC 60309 3-pin,50,484.68,CUST00209,Ravi Kumar,6.15,2980.78,Cash
STN0123,,Bengaluru,Karnataka,13.011228,77.563981,Statiq,Commercial,Type 2,11,67.76,CUST00210,Priya Kumar,1.19,80.63,UPI
STN0095,EV Charging Station 095,Delhi,Delhi,28.617257,77.225579,Zeon Charging,Public,GB/T,50,478.69,CUST00211,Kiran Kumar,4.03,1929.12,Credit Card
STN0068,EV Charging Station 068,Mysuru,Karnataka,12.265556,76.662107,ChargeZone,Public,CCS2,11,107.61,CUST00212,Sneha Kumar,3.04,327.13,UPI
STN0074,EV Charging Station 074,Mumbai,Maharashtra,19.077303,72.871688,Zeon Charging,Public,Type 2,30,219.9,CUST00213,Manoj Kumar,1.72,378.23,Wallet
STN0275,EV Charging Station 275,Mumbai,Maharashtra,19.084112,72.901904,Jio-bp,Public,Type 2,7.2,66.68,CUST00214,Divya Kumar,2.91,194.04,UPI
STN0329,EV Charging Station 329,Mysuru,Karnataka,12.32252,76.654931,Ather Grid,Public,CCS2,11,53.82,CUST00215,Suresh Kumar,1.6,86.11,UPI
STN0257,EV Charging Station 257,Hyderabad,Telangana,17.413125,78.511707,Zeon Charging,Public,Type 2,7.2,48.88,CUST00216,Lakshmi Kumar,4,195.52,Debit Card
STN0177,EV Charging Station 177,Mysuru,Karnataka,12.299386,76.641444,ChargeZone,Public,GB/T,3.3,20.75,CUST00217,Arun Sharma,1.08,22.41,UPI
STN0263,EV Charging Station 263,Chennai,Tamil Nadu,13.11999,80.230856,Jio-bp,Private,GB/T,120,1061.72,CUST00218,Anjali Sharma,3.16,3355.04,Debit Card
STN0412,EV Charging Station 412,Kochi,Kerala,9.89904,76.202984,Jio-bp,Public,CCS2,150,833.78,CUST00219,Akhil Sharma,3.69,3076.65,Cash
STN0428,EV Charging Station 428,Chennai,Tamil Nadu,13.046366,80.313719,Tata Power,Public,Type 2,60,532.61,CUST00220,Amritha Sharma,7.25,3861.42,UPI
STN0397,EV Charging Station 397,Bengaluru,Karnataka,12.923702,77.562326,Zeon Charging,Public,Type 2,150,744.33,CUST00221,Ravi Sharma,7.19,5351.73,Credit Card
STN0332,EV Charging Station 332,Kochi,Kerala,9.932863,76.239568,Tata Power,Public,CCS2,22,112.84,CUST00222,Priya Sharma,6.24,704.12,Wallet
STN0364,EV Charging Station 364,Pune,Maharashtra,18.484605,73.926876,Ather Grid,Public,CCS2,3.3,13.83,CUST00223,Kiran Sharma,7.5,103.72,UPI
STN0268,EV Charging Station 268,Chennai,Tamil Nadu,13.077482,80.309188,Jio-bp,Public,Type 2,11,86.34,CUST00224,Sneha Sharma,2.72,234.84,Debit Card
STN0345,EV Charging Station 345,Kochi,Kerala,9.966176,76.293584,Ather Grid,Commercial,CCS2,50,497.21,CUST00225,Manoj Sharma,1.09,541.96,UPI
STN0330,EV Charging Station 330,Belagavi,Karnataka,15.818261,74.496729,ChargeZone,Public,Type 2,150,1494.72,CUST00226,Divya Sharma,4.66,6965.4,
STN0338,EV Charging Station 338,Bengaluru,Karnataka,12.921637,77.556995,Ather Grid,,CHAdeMO,7.2,71.43,CUST00227,Suresh Sharma,6.04,431.44,Credit Card
STN0179,EV Charging Station 179,Mysuru,Karnataka,12.284886,76.668955,ChargeZone,Public,Type 2,120,1067.91,CUST00228,Lakshmi Sharma,4.52,4826.95,Credit Card
STN0143,EV Charging Station 143,Delhi,Delhi,28.673173,77.193123,Statiq,Private,Type 2,7.2,38.47,CUST00229,Arun Reddy,1.19,45.78,Debit Card
STN0406,EV Charging Station 406,Bengaluru,Karnataka,12.973184,77.514373,Ather Grid,Public,Type 2,120,1053.81,CUST00230,Anjali Reddy,4.67,4921.29,Wallet
STN0469,EV Charging Station 469,Mumbai,Maharashtra,19.114551,72.920678,Jio-bp,Public,CHAdeMO,3.3,18.21,CUST00231,Akhil Reddy,,25.68,UPI
STN0105,EV Charging Station 105,Belagavi,Karnataka,15.869371,74.448521,Jio-bp,Commercial,Type 2,7.2,47.29,CUST00232,Amritha Reddy,3.98,188.21,Credit Card
STN0095,EV Charging Station 095,Mangaluru,Karnataka,12.916515,74.894458,Ather Grid,Public,Type 2,30,278.24,CUST00233,Ravi Reddy,6.23,1733.44,
STN0209,EV Charging Station 209,Mysuru,Karnataka,12.323087,76.650146,ChargeZone,Public,Type 2,11,83.55,CUST00234,Priya Reddy,2.42,202.19,UPI
STN0496,EV Charging Station 496,Belagavi,Karnataka,15.846411,74.488593,Ather Grid,Private,CCS2,7.2,56.66,CUST00235,Kiran Reddy,0.77,43.63,UPI
STN0375,EV Charging Station 375,Belagavi,Karnataka,15.838988,74.515173,Ather Grid,Public,GB/T,120,664.31,CUST00236,Sneha Reddy,3.28,2178.94,UPI
STN0090,EV Charging Station 090,Hubballi,Karnataka,15.414288,75.090207,Ather Grid,Private,Type 2,150,617.91,CUST00237,Manoj Reddy,3.85,2378.95,UPI
STN0089,EV Charging Station 089,Mumbai,Maharashtra,19.11402,72.859909,ChargeZone,Public,CCS2,50,434.7,CUST00238,Divya Reddy,2.65,1151.96,UPI
STN0300,EV Charging Station 300,Mumbai,Maharashtra,19.098472,72.886474,ChargeZone,Private,GB/T,7.2,64.2,CUST00239,Suresh Reddy,4.66,299.17,Credit Card
STN0093,EV Charging Station 093,Bengaluru,Karnataka,12.943625,77.566868,ChargeZone,Private,CCS2,120,814.94,CUST00240,Lakshmi Reddy,4.91,4001.36,Debit Card
STN0272,,Pune,Maharashtra,18.525367,73.82915,ChargeZone,Public,CCS2,120,764.65,CUST00241,Arun Patil,7.26,5551.36,UPI
STN0339,EV Charging Station 339,Mysuru,Karnataka,12.261938,76.679116,Jio-bp,Commercial,CCS2,150,710.93,CUST00242,Anjali Patil,5.39,3831.91,UPI
STN0421,EV Charging Station 421,Mumbai,Maharashtra,19.088178,,Jio-bp,Private,CHAdeMO,7.2,42.75,CUST00243,Akhil Patil,3.25,138.94,UPI
STN0003,EV Charging Station 003,Mangaluru,Karnataka,12.888817,74.865551,ChargeZone,Private,CCS2,3.3,18.12,CUST00244,Amritha Patil,4.76,86.25,UPI
STN0390,EV Charging Station 390,Bengaluru,Karnataka,12.986929,77.562732,Ather Grid,Public,IEC 60309 3-pin,22,188.48,CUST00245,Ravi Patil,6.61,1245.85,UPI
STN0383,EV Charging Station 383,Delhi,Delhi,28.585714,77.23795,Statiq,Public,GB/T,7.2,44.15,CUST00246,Priya Patil,1.27,56.07,UPI
STN0249,EV Charging Station 249,Mysuru,Karnataka,12.257433,76.657731,Statiq,Public,CHAdeMO,11,78.26,CUST00247,Kiran Patil,3.46,270.78,UPI
STN0173,EV Charging Station 173,Mysuru,,12.361236,76.649632,Tata Power,Public,CCS2,11,45.1,CUST00248,Sneha Patil,5.5,248.05,Wallet
STN0044,,Mangaluru,Karnataka,12.894423,74.838463,Zeon Charging,Public,Type 2,11,87.2,CUST00249,Manoj Patil,6.61,576.39,Wallet
STN0358,,Kochi,Kerala,9.953919,76.223618,Jio-bp,Public,CHAdeMO,7.2,57.31,CUST00250,Divya Patil,4.97,284.83,Cash
STN0165,EV Charging Station 165,Chennai,Tamil Nadu,13.069567,80.265494,ChargeZone,Public,,22,118.2,CUST00251,Suresh Patil,7.28,860.5,Credit Card
STN0416,EV Charging Station 416,Mysuru,Karnataka,12.327247,76.635768,Tata Power,Public,GB/T,3.3,20,CUST00252,Lakshmi Patil,6.95,139,
STN0304,EV Charging Station 304,Hubballi,Karnataka,15.315717,75.124549,ChargeZone,Public,Type 2,50,,CUST00253,Arun Shetty,6.2,1478.08,Debit Card
STN0176,EV Charging Station 176,Kochi,Kerala,9.962596,76.237595,ChargeZone,Public,CCS2,60,367.07,CUST00254,Anjali Shetty,6.3,2312.54,
STN0272,EV Charging Station 272,Mysuru,Karnataka,12.256283,76.662494,Statiq,Public,CCS2,120,998.33,CUST00255,Akhil Shetty,3.49,3484.17,UPI
STN0395,EV Charging Station 395,Mumbai,Maharashtra,19.093824,72.834975,Tata Power,Private,CCS2,30,,CUST00256,Amritha Shetty,5.21,671.36,Debit Card
STN0151,EV Charging Station 151,Kochi,Kerala,9.957863,76.27255,Jio-bp,Public,Type 2,50,474.1,CUST00257,Ravi Shetty,6.56,3110.1,
STN0120,EV Charging Station 120,Delhi,Delhi,28.613174,77.26579,Statiq,Public,CCS2,30,145.46,CUST00258,Priya Shetty,6.45,938.22,UPI
STN0467,EV Charging Station 467,Mangaluru,Karnataka,12.923629,,Ather Grid,Public,Type 2,11,,CUST00259,Kiran Shetty,6.77,445.8,
STN0281,EV Charging Station 281,Belagavi,Karnataka,15.804874,74.518222,Statiq,Public,CCS2,3.3,18.04,CUST00260,Sneha Shetty,5.56,100.3,UPI
STN0036,EV Charging Station 036,Pune,Maharashtra,18.559692,73.840976,,Private,Type 2,50,290.97,CUST00261,Manoj Shetty,5.92,1722.54,Wallet
STN0031,,Hubballi,Karnataka,15.2836,75.142984,Statiq,Public,CCS2,7.2,44.71,CUST00262,Divya Shetty,5.11,228.47,UPI
STN0180,EV Charging Station 180,Mumbai,Maharashtra,19.100856,72.893357,Jio-bp,Private,Type 2,22,141.6,CUST00263,Suresh Shetty,5.21,737.74,Credit Card
STN0329,EV Charging Station 329,Pune,Maharashtra,18.551088,73.829501,Jio-bp,Public,CCS2,7.2,59.32,CUST00264,Lakshmi Shetty,3.85,228.38,UPI
STN0475,EV Charging Station 475,Bengaluru,Karnataka,12.988705,77.609449,Zeon Charging,Public,CCS2,7.2,40.27,CUST00265,Arun Rao,5.19,209,Wallet
STN0018,EV Charging Station 018,Mangaluru,Karnataka,12.938433,74.835668,Tata Power,Private,Type 2,11,100.2,CUST00266,Anjali Rao,4.68,468.94,UPI
STN0001,EV Charging Station 001,Mumbai,Maharashtra,19.029672,72.843928,Ather Grid,Private,Type 2,30,253.23,CUST00267,Akhil Rao,6.7,1696.64,UPI
STN0478,EV Charging Station 478,Delhi,Delhi,28.675874,77.22672,Jio-bp,Public,CCS2,150,1410.88,CUST00268,Amritha Rao,6,8465.28,Debit Card
STN0473,EV Charging Station 473,Mysuru,Karnataka,12.35553,76.734801,Statiq,Public,CCS2,11,77.28,CUST00269,Ravi Rao,6.51,503.09,Credit Card
STN0054,EV Charging Station 054,Pune,Maharashtra,18.518174,73.896142,Zeon Charging,Commercial,Type 2,11,84.22,CUST00270,Priya Rao,,181.92,Wallet
STN0084,EV Charging Station 084,Hubballi,Karnataka,15.323355,75.091654,Jio-bp,Public,CCS2,50,367.77,CUST00271,Kiran Rao,2.79,1026.08,Debit Card
STN0307,EV Charging Station 307,Hyderabad,Telangana,17.399092,78.530252,Tata Power,Public,CCS2,7.2,37.07,CUST00272,Sneha Rao,2.82,104.54,Wallet
STN0478,EV Charging Station 478,Belagavi,Karnataka,15.847886,74.477059,Zeon Charging,Public,CCS2,7.2,63.35,CUST00273,Manoj Rao,5.38,340.82,UPI
STN0273,EV Charging Station 273,Mangaluru,Karnataka,12.924972,,Statiq,Public,CCS2,50,396.21,CUST00274,Divya Rao,5.38,2131.61,Wallet
STN0310,EV Charging Station 310,Belagavi,Karnataka,15.901297,74.519403,Ather Grid,Private,CCS2,11,59.83,CUST00275,Suresh Rao,1.17,70,Credit Card
STN0008,EV Charging Station 008,Hyderabad,Telangana,17.377475,78.509455,Jio-bp,Public,Type 2,7.2,38.87,CUST00276,Lakshmi Rao,4.47,173.75,Debit Card
STN0023,EV Charging Station 023,Mangaluru,Karnataka,12.917669,74.860922,Ather Grid,Public,Type 2,120,902.37,CUST00277,Arun Iyer,5.64,5089.37,Debit Card
STN0322,EV Charging Station 322,Belagavi,Karnataka,15.837213,74.528792,Jio-bp,,CCS2,60,450.18,CUST00278,Anjali Iyer,3.04,1368.55,UPI
STN0192,EV Charging Station 192,Hyderabad,Telangana,17.396088,78.46867,Tata Power,Commercial,GB/T,22,177.36,CUST00279,Akhil Iyer,7.94,1408.24,Credit Card
STN0237,EV Charging Station 237,Hyderabad,Telangana,17.356626,78.523762,Zeon Charging,Public,CCS2,7.2,34.13,CUST00280,Amritha Iyer,4.01,136.86,UPI
STN0129,EV Charging Station 129,Hyderabad,Telangana,17.442401,78.484283,Jio-bp,Public,CCS2,22,129.47,CUST00281,Ravi Iyer,2.53,327.56,
STN0377,EV Charging Station 377,Mysuru,Karnataka,12.281101,76.59884,Statiq,Private,CCS2,,227.65,CUST00282,Priya Iyer,7.78,1771.12,Credit Card
STN0297,EV Charging Station 297,Mysuru,,12.262151,76.655033,Tata Power,Private,CCS2,120,997.56,CUST00283,Kiran Iyer,0.67,668.37,Debit Card
STN0360,EV Charging Station 360,Mangaluru,Karnataka,12.880731,74.880395,Ather Grid,Public,Type 2,22,116.28,CUST00284,Sneha Iyer,1.92,223.26,Cash
STN0422,EV Charging Station 422,Mumbai,Maharashtra,19.074014,72.83391,Ather Grid,Private,Type 2,30,196.57,CUST00285,Manoj Iyer,4.5,884.56,Credit Card
STN0463,EV Charging Station 463,Bengaluru,Karnataka,12.936131,77.593984,Tata Power,Private,CCS2,50,460.39,CUST00286,Divya Iyer,7.08,3259.56,Wallet
STN0287,EV Charging Station 287,Hyderabad,Telangana,17.458881,78.522733,Statiq,Public,IEC 60309 3-pin,11,65.36,CUST00287,Suresh Iyer,7.3,477.13,Debit Card
STN0176,EV Charging Station 176,Hubballi,Karnataka,15.34528,75.114569,Jio-bp,Public,GB/T,3.3,13.33,CUST00288,Lakshmi Iyer,3.04,40.52,UPI
STN0326,EV Charging Station 326,Kochi,Kerala,9.942447,76.248421,Ather Grid,Public,CHAdeMO,60,468.25,CUST00289,Arun Nair,3.8,1779.35,Credit Card
STN0467,EV Charging Station 467,Hubballi,Karnataka,15.368934,75.155585,,Public,CCS2,11,,CUST00290,Anjali Nair,4.64,344.2,Credit Card
STN0426,EV Charging Station 426,Chennai,Tamil Nadu,13.066437,80.285108,Ather Grid,Public,CCS2,11,51.91,CUST00291,Akhil Nair,2.54,131.85,Credit Card
STN0474,EV Charging Station 474,Delhi,Delhi,28.680099,77.215642,Tata Power,Private,Type 2,7.2,40.76,CUST00292,Amritha Nair,6.04,246.19,UPI
STN0007,EV Charging Station 007,Chennai,Tamil Nadu,13.082862,80.240552,ChargeZone,Public,Type 2,150,868.09,CUST00293,Ravi Nair,5.14,4461.98,Credit Card
STN0256,EV Charging Station 256,Hubballi,Karnataka,15.312349,75.08972,Statiq,Public,CHAdeMO,7.2,63.75,CUST00294,Priya Nair,6.69,426.49,UPI
STN0474,EV Charging Station 474,Hyderabad,Telangana,17.379175,78.498065,Tata Power,Private,GB/T,7.2,46.11,CUST00295,Kiran Nair,0.85,39.19,Credit Card
STN0030,EV Charging Station 030,Mysuru,Karnataka,12.277625,76.647974,Tata Power,Public,CCS2,60,479.76,CUST00296,Sneha Nair,5.01,2403.6,Cash
STN0102,EV Charging Station 102,Hubballi,Karnataka,15.398835,75.203173,ChargeZone,Commercial,CCS2,30,250.38,CUST00297,Manoj Nair,3.79,948.94,UPI
STN0032,EV Charging Station 032,Hubballi,Karnataka,15.371049,75.118321,Zeon Charging,Commercial,Type 2,150,1490.86,CUST00298,Divya Nair,6.8,10137.85,UPI
STN0212,EV Charging Station 212,Chennai,Tamil Nadu,13.09824,80.314196,Tata Power,Public,CCS2,11,45.1,CUST00299,Suresh Nair,4.6,207.46,UPI
STN0420,EV Charging Station 420,Kochi,Kerala,9.963909,76.281363,ChargeZone,Private,Type 2,30,215.33,CUST00300,Lakshmi Nair,7.94,1709.72,Debit Card
STN0357,EV Charging Station 357,Pune,Maharashtra,18.51069,73.870352,Ather Grid,Private,CCS2,30,127.48,CUST00301,Arun Kumar,6.8,866.86,UPI
STN0105,EV Charging Station 105,Belagavi,Karnataka,15.833582,74.53612,ChargeZone,Private,CCS2,120,968.59,CUST00302,Anjali Kumar,1.59,1540.06,Cash
STN0354,EV Charging Station 354,Bengaluru,Karnataka,13.003998,77.57859,,Public,GB/T,11,107.12,CUST00303,Akhil Kumar,2.46,263.52,Debit Card
STN0187,EV Charging Station 187,Mysuru,Karnataka,12.303181,76.656331,ChargeZone,Public,CCS2,30,158.41,CUST00304,Amritha Kumar,6.13,971.05,UPI
STN0343,EV Charging Station 343,Hubballi,Karnataka,15.376914,75.12533,Jio-bp,Commercial,Type 2,120,788.6,CUST00305,Ravi Kumar,4.34,3422.52,Credit Card
STN0381,EV Charging Station 381,Hyderabad,Telangana,17.356542,78.48167,ChargeZone,Public,CCS2,11,95.03,CUST00306,Priya Kumar,5.13,487.5,Debit Card
STN0079,EV Charging Station 079,Hubballi,Karnataka,15.367154,75.087646,Ather Grid,Public,IEC 60309 3-pin,11,55.94,CUST00307,Kiran Kumar,1.37,76.64,UPI
STN0005,EV Charging Station 005,Kochi,Kerala,9.978521,76.278957,ChargeZone,Public,Type 2,7.2,56.18,CUST00308,Sneha Kumar,1.03,57.87,Wallet
STN0150,EV Charging Station 150,Delhi,Delhi,28.667597,77.231968,ChargeZone,Commercial,CCS2,30,210.34,CUST00309,Manoj Kumar,7.97,1676.41,Debit Card
STN0089,EV Charging Station 089,Hubballi,Karnataka,15.397088,75.093906,Tata Power,Public,CHAdeMO,50,309.16,CUST00310,Divya Kumar,3.38,1044.96,Debit Card
STN0372,EV Charging Station 372,Mysuru,Karnataka,12.340591,76.637303,ChargeZone,Public,CCS2,7.2,44.17,CUST00311,Suresh Kumar,5.95,262.81,Credit Card
STN0221,EV Charging Station 221,Bengaluru,Karnataka,12.957789,77.562181,ChargeZone,Commercial,CHAdeMO,60,332.69,CUST00312,Lakshmi Kumar,1.39,,Wallet
STN0111,EV Charging Station 111,Kochi,Kerala,9.974142,76.264849,Tata Power,Public,CCS2,7.2,49.77,CUST00313,Arun Sharma,6.05,301.11,UPI
STN0476,EV Charging Station 476,Pune,Maharashtra,18.485163,73.904491,Tata Power,Commercial,GB/T,22,104.7,CUST00314,Anjali Sharma,0.99,103.65,UPI
STN0235,EV Charging Station 235,Hubballi,Karnataka,15.348037,75.190428,Statiq,Public,Type 2,30,194.75,CUST00315,Akhil Sharma,6.98,1359.36,Credit Card
STN0104,EV Charging Station 104,Mangaluru,Karnataka,12.9652,74.895968,Zeon Charging,Public,CCS2,60,546.02,CUST00316,Amritha Sharma,,3827.6,Credit Card
STN0330,EV Charging Station 330,Delhi,Delhi,28.6373,77.205804,Statiq,Commercial,CCS2,11,64.27,CUST00317,Ravi Sharma,5.84,375.34,Cash
STN0451,EV Charging Station 451,Kochi,Kerala,9.952047,76.31453,Zeon Charging,Private,CCS2,11,87.91,CUST00318,Priya Sharma,4.39,385.92,Credit Card
STN0057,EV Charging Station 057,Mumbai,Maharashtra,19.030662,72.829619,Jio-bp,Commercial,Type 2,3.3,30.91,CUST00319,Kiran Sharma,2.43,75.11,Credit Card
STN0437,EV Charging Station 437,Hubballi,Karnataka,15.332318,75.152408,Jio-bp,Public,Type 2,7.2,52.03,CUST00320,Sneha Sharma,1.06,55.15,Debit Card
STN0287,EV Charging Station 287,Mangaluru,Karnataka,12.903147,74.828075,Ather Grid,Private,CCS2,7.2,69.75,CUST00321,Manoj Sharma,1.71,119.27,Cash
STN0345,EV Charging Station 345,Bengaluru,Karnataka,12.961614,77.570392,Ather Grid,Public,Type 2,150,901.04,CUST00322,Divya Sharma,2.85,2567.96,Credit Card
STN0416,EV Charging Station 416,Mumbai,Maharashtra,18.973867,72.857307,Ather Grid,Public,Type 2,60,257.62,CUST00323,Suresh Sharma,5.65,1455.55,UPI
STN0269,EV Charging Station 269,Bengaluru,Karnataka,12.94775,77.682602,Zeon Charging,Commercial,Type 2,7.2,70.8,CUST00324,Lakshmi Sharma,7.85,555.78,UPI
STN0158,EV Charging Station 158,Delhi,Delhi,28.643872,77.210053,Statiq,Public,CCS2,30,271.12,CUST00325,Arun Reddy,2.94,797.09,UPI
STN0476,EV Charging Station 476,Mangaluru,Karnataka,12.924445,74.900625,Jio-bp,Public,Type 2,150,1119.34,CUST00326,Anjali Reddy,6.66,7454.8,Credit Card
STN0035,EV Charging Station 035,Belagavi,Karnataka,15.885672,74.466816,Zeon Charging,Private,Type 2,150,904.25,CUST00327,,7.81,7062.19,Credit Card
STN0067,EV Charging Station 067,Delhi,Delhi,28.610315,77.217121,Zeon Charging,Public,GB/T,60,324.7,CUST00328,Amritha Reddy,2.91,944.88,Debit Card
STN0362,EV Charging Station 362,Pune,Maharashtra,18.51397,73.838313,Ather Grid,Public,CCS2,7.2,52.4,CUST00329,Ravi Reddy,1.58,82.79,Credit Card
STN0077,EV Charging Station 077,Belagavi,Karnataka,15.794144,74.510292,Tata Power,Public,CCS2,120,840.85,CUST00330,Priya Reddy,7.12,5986.85,Credit Card
STN0410,EV Charging Station 410,,Karnataka,15.846792,74.558376,Statiq,Commercial,GB/T,22,180.64,CUST00331,Kiran Reddy,1.15,207.74,UPI
STN0149,EV Charging Station 149,Belagavi,Karnataka,15.889235,74.486804,Tata Power,Commercial,IEC 60309 3-pin,3.3,18.75,CUST00332,Sneha Reddy,0.85,15.94,Debit Card
STN0118,EV Charging Station 118,Bengaluru,Karnataka,12.97727,77.591167,Ather Grid,Commercial,Type 2,120,521.34,CUST00333,Manoj Reddy,4.8,2502.43,UPI
STN0142,EV Charging Station 142,Belagavi,Karnataka,15.805136,74.480598,Statiq,Public,Type 2,3.3,31.03,CUST00334,Divya Reddy,3.27,101.47,UPI
STN0453,EV Charging Station 453,Mumbai,Maharashtra,19.081683,72.884094,Jio-bp,Public,CCS2,50,241.02,CUST00335,Suresh Reddy,1.8,433.84,Credit Card
STN0126,EV Charging Station 126,Mysuru,Karnataka,12.340639,76.650509,Ather Grid,Public,Type 2,7.2,53.45,CUST00336,Lakshmi Reddy,2.62,,UPI
STN0076,EV Charging Station 076,Hyderabad,Telangana,17.421724,78.598475,Statiq,Commercial,CCS2,60,,CUST00337,Arun Patil,3.93,2126.99,UPI
STN0355,EV Charging Station 355,Belagavi,Karnataka,15.849144,74.519305,Ather Grid,Public,Type 2,7.2,59.4,CUST00338,Anjali Patil,1.99,118.21,Credit Card
STN0176,EV Charging Station 176,Delhi,Delhi,28.668471,77.202626,Jio-bp,Private,Type 2,30,221.74,CUST00339,Akhil Patil,5.93,1314.92,UPI
STN0139,EV Charging Station 139,Kochi,Kerala,9.978933,76.238115,Jio-bp,Private,Type 2,60,517.25,CUST00340,Amritha Patil,6.26,3237.98,Credit Card
STN0435,EV Charging Station 435,Belagavi,Karnataka,15.834387,74.557758,ChargeZone,Private,Type 2,7.2,48.25,CUST00341,Ravi Patil,3.62,174.66,Debit Card
STN0215,EV Charging Station 215,Mysuru,Karnataka,12.33278,76.62978,Tata Power,Commercial,CHAdeMO,50,255.65,CUST00342,Priya Patil,5.26,1344.72,UPI
STN0156,EV Charging Station 156,Chennai,Tamil Nadu,13.085698,80.285329,Ather Grid,Public,CCS2,120,654.46,CUST00343,Kiran Patil,6.8,4450.33,UPI
STN0238,EV Charging Station 238,Hyderabad,Telangana,17.42933,78.443135,ChargeZone,Public,IEC 60309 3-pin,60,448.1,CUST00344,Sneha Patil,5.32,2383.89,UPI
STN0435,EV Charging Station 435,Bengaluru,Karnataka,12.962274,77.561777,Tata Power,Public,GB/T,11,51.22,CUST00345,Manoj Patil,2.8,143.42,UPI
STN0471,EV Charging Station 471,Chennai,Tamil Nadu,13.033747,80.294025,Zeon Charging,Public,CCS2,,1270.36,CUST00346,Divya Patil,0.78,990.88,UPI
STN0253,EV Charging Station 253,Hyderabad,Telangana,17.398092,78.520903,Ather Grid,Private,IEC 60309 3-pin,,495.21,CUST00347,Suresh Patil,1.94,960.71,Credit Card
STN0183,EV Charging Station 183,Hyderabad,Telangana,17.343062,78.515073,,Private,Type 2,11,55.32,CUST00348,Lakshmi Patil,4.93,272.73,UPI
STN0070,EV Charging Station 070,Bengaluru,Karnataka,12.970242,77.590706,Ather Grid,Private,GB/T,120,937.19,CUST00349,Arun Shetty,1.79,1677.57,UPI
STN0461,EV Charging Station 461,Bengaluru,Karnataka,12.95664,77.604509,Ather Grid,Public,GB/T,7.2,30.47,CUST00350,Anjali Shetty,7.11,216.64,UPI
STN0266,EV Charging Station 266,Delhi,Delhi,28.609426,77.295704,ChargeZone,Public,CHAdeMO,150,1486.6,CUST00351,Akhil Shetty,4.3,6392.38,Credit Card
STN0137,EV Charging Station 137,,Karnataka,12.294198,76.595797,ChargeZone,Public,CHAdeMO,150,649.56,CUST00352,Amritha Shetty,7.35,4774.27,Wallet
STN0106,EV Charging Station 106,Delhi,Delhi,28.586486,77.230754,Zeon Charging,Public,Type 2,150,1039.15,CUST00353,Ravi Shetty,6.26,6505.08,UPI
STN0349,EV Charging Station 349,Chennai,,13.078425,80.254448,Jio-bp,Public,GB/T,7.2,31.44,CUST00354,Priya Shetty,,213.48,UPI
STN0456,EV Charging Station 456,Hyderabad,Telangana,17.385749,78.505239,Jio-bp,Public,CCS2,120,622.81,CUST00355,Kiran Shetty,0.77,479.56,UPI
STN0103,EV Charging Station 103,Pune,Maharashtra,18.511874,73.870148,Tata Power,Public,CCS2,120,729.35,CUST00356,Sneha Shetty,4.01,2924.69,UPI
STN0484,EV Charging Station 484,Mysuru,Karnataka,12.270997,76.689625,Tata Power,Public,GB/T,120,1115.86,CUST00357,Manoj Shetty,1.6,1785.38,Credit Card
STN0285,EV Charging Station 285,Kochi,Kerala,9.928437,76.274527,ChargeZone,Public,CCS2,120,1036.17,CUST00358,Divya Shetty,2.85,2953.08,UPI
STN0116,EV Charging Station 116,Hyderabad,Telangana,17.435461,78.458604,Zeon Charging,Public,CCS2,150,1215.01,CUST00359,Suresh Shetty,4.72,5734.85,Debit Card
STN0129,EV Charging Station 129,Hubballi,Karnataka,15.409162,75.105589,Ather Grid,Public,Type 2,7.2,37.82,CUST00360,Lakshmi Shetty,4.41,166.79,Wallet
STN0141,EV Charging Station 141,,Karnataka,12.901429,74.796955,ChargeZone,Public,Type 2,60,429.41,CUST00361,,5.75,2469.11,Debit Card
STN0307,EV Charging Station 307,Kochi,Kerala,9.943349,76.343593,Ather Grid,Commercial,CCS2,11,101.96,CUST00362,Anjali Rao,3.36,342.59,Cash
STN0442,EV Charging Station 442,Belagavi,Karnataka,15.834589,74.515845,Zeon Charging,Public,CCS2,3.3,29.58,CUST00363,Akhil Rao,1.36,40.23,Wallet
STN0076,EV Charging Station 076,Bengaluru,Karnataka,12.917102,77.61356,Statiq,Commercial,GB/T,11,101.61,CUST00364,Amritha Rao,4.28,434.89,Debit Card
STN0427,EV Charging Station 427,Delhi,Delhi,28.595487,77.165873,Tata Power,Public,IEC 60309 3-pin,120,657.81,CUST00365,Ravi Rao,2.71,1782.67,UPI
STN0415,EV Charging Station 415,Mangaluru,Karnataka,12.92725,74.912398,Zeon Charging,Commercial,Type 2,30,144.21,CUST00366,Priya Rao,5.88,847.95,UPI
STN0348,EV Charging Station 348,Hubballi,Karnataka,15.36715,75.139064,Jio-bp,Public,Type 2,50,424.12,CUST00367,Kiran Rao,4.21,1785.55,Credit Card
STN0047,EV Charging Station 047,Bengaluru,Karnataka,12.954825,77.591617,Ather Grid,Public,CHAdeMO,60,541.99,CUST00368,Sneha Rao,6.13,3322.4,Wallet
STN0425,EV Charging Station 425,Pune,Maharashtra,18.547804,73.86864,Tata Power,Public,Type 2,150,1152.93,CUST00369,Manoj Rao,3.8,4381.13,UPI
STN0324,EV Charging Station 324,,Karnataka,15.413734,75.107878,Tata Power,Private,CHAdeMO,50,400.59,CUST00370,Divya Rao,5.99,2399.53,Credit Card
STN0145,EV Charging Station 145,Pune,Maharashtra,18.512974,73.924448,ChargeZone,Public,Type 2,30,178.51,CUST00371,Suresh Rao,1.18,210.64,Wallet
STN0209,EV Charging Station 209,Bengaluru,Karnataka,12.978681,77.568208,Zeon Charging,Public,IEC 60309 3-pin,120,627.93,CUST00372,Lakshmi Rao,0.71,445.83,UPI
STN0279,EV Charging Station 279,Bengaluru,Karnataka,13.005264,77.641272,Tata Power,Public,Type 2,30,168.36,CUST00373,Arun Iyer,3.71,624.62,Credit Card
STN0392,EV Charging Station 392,Chennai,Tamil Nadu,13.058401,80.320732,Zeon Charging,Public,Type 2,22,214.36,CUST00374,Anjali Iyer,4.64,994.63,UPI
STN0202,EV Charging Station 202,Kochi,Kerala,9.967787,76.257917,ChargeZone,Public,IEC 60309 3-pin,11,51.17,CUST00375,Akhil Iyer,4.23,216.45,UPI
STN0300,EV Charging Station 300,Delhi,Delhi,28.612158,77.245796,Zeon Charging,Public,CCS2,11,74.32,CUST00376,Amritha Iyer,4.82,358.22,UPI
STN0237,EV Charging Station 237,Belagavi,Karnataka,15.816369,74.508684,Zeon Charging,Private,CCS2,11,69.58,CUST00377,Ravi Iyer,4.17,290.15,Credit Card
STN0094,EV Charging Station 094,Pune,Maharashtra,18.449122,73.851864,Statiq,Public,CCS2,11,76.69,CUST00378,Priya Iyer,1.99,152.61,UPI
STN0497,EV Charging Station 497,Hyderabad,Telangana,17.34941,78.49182,Zeon Charging,Private,Type 2,7.2,65.48,CUST00379,Kiran Iyer,0.57,37.32,UPI
STN0292,EV Charging Station 292,Mumbai,Maharashtra,19.091608,72.913526,Statiq,Public,Type 2,150,833.27,CUST00380,Sneha Iyer,4.57,3808.04,Wallet
STN0269,EV Charging Station 269,Mangaluru,Karnataka,12.898168,74.883237,Zeon Charging,Public,Type 2,60,296.73,CUST00381,Manoj Iyer,0.6,178.04,Credit Card
STN0393,EV Charging Station 393,Delhi,Delhi,28.577682,77.148771,ChargeZone,Public,GB/T,7.2,35.57,CUST00382,Divya Iyer,2.15,76.48,UPI
STN0436,EV Charging Station 436,Pune,Maharashtra,18.490547,73.811946,Tata Power,Commercial,Type 2,30,146.47,CUST00383,Suresh Iyer,7.94,1162.97,Credit Card
STN0367,EV Charging Station 367,Mysuru,Karnataka,12.288521,76.615562,Tata Power,Public,CCS2,30,242.52,CUST00384,Lakshmi Iyer,1.81,438.96,Cash
STN0456,EV Charging Station 456,Mysuru,Karnataka,12.312433,76.613572,Ather Grid,Public,GB/T,120,1147.42,CUST00385,Arun Nair,4.87,5587.94,UPI
STN0066,EV Charging Station 066,Hubballi,Karnataka,15.342031,75.139016,Zeon Charging,Public,CHAdeMO,60,543.43,CUST00386,Anjali Nair,2.21,1200.98,Credit Card
STN0311,EV Charging Station 311,Mysuru,Karnataka,12.320087,76.667202,Jio-bp,Public,CHAdeMO,11,99.34,CUST00387,Akhil Nair,1.17,116.23,Credit Card
STN0040,EV Charging Station 040,Bengaluru,Karnataka,12.968673,77.57286,Jio-bp,Public,GB/T,150,710.54,CUST00388,Amritha Nair,1.97,1399.76,Credit Card
STN0439,EV Charging Station 439,Hyderabad,Telangana,17.352226,78.484679,Statiq,Public,Type 2,11,63.76,CUST00389,Ravi Nair,1.19,75.87,Wallet
STN0306,EV Charging Station 306,Bengaluru,,13.01346,77.525145,Zeon Charging,Public,Type 2,30,187.88,CUST00390,Priya Nair,1.92,360.73,Credit Card
STN0458,EV Charging Station 458,Chennai,Tamil Nadu,13.053059,80.221868,Tata Power,Private,Type 2,50,351.77,CUST00391,Kiran Nair,0.55,193.47,Cash
STN0024,EV Charging Station 024,Hubballi,Karnataka,15.401857,75.139121,Zeon Charging,Public,Type 2,50,478.79,CUST00392,Sneha Nair,4.53,2168.92,Credit Card
STN0046,EV Charging Station 046,Hubballi,Karnataka,15.344486,75.138934,Jio-bp,Private,CHAdeMO,50,242.08,CUST00393,Manoj Nair,7.24,1752.66,UPI
STN0436,EV Charging Station 436,,Tamil Nadu,13.05328,80.25845,Jio-bp,Public,CHAdeMO,7.2,32.03,CUST00394,Divya Nair,2.71,86.8,UPI
STN0234,EV Charging Station 234,Hyderabad,Telangana,17.408669,78.432046,ChargeZone,Public,CCS2,30,263.2,CUST00395,Suresh Nair,4.45,1171.24,Cash
STN0196,EV Charging Station 196,Mangaluru,Karnataka,12.887766,74.860346,Statiq,Private,Type 2,7.2,59.25,CUST00396,Lakshmi Nair,7.21,427.19,Cash
STN0269,EV Charging Station 269,Mumbai,Maharashtra,19.041601,72.93509,Zeon Charging,Public,Type 2,120,893.25,CUST00397,Arun Kumar,5.39,4814.62,Credit Card
STN0424,EV Charging Station 424,Hubballi,Karnataka,15.366465,75.119208,Tata Power,Public,CCS2,3.3,16.38,CUST00398,Anjali Kumar,1.26,20.64,UPI
STN0417,EV Charging Station 417,Delhi,Delhi,28.536309,77.222841,Tata Power,Public,CCS2,30,223.61,CUST00399,Akhil Kumar,1.26,281.75,UPI
STN0450,EV Charging Station 450,Mysuru,Karnataka,12.249728,76.658797,Tata Power,Public,CCS2,7.2,53.17,CUST00400,Amritha Kumar,2.53,134.52,Debit Card
STN0372,EV Charging Station 372,Belagavi,Karnataka,15.86831,74.49528,Tata Power,Private,CHAdeMO,30,173.68,CUST00401,Ravi Kumar,2.06,357.78,Credit Card
STN0198,EV Charging Station 198,Belagavi,Karnataka,15.825112,74.531171,Zeon Charging,Public,CCS2,22,138.56,CUST00402,Priya Kumar,4.55,630.45,Credit Card
STN0260,EV Charging Station 260,Bengaluru,Karnataka,12.923813,77.584559,Statiq,Public,CCS2,50,203.32,CUST00403,Kiran Kumar,3.15,640.46,UPI
STN0050,EV Charging Station 050,Chennai,Tamil Nadu,13.031271,80.269727,Ather Grid,Public,Type 2,50,444.27,CUST00404,Sneha Kumar,0.65,288.78,UPI
STN0097,EV Charging Station 097,Pune,Maharashtra,18.55601,,ChargeZone,Public,Type 2,120,647.11,CUST00405,Manoj Kumar,6.1,3947.37,Credit Card
STN0176,EV Charging Station 176,Mangaluru,Karnataka,12.919928,74.891253,ChargeZone,Private,GB/T,50,383.01,CUST00406,Divya Kumar,1.63,624.31,UPI
STN0183,EV Charging Station 183,Mangaluru,Karnataka,12.881658,74.798927,Zeon Charging,Private,CCS2,7.2,29.62,CUST00407,Suresh Kumar,1.87,55.39,UPI
STN0025,EV Charging Station 025,Mangaluru,Karnataka,12.903815,74.840634,Ather Grid,Public,CCS2,50,441.6,CUST00408,Lakshmi Kumar,7.95,,Cash
STN0057,EV Charging Station 057,Hyderabad,Telangana,17.413005,78.513754,Jio-bp,Public,Type 2,22,116.1,CUST00409,Arun Sharma,4.75,551.48,UPI
STN0442,EV Charging Station 442,Mumbai,Maharashtra,19.070642,72.898469,Zeon Charging,Public,Type 2,120,640.99,CUST00410,Anjali Sharma,5.08,3256.23,Debit Card
STN0105,EV Charging Station 105,Mangaluru,Karnataka,12.94102,74.887808,Zeon Charging,Public,IEC 60309 3-pin,22,178.4,CUST00411,Akhil Sharma,6.33,1129.27,UPI
STN0267,EV Charging Station 267,Mysuru,Karnataka,12.320504,76.647604,Zeon Charging,Private,GB/T,150,940.15,CUST00412,Amritha Sharma,0.92,864.94,UPI
STN0370,EV Charging Station 370,Pune,Maharashtra,18.554967,73.888685,Jio-bp,Public,Type 2,30,156.49,CUST00413,Ravi Sharma,2.87,449.13,UPI
STN0053,EV Charging Station 053,Hubballi,Karnataka,15.377793,75.104361,Zeon Charging,Public,CHAdeMO,22,176.53,CUST00414,Priya Sharma,2.36,416.61,Debit Card
STN0135,EV Charging Station 135,Bengaluru,Karnataka,13.007726,77.605068,Ather Grid,Public,GB/T,30,292.65,CUST00415,Kiran Sharma,7.53,2203.65,UPI
STN0123,EV Charging Station 123,Pune,Maharashtra,18.559069,73.81106,Tata Power,Commercial,CCS2,22,136.25,CUST00416,Sneha Sharma,5.42,,UPI
STN0277,EV Charging Station 277,Chennai,Tamil Nadu,13.066411,80.220324,ChargeZone,Commercial,Type 2,30,178.15,CUST00417,Manoj Sharma,5.56,990.51,UPI
STN0144,EV Charging Station 144,Mangaluru,Karnataka,12.911206,74.839886,Tata Power,Public,Type 2,150,846.91,CUST00418,Divya Sharma,5.35,4530.97,Credit Card
STN0175,EV Charging Station 175,Belagavi,Karnataka,15.794471,74.477939,Tata Power,Private,IEC 60309 3-pin,7.2,30.59,CUST00419,Suresh Sharma,5.36,163.96,Debit Card
STN0471,EV Charging Station 471,Mumbai,Maharashtra,19.025701,72.875458,Tata Power,,Type 2,7.2,38.01,CUST00420,Lakshmi Sharma,5.04,191.57,Wallet
STN0250,EV Charging Station 250,Belagavi,Karnataka,,74.462449,ChargeZone,Commercial,Type 2,150,1392.65,CUST00421,Arun Reddy,2.5,3481.62,UPI
STN0235,EV Charging Station 235,Bengaluru,Karnataka,12.947921,77.582684,Jio-bp,Public,GB/T,7.2,51.36,CUST00422,Anjali Reddy,1.33,68.31,Debit Card
STN0425,EV Charging Station 425,Chennai,Tamil Nadu,13.130858,80.258861,ChargeZone,Public,Type 2,7.2,54.79,CUST00423,Akhil Reddy,7.01,384.08,Credit Card
STN0090,EV Charging Station 090,,Karnataka,12.984035,77.555772,ChargeZone,Commercial,CHAdeMO,3.3,,CUST00424,Amritha Reddy,2.33,47.76,UPI
STN0489,EV Charging Station 489,Chennai,Tamil Nadu,,80.272747,Jio-bp,Public,Type 2,11,46.21,CUST00425,Ravi Reddy,5.29,244.45,UPI
STN0144,EV Charging Station 144,Chennai,Tamil Nadu,13.109186,80.28715,Statiq,Public,CCS2,22,92.53,CUST00426,Priya Reddy,7.87,728.21,UPI
STN0097,EV Charging Station 097,Pune,Maharashtra,18.532836,73.857526,Statiq,Commercial,CCS2,11,104.77,CUST00427,Kiran Reddy,1.9,199.06,Credit Card
STN0136,EV Charging Station 136,Hubballi,Karnataka,15.36397,75.098327,Jio-bp,Public,GB/T,120,1126.92,CUST00428,Sneha Reddy,2.54,2862.38,UPI
STN0156,EV Charging Station 156,Bengaluru,Karnataka,12.944225,77.62513,Zeon Charging,Commercial,Type 2,120,490.07,CUST00429,Manoj Reddy,7.12,3489.3,Credit Card
STN0476,EV Charging Station 476,Pune,Maharashtra,18.548852,73.814964,Tata Power,Private,Type 2,120,778.27,CUST00430,Divya Reddy,1.65,,UPI
STN0088,EV Charging Station 088,Delhi,Delhi,28.565141,77.184405,,Public,CCS2,50,323.22,CUST00431,Suresh Reddy,2.52,814.51,Wallet
STN0438,EV Charging Station 438,Hyderabad,Telangana,17.414355,78.480738,ChargeZone,Private,Type 2,50,285.33,CUST00432,Lakshmi Reddy,6.12,1746.22,UPI
STN0025,EV Charging Station 025,Chennai,Tamil Nadu,13.105184,80.251102,Jio-bp,Private,CCS2,60,315.76,CUST00433,Arun Patil,2.55,805.19,Debit Card
STN0211,EV Charging Station 211,Belagavi,Karnataka,15.82218,74.492884,Zeon Charging,Commercial,GB/T,3.3,17.46,CUST00434,Anjali Patil,2.43,42.43,UPI
STN0375,EV Charging Station 375,Mumbai,Maharashtra,19.042359,72.880232,Jio-bp,Public,CCS2,120,654.32,CUST00435,Akhil Patil,4.54,2970.61,Debit Card
STN0340,EV Charging Station 340,Hubballi,Karnataka,15.356783,75.166654,Ather Grid,Public,CHAdeMO,50,371.1,CUST00436,Amritha Patil,7.3,2709.03,Wallet
STN0164,EV Charging Station 164,Pune,Maharashtra,18.520082,73.913604,ChargeZone,Public,Type 2,120,740.66,CUST00437,Ravi Patil,6.04,4473.59,Credit Card
STN0192,EV Charging Station 192,Hyderabad,Telangana,17.433283,,ChargeZone,Private,CHAdeMO,7.2,63.13,CUST00438,Priya Patil,4.57,288.5,Debit Card
STN0125,EV Charging Station 125,Bengaluru,Karnataka,13.008036,77.565171,Jio-bp,Public,Type 2,50,379.23,CUST00439,Kiran Patil,3.31,1255.25,Wallet
STN0468,EV Charging Station 468,Hyderabad,Telangana,17.330657,78.524305,Zeon Charging,Public,GB/T,30,197.65,CUST00440,Sneha Patil,1.17,231.25,UPI
STN0400,EV Charging Station 400,Delhi,Delhi,28.63294,77.219444,Statiq,Public,GB/T,22,200.85,CUST00441,Manoj Patil,4.03,809.43,Debit Card
STN0356,EV Charging Station 356,Kochi,Kerala,9.964711,76.224824,ChargeZone,Public,CCS2,,463.5,CUST00442,Divya Patil,2.49,1154.12,UPI
STN0436,EV Charging Station 436,Kochi,Kerala,9.923472,76.309033,Zeon Charging,Private,Type 2,150,1421.21,CUST00443,Suresh Patil,0.81,1151.18,Wallet
STN0467,EV Charging Station 467,Mumbai,Maharashtra,19.085379,72.854518,Tata Power,Private,GB/T,60,272.19,CUST00444,Lakshmi Patil,7.78,2117.64,Cash
STN0412,EV Charging Station 412,Hyderabad,Telangana,17.392937,78.587266,Jio-bp,Public,GB/T,11,,CUST00445,Arun Shetty,7.79,706.01,UPI
STN0262,EV Charging Station 262,Belagavi,Karnataka,15.839671,74.525983,Jio-bp,Public,Type 2,30,297.52,CUST00446,Anjali Shetty,5.43,1615.53,Credit Card
STN0275,EV Charging Station 275,Bengaluru,Karnataka,12.981501,77.584074,ChargeZone,Private,Type 2,60,467.7,CUST00447,Akhil Shetty,4.19,1959.66,Wallet
STN0023,EV Charging Station 023,Hubballi,Karnataka,15.376885,75.147547,ChargeZone,Public,CCS2,30,193.53,CUST00448,Amritha Shetty,7.6,1470.83,Debit Card
STN0344,EV Charging Station 344,Delhi,Delhi,28.570039,77.247037,ChargeZone,Public,CHAdeMO,150,1429.97,CUST00449,Ravi Shetty,7.33,10481.68,UPI
STN0253,EV Charging Station 253,Mysuru,Karnataka,12.295942,76.621625,Jio-bp,Public,Type 2,50,454.51,CUST00450,Priya Shetty,4.36,1981.66,Credit Card
STN0009,EV Charging Station 009,Chennai,Tamil Nadu,13.117504,80.228153,ChargeZone,Public,Type 2,120,671.25,CUST00451,Kiran Shetty,6.25,4195.31,Wallet
STN0049,EV Charging Station 049,Bengaluru,Karnataka,12.914665,77.556273,Zeon Charging,Private,CCS2,50,428.51,CUST00452,Sneha Shetty,2.84,,Credit Card
STN0296,EV Charging Station 296,Pune,Maharashtra,,73.808992,Tata Power,Commercial,Type 2,7.2,47.33,CUST00453,Manoj Shetty,2.89,136.78,UPI
STN0294,EV Charging Station 294,Kochi,Kerala,9.915519,76.24685,Jio-bp,Public,CCS2,22,,CUST00454,Divya Shetty,0.64,57.54,Debit Card
STN0153,EV Charging Station 153,Mysuru,Karnataka,,76.631607,Tata Power,Public,CCS2,120,601.5,CUST00455,Suresh Shetty,4.53,2724.8,Debit Card
STN0082,EV Charging Station 082,Mumbai,Maharashtra,19.080883,72.85681,Tata Power,Private,GB/T,60,445.64,CUST00456,Lakshmi Shetty,5.19,2312.87,UPI
STN0268,EV Charging Station 268,Delhi,Delhi,28.637415,,Ather Grid,Commercial,CHAdeMO,150,873.91,CUST00457,Arun Rao,2.52,2202.25,UPI
STN0108,EV Charging Station 108,Chennai,Tamil Nadu,,80.195297,Statiq,Public,CHAdeMO,30,136.87,CUST00458,Anjali Rao,5.72,782.9,UPI
STN0174,EV Charging Station 174,Belagavi,Karnataka,15.795906,74.447918,Jio-bp,Public,GB/T,7.2,55.44,CUST00459,Akhil Rao,7.58,420.24,Credit Card
STN0244,EV Charging Station 244,Belagavi,Karnataka,15.874434,74.426315,Ather Grid,Commercial,CCS2,120,943.66,CUST00460,Amritha Rao,0.99,934.22,UPI
STN0168,EV Charging Station 168,Hubballi,Karnataka,15.366135,75.090972,Tata Power,Commercial,CCS2,30,261.68,CUST00461,Ravi Rao,3.85,1007.47,Credit Card
STN0040,EV Charging Station 040,Mangaluru,Karnataka,12.912269,74.932992,Jio-bp,Commercial,Type 2,7.2,59.41,CUST00462,Priya Rao,5.35,317.84,UPI
STN0277,EV Charging Station 277,Hubballi,Karnataka,15.354471,75.094435,Jio-bp,Commercial,CCS2,120,721.34,CUST00463,Kiran Rao,6.03,4349.68,Credit Card
STN0419,EV Charging Station 419,Pune,Maharashtra,18.518186,73.867225,Ather Grid,Commercial,Type 2,7.2,33.92,CUST00464,Sneha Rao,1.59,,UPI
STN0035,EV Charging Station 035,Hyderabad,Telangana,17.436641,78.430024,Statiq,Public,Type 2,22,93.35,CUST00465,Manoj Rao,7.5,700.12,Wallet
STN0218,EV Charging Station 218,Belagavi,Karnataka,15.891491,74.513007,ChargeZone,Commercial,CCS2,7.2,65.52,CUST00466,Divya Rao,7.42,486.16,Wallet
STN0174,EV Charging Station 174,Hyderabad,Telangana,17.360064,78.479723,ChargeZone,Private,CCS2,60,281.44,CUST00467,Suresh Rao,1.11,312.4,Wallet
STN0207,EV Charging Station 207,Delhi,Delhi,28.642402,77.227902,Jio-bp,Public,Type 2,7.2,,CUST00468,Lakshmi Rao,3.74,122.75,UPI
STN0108,EV Charging Station 108,Bengaluru,Karnataka,13.014183,77.568555,Ather Grid,,CCS2,120,1052.32,CUST00469,Arun Iyer,6.65,6997.93,Credit Card
STN0248,EV Charging Station 248,Mysuru,Karnataka,12.278922,76.605891,Jio-bp,Public,,22,194.16,CUST00470,Anjali Iyer,7.85,1524.16,UPI
STN0212,EV Charging Station 212,Bengaluru,Karnataka,12.975305,77.606429,Statiq,Public,GB/T,50,434.89,CUST00471,Akhil Iyer,4.39,1909.17,
STN0253,EV Charging Station 253,Mangaluru,Karnataka,12.928083,74.87963,Jio-bp,Private,IEC 60309 3-pin,30,186.97,CUST00472,Amritha Iyer,1.04,194.45,UPI
STN0181,EV Charging Station 181,Belagavi,Karnataka,15.85836,74.507169,Jio-bp,Private,GB/T,22,174.1,CUST00473,Ravi Iyer,3.23,562.34,Wallet
STN0016,EV Charging Station 016,Pune,Maharashtra,18.530721,73.859399,Zeon Charging,Public,CCS2,22,101.42,CUST00474,Priya Iyer,4.18,423.94,Wallet
STN0324,EV Charging Station 324,Bengaluru,Karnataka,13.008487,77.623592,Jio-bp,Commercial,Type 2,30,274.71,CUST00475,Kiran Iyer,5.6,1538.38,Wallet
STN0390,EV Charging Station 390,Mumbai,Maharashtra,19.127048,72.866825,ChargeZone,Public,Type 2,30,204.3,CUST00476,Sneha Iyer,2.76,563.87,UPI
STN0029,EV Charging Station 029,Kochi,Kerala,9.899696,76.256916,ChargeZone,Public,CCS2,60,241.63,CUST00477,Manoj Iyer,7.61,1838.8,Cash
STN0473,EV Charging Station 473,Mangaluru,Karnataka,12.965951,74.84471,Ather Grid,Public,Type 2,7.2,65.56,CUST00478,Divya Iyer,0.72,47.2,Credit Card
STN0237,EV Charging Station 237,Mysuru,Karnataka,12.310931,76.65569,Ather Grid,Public,CHAdeMO,120,549.09,CUST00479,Suresh Iyer,6.69,3673.41,Cash
STN0179,EV Charging Station 179,Kochi,Kerala,9.879588,76.257509,Jio-bp,Public,IEC 60309 3-pin,7.2,30.55,CUST00480,Lakshmi Iyer,5.74,175.36,
STN0285,EV Charging Station 285,Belagavi,Karnataka,15.849623,74.448287,Tata Power,Public,CCS2,3.3,27.78,CUST00481,Arun Nair,0.74,20.56,Wallet
STN0029,EV Charging Station 029,Mysuru,Karnataka,12.35534,76.631795,ChargeZone,Public,Type 2,150,878.65,CUST00482,Anjali Nair,6.43,5649.72,UPI
STN0439,EV Charging Station 439,Kochi,Kerala,9.941927,76.334021,Tata Power,Public,CHAdeMO,11,89.7,CUST00483,Akhil Nair,7.54,676.34,Debit Card
STN0201,EV Charging Station 201,Mangaluru,Karnataka,12.959579,74.852083,Ather Grid,Private,Type 2,50,402.22,CUST00484,Amritha Nair,5.27,2119.7,Debit Card
STN0452,EV Charging Station 452,Bengaluru,Karnataka,12.958211,77.663147,ChargeZone,Private,CCS2,150,1260.24,CUST00485,Ravi Nair,2.8,3528.67,UPI
STN0398,EV Charging Station 398,Hyderabad,Telangana,17.390523,78.464634,Statiq,Commercial,GB/T,120,586.37,CUST00486,Priya Nair,2.98,1747.38,Credit Card
STN0368,EV Charging Station 368,Chennai,Tamil Nadu,13.062978,80.303756,Ather Grid,Public,GB/T,30,267.23,CUST00487,,2.9,774.97,Credit Card
STN0118,EV Charging Station 118,Pune,Maharashtra,18.507527,73.780468,Statiq,Private,Type 2,120,980.21,CUST00488,Sneha Nair,2.64,2587.75,UPI
STN0301,EV Charging Station 301,Bengaluru,Karnataka,12.920958,77.585547,Jio-bp,Commercial,Type 2,120,1147.45,CUST00489,Manoj Nair,2.11,2421.12,Credit Card
STN0336,EV Charging Station 336,Mysuru,Karnataka,12.313529,76.618106,Tata Power,Private,Type 2,22,142.56,CUST00490,Divya Nair,4.16,593.05,UPI
STN0042,EV Charging Station 042,Pune,Maharashtra,18.562244,73.832209,Tata Power,Commercial,CHAdeMO,11,62.67,CUST00491,Suresh Nair,4.67,292.67,UPI
STN0023,,Delhi,Delhi,28.643189,77.22259,Jio-bp,Public,IEC 60309 3-pin,120,985.96,CUST00492,Lakshmi Nair,2.96,2918.44,Wallet
STN0227,EV Charging Station 227,Delhi,Delhi,28.632874,77.257378,Statiq,Private,IEC 60309 3-pin,50,394.98,CUST00493,Arun Kumar,4.1,1619.42,UPI
STN0094,EV Charging Station 094,Mangaluru,Karnataka,12.992172,74.871805,Tata Power,Public,GB/T,7.2,66.48,CUST00494,Anjali Kumar,1.4,93.07,Debit Card
STN0338,EV Charging Station 338,Chennai,Tamil Nadu,13.099515,80.218171,Tata Power,Public,CCS2,7.2,71.27,CUST00495,Akhil Kumar,,199.56,Wallet
STN0123,EV Charging Station 123,Belagavi,Karnataka,,74.460114,Statiq,Private,CCS2,60,361.03,CUST00496,Amritha Kumar,4.09,1476.61,UPI
STN0065,EV Charging Station 065,Belagavi,Karnataka,15.891681,74.512255,ChargeZone,Public,CCS2,7.2,29.42,CUST00497,Ravi Kumar,4.27,125.62,Debit Card
STN0492,EV Charging Station 492,Chennai,Tamil Nadu,13.130387,80.274173,Statiq,Public,CCS2,7.2,64.73,CUST00498,Priya Kumar,1.14,73.79,UPI
STN0029,EV Charging Station 029,Belagavi,Karnataka,15.823152,74.502882,Ather Grid,Public,Type 2,120,1124.88,CUST00499,Kiran Kumar,4.8,5399.42,Credit Card
STN0039,EV Charging Station 039,Delhi,Delhi,28.505511,77.246433,Statiq,Private,CHAdeMO,150,716.23,CUST00500,Sneha Kumar,4.44,3180.06,UPI
STN0267,EV Charging Station 267,Bengaluru,Karnataka,12.949438,77.580244,Jio-bp,Public,CCS2,7.2,63.79,CUST00501,Manoj Kumar,4.95,315.76,UPI
STN0090,,,Karnataka,12.254677,76.713563,Ather Grid,Public,Type 2,7.2,40.35,CUST00502,Divya Kumar,5.42,218.7,Credit Card
STN0227,EV Charging Station 227,Kochi,Kerala,9.940141,76.247234,ChargeZone,Public,CCS2,60,308.18,CUST00503,Suresh Kumar,5.44,1676.5,Credit Card
STN0490,EV Charging Station 490,Mangaluru,Karnataka,12.882756,74.783741,Zeon Charging,Public,CCS2,120,665.24,CUST00504,Lakshmi Kumar,7.85,5222.13,Credit Card
STN0187,EV Charging Station 187,Belagavi,Karnataka,15.830317,74.406981,Zeon Charging,Private,Type 2,50,261.03,CUST00505,Arun Sharma,0.94,245.37,UPI
STN0095,EV Charging Station 095,Pune,Maharashtra,18.479883,73.818325,ChargeZone,Private,CCS2,150,690.54,CUST00506,Anjali Sharma,6.5,4488.51,Wallet
STN0092,,Kochi,Kerala,9.923048,76.301276,Zeon Charging,Commercial,IEC 60309 3-pin,7.2,,CUST00507,Akhil Sharma,1.98,111.83,Credit Card
STN0352,EV Charging Station 352,Mysuru,Karnataka,12.286053,76.621005,Ather Grid,Public,CHAdeMO,120,1065.56,CUST00508,Amritha Sharma,2.14,2280.3,Debit Card
STN0202,EV Charging Station 202,Mangaluru,Karnataka,12.908523,74.835706,Zeon Charging,Private,Type 2,7.2,52.64,CUST00509,Ravi Sharma,4.2,221.09,Debit Card
STN0398,EV Charging Station 398,Chennai,Tamil Nadu,13.151711,80.282634,ChargeZone,Private,Type 2,3.3,16.28,CUST00510,Priya Sharma,7.46,121.45,UPI
STN0405,EV Charging Station 405,Kochi,Kerala,9.908083,76.280688,Jio-bp,Public,IEC 60309 3-pin,7.2,46.68,CUST00511,Kiran Sharma,6.58,307.15,UPI
STN0038,EV Charging Station 038,Hubballi,Karnataka,15.322817,75.164805,Statiq,Commercial,CHAdeMO,30,228.02,CUST00512,Sneha Sharma,1.87,426.4,Cash
STN0407,EV Charging Station 407,Pune,Maharashtra,18.53437,73.871133,Tata Power,Public,Type 2,120,802.86,CUST00513,Manoj Sharma,2.04,1637.83,UPI
STN0170,EV Charging Station 170,Hubballi,Karnataka,15.357438,75.07403,Statiq,Public,Type 2,22,159.92,CUST00514,Divya Sharma,7.59,1213.79,UPI
STN0036,EV Charging Station 036,Bengaluru,Karnataka,12.921749,77.617863,ChargeZone,Public,Type 2,30,227.07,CUST00515,Suresh Sharma,3,681.21,Credit Card
STN0026,EV Charging Station 026,Chennai,Tamil Nadu,13.031126,80.230795,Tata Power,Public,CCS2,30,257.28,CUST00516,Lakshmi Sharma,3.34,859.32,UPI
STN0135,EV Charging Station 135,Mysuru,Karnataka,12.296797,76.647854,Jio-bp,Public,CCS2,11,,CUST00517,Arun Reddy,6.34,381.35,UPI
STN0362,EV Charging Station 362,Kochi,Kerala,9.959939,76.21551,Tata Power,Public,CHAdeMO,150,996.89,CUST00518,Anjali Reddy,2.89,2881.01,UPI
STN0415,EV Charging Station 415,Mysuru,Karnataka,12.289703,76.651643,Tata Power,Public,CCS2,11,81.98,CUST00519,Akhil Reddy,6.94,568.94,UPI
STN0269,EV Charging Station 269,Hyderabad,Telangana,17.370396,78.48954,Jio-bp,Private,CHAdeMO,22,118.95,CUST00520,Amritha Reddy,5.6,666.12,Wallet
STN0086,EV Charging Station 086,Pune,Maharashtra,18.517383,73.83604,Statiq,Public,CCS2,60,428.03,CUST00521,Ravi Reddy,1.94,830.38,UPI
STN0310,EV Charging Station 310,Chennai,Tamil Nadu,13.080433,80.238726,Ather Grid,Public,Type 2,150,1194.54,CUST00522,Priya Reddy,6,7167.24,Wallet
STN0362,EV Charging Station 362,Mysuru,Karnataka,12.304743,76.66731,Tata Power,Commercial,IEC 60309 3-pin,7.2,56.2,CUST00523,Kiran Reddy,2.6,146.12,Debit Card
STN0172,EV Charging Station 172,Delhi,Delhi,28.562932,77.189171,Tata Power,Public,CCS2,120,672.97,CUST00524,Sneha Reddy,4.13,2779.37,UPI
STN0048,EV Charging Station 048,Belagavi,Karnataka,15.866363,74.465117,ChargeZone,Private,Type 2,50,317.76,CUST00525,Manoj Reddy,5.45,1731.79,Credit Card
STN0401,EV Charging Station 401,Kochi,Kerala,9.895349,76.280604,ChargeZone,Public,CCS2,50,398.96,CUST00526,Divya Reddy,6.28,2505.47,UPI
STN0177,EV Charging Station 177,Kochi,Kerala,9.887901,,Tata Power,Public,CCS2,50,443.74,CUST00527,Suresh Reddy,4.58,2032.33,Credit Card
STN0238,EV Charging Station 238,Mumbai,Maharashtra,19.078505,72.858444,Statiq,Commercial,Type 2,150,994.92,CUST00528,Lakshmi Reddy,1.38,1372.99,Debit Card
STN0425,EV Charging Station 425,Belagavi,Karnataka,15.786063,74.498714,Statiq,Public,Type 2,60,500.03,CUST00529,Arun Patil,6.25,,Debit Card
STN0421,EV Charging Station 421,Bengaluru,Karnataka,12.950818,77.549959,Statiq,Public,CCS2,120,557.64,CUST00530,Anjali Patil,6.11,3407.18,Credit Card
STN0277,EV Charging Station 277,Mysuru,Karnataka,12.291451,76.644408,Jio-bp,Public,Type 2,7.2,49.66,CUST00531,Akhil Patil,6.9,342.65,UPI
STN0247,EV Charging Station 247,Chennai,Tamil Nadu,13.052746,80.247597,ChargeZone,Private,CCS2,22,204.33,CUST00532,Amritha Patil,0.7,143.03,Wallet
STN0096,EV Charging Station 096,Pune,Maharashtra,18.553796,73.815466,ChargeZone,Public,CCS2,22,146.52,CUST00533,Ravi Patil,5.62,823.44,UPI
STN0222,EV Charging Station 222,Mysuru,Karnataka,12.397839,76.610275,Ather Grid,Public,Type 2,30,206.28,CUST00534,Priya Patil,4.82,994.27,Cash
STN0410,EV Charging Station 410,Mysuru,Karnataka,12.309186,76.73055,ChargeZone,Public,CHAdeMO,30,269.49,CUST00535,Kiran Patil,5.15,1387.87,UPI
STN0215,EV Charging Station 215,Mysuru,Karnataka,12.290526,76.619988,Tata Power,Public,IEC 60309 3-pin,7.2,56.87,CUST00536,Sneha Patil,5.22,296.86,UPI
STN0209,EV Charging Station 209,Kochi,Kerala,9.917011,76.303748,Jio-bp,Public,CHAdeMO,30,156.77,CUST00537,Manoj Patil,5.44,852.83,Credit Card
STN0160,EV Charging Station 160,Mysuru,Karnataka,12.248507,76.716913,Jio-bp,Commercial,CCS2,50,461.15,CUST00538,Divya Patil,6.36,2932.91,Credit Card
STN0194,EV Charging Station 194,Bengaluru,Karnataka,12.904058,77.567788,Ather Grid,Private,CHAdeMO,22,198,CUST00539,Suresh Patil,5.45,1079.1,Debit Card
STN0215,EV Charging Station 215,Delhi,Delhi,28.584498,77.183214,Jio-bp,Public,Type 2,120,495.81,CUST00540,,2.99,1482.47,UPI
STN0270,EV Charging Station 270,Delhi,Delhi,28.588212,77.2419,Tata Power,Public,CCS2,11,55.5,CUST00541,Arun Shetty,3.65,202.58,UPI
STN0243,EV Charging Station 243,Chennai,Tamil Nadu,13.100669,80.297266,Statiq,Commercial,CCS2,7.2,67.47,CUST00542,Anjali Shetty,0.91,61.4,UPI
STN0475,EV Charging Station 475,Hubballi,Karnataka,15.324204,75.152979,Jio-bp,Public,Type 2,22,155.89,CUST00543,Akhil Shetty,6.34,988.34,Credit Card
STN0296,EV Charging Station 296,Kochi,Kerala,9.949816,76.300611,Zeon Charging,Public,CCS2,7.2,57.16,CUST00544,Amritha Shetty,1.11,63.45,UPI
STN0139,EV Charging Station 139,Mysuru,Karnataka,12.29452,,Jio-bp,Commercial,Type 2,60,599.38,CUST00545,Ravi Shetty,,3122.77,Debit Card
STN0343,EV Charging Station 343,Mysuru,Karnataka,12.33851,76.596185,ChargeZone,Public,CHAdeMO,11,106.07,CUST00546,Priya Shetty,1.3,137.89,Credit Card
STN0075,EV Charging Station 075,Hubballi,Karnataka,15.429024,75.125379,Tata Power,Public,CCS2,150,959.03,CUST00547,Kiran Shetty,3.5,3356.6,UPI
STN0468,EV Charging Station 468,Hyderabad,Telangana,17.373501,78.491545,Statiq,Public,CCS2,50,332.76,CUST00548,Sneha Shetty,5.99,1993.23,Credit Card
STN0232,EV Charging Station 232,Belagavi,,15.867075,74.486007,Tata Power,Public,GB/T,7.2,58.99,CUST00549,Manoj Shetty,4.49,264.87,UPI
STN0266,EV Charging Station 266,Delhi,Delhi,28.564995,77.256436,,Private,GB/T,7.2,67.34,CUST00550,Divya Shetty,6.6,444.44,Wallet
STN0239,EV Charging Station 239,Belagavi,Karnataka,15.870249,74.453052,,Private,GB/T,22,162.73,CUST00551,Suresh Shetty,7.26,1181.42,UPI
STN0487,EV Charging Station 487,Hyderabad,Telangana,17.467312,78.523641,Ather Grid,Private,CCS2,150,1169.91,CUST00552,Lakshmi Shetty,1.52,1778.26,UPI
STN0054,EV Charging Station 054,Hyderabad,Telangana,17.37507,78.471446,ChargeZone,Private,Type 2,22,155.73,CUST00553,Arun Rao,7.04,1096.34,Credit Card
STN0360,EV Charging Station 360,Mysuru,Karnataka,12.308014,76.659719,Tata Power,Commercial,Type 2,120,792.84,CUST00554,Anjali Rao,3.33,2640.16,UPI
STN0201,EV Charging Station 201,Bengaluru,Karnataka,12.971259,77.579926,Tata Power,Public,,30,156.28,CUST00555,Akhil Rao,6.29,983,Cash
STN0061,EV Charging Station 061,Mangaluru,Karnataka,12.917659,74.89621,Zeon Charging,Public,Type 2,11,44.76,CUST00556,Amritha Rao,7.78,348.23,UPI
STN0139,EV Charging Station 139,Hubballi,Karnataka,15.400964,75.130299,ChargeZone,Public,CCS2,11,89.79,CUST00557,Ravi Rao,1.1,98.77,Credit Card
STN0388,EV Charging Station 388,Mysuru,Karnataka,12.228099,76.658715,Zeon Charging,Public,CCS2,7.2,69.81,CUST00558,Priya Rao,3.95,275.75,UPI
STN0091,EV Charging Station 091,Mumbai,Maharashtra,19.067418,72.889639,Statiq,Public,Type 2,7.2,40.62,CUST00559,Kiran Rao,2.52,102.36,Credit Card
STN0408,EV Charging Station 408,Hubballi,Karnataka,15.364618,75.1209,Statiq,Private,CHAdeMO,22,149.84,CUST00560,Sneha Rao,1.11,166.32,UPI
STN0423,EV Charging Station 423,Belagavi,Karnataka,15.855551,74.496769,Ather Grid,Commercial,,120,799.39,CUST00561,Manoj Rao,1.92,1534.83,Wallet
STN0424,EV Charging Station 424,Hubballi,Karnataka,15.319485,75.1364,ChargeZone,Public,CCS2,7.2,42.74,CUST00562,Divya Rao,1.4,59.84,Credit Card
STN0215,EV Charging Station 215,Pune,Maharashtra,18.509269,73.885413,Zeon Charging,Public,CCS2,30,163.86,CUST00563,Suresh Rao,3.56,583.34,UPI
STN0152,EV Charging Station 152,Delhi,Delhi,28.639866,77.292304,Statiq,Commercial,CCS2,11,106.35,CUST00564,Lakshmi Rao,2.38,253.11,Credit Card
STN0301,EV Charging Station 301,Kochi,Kerala,9.91531,76.275799,Tata Power,Public,CCS2,7.2,69.47,CUST00565,Arun Iyer,7.19,499.49,Wallet
STN0214,EV Charging Station 214,,Tamil Nadu,13.084741,80.28426,Tata Power,Commercial,CCS2,150,793.44,CUST00566,Anjali Iyer,6.77,5371.59,
STN0148,EV Charging Station 148,Kochi,Kerala,9.997863,76.203847,Jio-bp,Private,CCS2,11,78.6,CUST00567,Akhil Iyer,2.32,182.35,Wallet
STN0415,EV Charging Station 415,Belagavi,Karnataka,15.794007,74.487303,Tata Power,Commercial,Type 2,50,365.01,CUST00568,Amritha Iyer,3.86,1408.94,Wallet
STN0395,EV Charging Station 395,Kochi,Kerala,10.008251,76.219492,Jio-bp,Public,Type 2,11,82.43,CUST00569,Ravi Iyer,7.73,637.18,Debit Card
STN0160,EV Charging Station 160,Belagavi,Karnataka,15.919466,74.462659,Jio-bp,Public,CHAdeMO,150,638,CUST00570,Priya Iyer,4.83,3081.54,Cash
STN0269,EV Charging Station 269,Mumbai,Maharashtra,19.077615,72.865572,ChargeZone,Public,CCS2,11,91.42,CUST00571,Kiran Iyer,6.33,578.69,UPI
STN0433,EV Charging Station 433,Mumbai,Maharashtra,19.017703,72.807809,Statiq,Public,Type 2,,100.03,CUST00572,Sneha Iyer,6.27,627.19,UPI
STN0075,EV Charging Station 075,Belagavi,Karnataka,15.802949,74.521338,ChargeZone,Public,IEC 60309 3-pin,120,743.39,CUST00573,Manoj Iyer,7.97,5924.82,Credit Card
STN0404,EV Charging Station 404,Chennai,Tamil Nadu,13.12795,80.274248,Ather Grid,Public,Type 2,7.2,37.71,CUST00574,Divya Iyer,1.67,62.98,Debit Card
STN0083,EV Charging Station 083,,Telangana,17.397062,78.480083,Statiq,Public,GB/T,30,149.3,CUST00575,Suresh Iyer,1.46,217.98,UPI
STN0062,EV Charging Station 062,Mangaluru,Karnataka,12.895636,74.875731,Ather Grid,Commercial,CCS2,60,312.09,CUST00576,Lakshmi Iyer,4.36,1360.71,UPI
STN0219,EV Charging Station 219,Delhi,Delhi,28.620597,77.244022,ChargeZone,Private,GB/T,120,698.82,CUST00577,Arun Nair,4.98,3480.12,Wallet
STN0004,EV Charging Station 004,Delhi,Delhi,28.624162,77.188113,Jio-bp,Public,CCS2,120,1020.53,CUST00578,Anjali Nair,0.8,816.42,UPI
STN0071,EV Charging Station 071,Mangaluru,,12.87466,74.879191,Jio-bp,Public,CCS2,60,514.75,CUST00579,Akhil Nair,2.92,1503.07,Debit Card
STN0267,EV Charging Station 267,Delhi,Delhi,28.583545,77.154478,Jio-bp,Public,CCS2,22,161.48,CUST00580,Amritha Nair,6.01,970.49,
STN0354,EV Charging Station 354,Mangaluru,Karnataka,12.879232,74.860904,ChargeZone,Public,CCS2,120,669.34,CUST00581,Ravi Nair,2.75,1840.69,UPI
STN0230,EV Charging Station 230,Belagavi,Karnataka,15.848925,74.517258,Jio-bp,Private,Type 2,7.2,33.57,CUST00582,,7.76,260.5,Credit Card
STN0092,EV Charging Station 092,Hubballi,Karnataka,15.343648,75.127218,Tata Power,Private,,30,205.86,CUST00583,Kiran Nair,1.57,323.2,UPI
STN0188,EV Charging Station 188,Belagavi,Karnataka,15.835232,74.585482,Tata Power,Public,Type 2,30,200.55,CUST00584,Sneha Nair,2.41,483.33,UPI
STN0434,EV Charging Station 434,Chennai,Tamil Nadu,13.097823,80.273478,ChargeZone,Public,Type 2,120,1138.79,CUST00585,Manoj Nair,3.18,3621.35,Credit Card
STN0493,EV Charging Station 493,Belagavi,Karnataka,15.916234,74.461231,Tata Power,Commercial,IEC 60309 3-pin,11,52.61,CUST00586,Divya Nair,4.94,259.89,Debit Card
STN0100,EV Charging Station 100,Delhi,Delhi,28.644963,77.182704,Jio-bp,Private,CCS2,7.2,39.67,CUST00587,Suresh Nair,2.8,111.08,UPI
STN0245,EV Charging Station 245,,Karnataka,12.962029,77.57256,ChargeZone,Private,Type 2,120,767.18,CUST00588,Lakshmi Nair,1.02,782.52,UPI
STN0303,EV Charging Station 303,Bengaluru,Karnataka,12.977788,77.558138,Zeon Charging,Private,CCS2,22,197.07,CUST00589,Arun Kumar,6.38,,Cash
STN0382,EV Charging Station 382,Delhi,Delhi,28.607675,77.241003,Jio-bp,Public,Type 2,11,79.07,CUST00590,Anjali Kumar,2.49,196.88,
STN0411,EV Charging Station 411,Kochi,Kerala,9.947472,76.229787,Statiq,Public,GB/T,30,296.18,CUST00591,Akhil Kumar,3.88,1149.18,UPI
STN0140,EV Charging Station 140,Mumbai,Maharashtra,19.085619,72.91989,ChargeZone,Commercial,CCS2,11,100.97,CUST00592,Amritha Kumar,1.14,115.11,Debit Card
STN0283,EV Charging Station 283,Bengaluru,Karnataka,12.974507,77.561642,ChargeZone,Private,Type 2,50,358.93,CUST00593,Ravi Kumar,3.18,1141.4,Debit Card
STN0245,EV Charging Station 245,Mysuru,Karnataka,12.259718,76.672753,Jio-bp,Public,IEC 60309 3-pin,30,236.4,CUST00594,Priya Kumar,1.3,307.32,Wallet
STN0152,EV Charging Station 152,Mumbai,Maharashtra,19.100061,72.876701,Tata Power,Public,IEC 60309 3-pin,50,214.58,CUST00595,Kiran Kumar,7.62,1635.1,UPI
STN0093,EV Charging Station 093,Mumbai,Maharashtra,19.054867,72.859361,Statiq,Public,Type 2,11,46.07,CUST00596,Sneha Kumar,5.99,275.96,Wallet
STN0103,EV Charging Station 103,Delhi,Delhi,28.613765,77.168341,Ather Grid,Public,GB/T,120,515.11,CUST00597,Manoj Kumar,4.55,2343.75,Debit Card
STN0382,EV Charging Station 382,Hubballi,Karnataka,15.405425,75.09051,Ather Grid,Commercial,Type 2,7.2,71.91,CUST00598,Divya Kumar,6.12,440.09,Wallet
STN0414,EV Charging Station 414,Mangaluru,Karnataka,12.89816,74.837109,Ather Grid,Commercial,CCS2,60,538.7,CUST00599,Suresh Kumar,2.22,1195.91,Credit Card
STN0422,EV Charging Station 422,Mangaluru,Karnataka,12.891102,74.847413,Statiq,Public,CCS2,30,294.13,CUST00600,Lakshmi Kumar,6.53,1920.67,UPI
STN0455,EV Charging Station 455,Pune,Maharashtra,18.472393,73.853509,Tata Power,Private,CCS2,11,101.74,CUST00601,Arun Sharma,0.96,97.67,Credit Card
STN0189,EV Charging Station 189,Bengaluru,Karnataka,12.943616,77.584431,,Public,CCS2,150,1269.22,CUST00602,Anjali Sharma,1.45,1840.37,Cash
STN0294,EV Charging Station 294,Bengaluru,Karnataka,12.973163,77.628017,Jio-bp,Private,IEC 60309 3-pin,50,340.41,CUST00603,Akhil Sharma,5.71,1943.74,UPI
STN0256,EV Charging Station 256,Mangaluru,Karnataka,12.876289,74.896523,Zeon Charging,Public,GB/T,30,263.27,CUST00604,Amritha Sharma,7.15,1882.38,UPI
STN0123,EV Charging Station 123,Chennai,Tamil Nadu,13.039675,80.337786,Statiq,Public,CCS2,30,213.54,CUST00605,Ravi Sharma,1.54,328.85,Credit Card
STN0425,EV Charging Station 425,Pune,Maharashtra,18.563707,,Tata Power,Commercial,CHAdeMO,22,154.66,CUST00606,Priya Sharma,3.42,528.94,Credit Card
STN0192,EV Charging Station 192,Mysuru,Karnataka,12.322653,76.675267,Ather Grid,Private,GB/T,3.3,31.9,CUST00607,Kiran Sharma,1.6,51.04,Cash
STN0388,EV Charging Station 388,Belagavi,Karnataka,15.79234,74.565738,Tata Power,Public,GB/T,11,48.52,CUST00608,Sneha Sharma,7.86,381.37,UPI
STN0410,EV Charging Station 410,Pune,Maharashtra,18.56114,73.849392,Zeon Charging,Public,CCS2,7.2,43.36,CUST00609,Manoj Sharma,5.76,249.75,Credit Card
STN0207,EV Charging Station 207,,Tamil Nadu,13.111354,80.22222,Statiq,Private,Type 2,60,259.94,CUST00610,Divya Sharma,4.02,1044.96,UPI
STN0485,EV Charging Station 485,Hubballi,Karnataka,15.347401,75.140418,Jio-bp,Private,GB/T,30,140.54,CUST00611,Suresh Sharma,3.45,484.86,Debit Card
STN0410,EV Charging Station 410,Belagavi,Karnataka,15.833356,74.57349,Tata Power,Private,CCS2,22,96.74,CUST00612,Lakshmi Sharma,2.96,286.35,UPI
STN0284,EV Charging Station 284,Chennai,Tamil Nadu,13.058924,80.22818,Jio-bp,Public,IEC 60309 3-pin,120,1198.69,CUST00613,Arun Reddy,3.27,3919.72,UPI
STN0488,EV Charging Station 488,Belagavi,Karnataka,15.841827,74.542574,Jio-bp,Public,GB/T,22,173.05,CUST00614,Anjali Reddy,2.08,359.94,UPI
STN0155,EV Charging Station 155,Hubballi,Karnataka,15.384281,75.141799,ChargeZone,Public,Type 2,50,,CUST00615,,4.93,1924.08,UPI
STN0002,EV Charging Station 002,Chennai,Tamil Nadu,13.01679,80.331558,Statiq,Commercial,Type 2,50,413.96,CUST00616,Amritha Reddy,3.79,1568.91,UPI
STN0430,EV Charging Station 430,Mumbai,Maharashtra,19.071692,72.820387,Jio-bp,Public,CCS2,30,199.11,CUST00617,Ravi Reddy,0.58,115.48,UPI
STN0341,EV Charging Station 341,Hyderabad,Telangana,17.445341,78.474451,Statiq,Public,CCS2,22,101.41,CUST00618,Priya Reddy,0.53,53.75,UPI
STN0221,EV Charging Station 221,Hubballi,Karnataka,15.416128,75.11641,Tata Power,Public,Type 2,7.2,36.11,CUST00619,Kiran Reddy,1.58,57.05,Credit Card
STN0080,EV Charging Station 080,Belagavi,Karnataka,15.806568,74.470733,Zeon Charging,Commercial,,11,94.67,CUST00620,Sneha Reddy,4.59,434.54,UPI
STN0302,EV Charging Station 302,Hyderabad,Telangana,17.418039,78.473436,Tata Power,Private,Type 2,120,827.55,CUST00621,Manoj Reddy,3.93,3252.27,UPI
STN0431,EV Charging Station 431,Pune,Maharashtra,18.540391,73.938074,Jio-bp,Public,Type 2,60,548.69,CUST00622,Divya Reddy,7.03,3857.29,Debit Card
STN0470,EV Charging Station 470,Delhi,Delhi,28.594486,77.276377,Statiq,Public,Type 2,150,1439.06,CUST00623,Suresh Reddy,1.24,1784.43,Credit Card
STN0250,EV Charging Station 250,Mangaluru,Karnataka,12.949369,74.840658,Tata Power,Commercial,CHAdeMO,120,1009.17,CUST00624,Lakshmi Reddy,3.53,3562.37,UPI
STN0046,EV Charging Station 046,Kochi,Kerala,9.939417,76.264061,Zeon Charging,Public,Type 2,50,492.26,CUST00625,Arun Patil,7.97,3923.31,Credit Card
STN0088,EV Charging Station 088,Kochi,Kerala,9.919087,76.274763,Zeon Charging,Public,CHAdeMO,30,198.87,CUST00626,Anjali Patil,4.5,894.92,UPI
STN0289,EV Charging Station 289,Mumbai,Maharashtra,19.117399,72.923564,ChargeZone,Commercial,,11,55.75,CUST00627,Akhil Patil,2.27,126.55,UPI
STN0148,EV Charging Station 148,Hyderabad,Telangana,17.352039,78.503425,ChargeZone,Public,CCS2,7.2,43.61,CUST00628,Amritha Patil,3.22,140.42,UPI
STN0433,EV Charging Station 433,Mysuru,Karnataka,12.300513,76.708737,Statiq,Private,Type 2,50,375.27,CUST00629,Ravi Patil,1.61,604.18,Credit Card
STN0164,EV Charging Station 164,Mumbai,Maharashtra,19.08618,72.889712,Statiq,Public,IEC 60309 3-pin,7.2,35.68,CUST00630,Priya Patil,0.74,26.4,UPI
STN0109,EV Charging Station 109,Chennai,Tamil Nadu,13.070626,80.234893,Jio-bp,Public,GB/T,30,201.68,CUST00631,Kiran Patil,0.52,104.87,Credit Card
STN0179,EV Charging Station 179,Bengaluru,Karnataka,12.968578,77.661016,Zeon Charging,Public,IEC 60309 3-pin,7.2,39.18,CUST00632,Sneha Patil,6.22,243.7,Debit Card
STN0461,EV Charging Station 461,Chennai,Tamil Nadu,13.066821,80.264408,Ather Grid,Private,Type 2,22,171.6,CUST00633,Manoj Patil,7.26,1245.82,Debit Card
STN0235,EV Charging Station 235,Belagavi,Karnataka,15.895188,74.430464,Statiq,Public,Type 2,7.2,54.11,CUST00634,Divya Patil,7.17,387.97,Debit Card
STN0077,EV Charging Station 077,Delhi,Delhi,28.594387,77.262177,Jio-bp,Public,CCS2,30,256.36,CUST00635,Suresh Patil,1.07,274.31,Debit Card
STN0056,EV Charging Station 056,Hubballi,Karnataka,15.343336,75.164604,Tata Power,Private,Type 2,,102.39,CUST00636,Lakshmi Patil,7.37,754.61,UPI
STN0344,EV Charging Station 344,Delhi,Delhi,28.555466,77.223222,Statiq,Private,,7.2,47.77,CUST00637,Arun Shetty,7.16,342.03,Debit Card
STN0129,EV Charging Station 129,Belagavi,Karnataka,15.848511,74.582703,Statiq,Public,Type 2,120,1156.26,CUST00638,Anjali Shetty,5.27,6093.49,UPI
STN0226,EV Charging Station 226,Kochi,Kerala,9.957616,76.26132,ChargeZone,Public,CCS2,22,169.47,CUST00639,Akhil Shetty,5.3,898.19,UPI
STN0241,EV Charging Station 241,Mumbai,Maharashtra,19.046878,72.888713,ChargeZone,Public,CCS2,120,499.12,CUST00640,Amritha Shetty,5.03,,Credit Card
STN0186,EV Charging Station 186,Kochi,,9.909214,76.223395,Statiq,Public,Type 2,7.2,54.67,CUST00641,Ravi Shetty,2.35,128.47,UPI
STN0448,EV Charging Station 448,Mysuru,Karnataka,12.355617,76.636828,Zeon Charging,Public,CCS2,11,55.02,CUST00642,Priya Shetty,6.68,367.53,UPI
STN0118,EV Charging Station 118,Kochi,Kerala,9.954251,76.308052,ChargeZone,Private,Type 2,22,172.72,CUST00643,Kiran Shetty,3.28,566.52,UPI
STN0263,EV Charging Station 263,Mysuru,Karnataka,12.296076,76.66219,Jio-bp,Public,Type 2,50,253.35,CUST00644,Sneha Shetty,2.89,732.18,UPI
STN0106,EV Charging Station 106,Hubballi,Karnataka,15.342978,75.088994,Tata Power,Public,CHAdeMO,11,66.26,CUST00645,Manoj Shetty,4,265.04,Credit Card
STN0010,EV Charging Station 010,Hyderabad,Telangana,17.397042,78.491011,Ather Grid,Public,CCS2,50,323.29,CUST00646,Divya Shetty,0.78,252.17,Cash
STN0009,EV Charging Station 009,Mangaluru,Karnataka,12.869264,74.878543,Statiq,Public,CCS2,22,216.77,CUST00647,Suresh Shetty,5.49,1190.07,Credit Card
STN0235,EV Charging Station 235,Delhi,Delhi,28.602261,77.188062,ChargeZone,Public,CCS2,7.2,55.06,CUST00648,Lakshmi Shetty,7.82,430.57,UPI
STN0061,EV Charging Station 061,Belagavi,Karnataka,15.878612,74.487205,ChargeZone,Public,CCS2,22,94.18,CUST00649,Arun Rao,4.53,426.64,Credit Card
STN0447,EV Charging Station 447,Chennai,Tamil Nadu,13.0279,80.243857,Jio-bp,Private,CCS2,22,140.42,CUST00650,Anjali Rao,4.54,637.51,Debit Card
STN0486,EV Charging Station 486,Bengaluru,Karnataka,,77.564351,Ather Grid,Private,CCS2,120,666.42,CUST00651,Akhil Rao,6.06,4038.51,UPI
STN0059,EV Charging Station 059,Delhi,Delhi,28.603465,77.24869,Jio-bp,Public,GB/T,7.2,49.33,CUST00652,Amritha Rao,6.75,332.98,Credit Card
STN0006,EV Charging Station 006,Hubballi,Karnataka,15.357181,75.040432,Statiq,Public,CCS2,11,48.74,CUST00653,,4.41,214.94,UPI
STN0061,EV Charging Station 061,Delhi,Delhi,28.557888,77.201736,Tata Power,Private,CCS2,30,273.7,CUST00654,Priya Rao,4.11,1124.91,UPI
STN0349,EV Charging Station 349,Pune,Maharashtra,18.535154,73.919922,Zeon Charging,Public,IEC 60309 3-pin,22,196.08,CUST00655,Kiran Rao,5.66,1109.81,UPI
STN0256,EV Charging Station 256,Mysuru,Karnataka,12.302625,,ChargeZone,Public,GB/T,30,199.61,CUST00656,Sneha Rao,3.98,794.45,Debit Card
STN0243,EV Charging Station 243,Kochi,Kerala,9.955759,76.240721,Ather Grid,Public,Type 2,120,1113.09,CUST00657,Manoj Rao,1.26,1402.49,UPI
STN0179,EV Charging Station 179,Kochi,Kerala,9.947035,76.240838,Jio-bp,Public,CHAdeMO,150,908.21,CUST00658,Divya Rao,0.75,681.16,Wallet
STN0027,EV Charging Station 027,Hyderabad,Telangana,17.401527,78.487471,Ather Grid,Commercial,IEC 60309 3-pin,50,299.98,CUST00659,Suresh Rao,4.47,1340.91,UPI
STN0237,EV Charging Station 237,Belagavi,Karnataka,15.863544,74.484341,Ather Grid,Public,CCS2,3.3,22.52,CUST00660,Lakshmi Rao,6.05,136.25,Credit Card
STN0367,EV Charging Station 367,Mumbai,Maharashtra,19.062307,72.898913,Jio-bp,Public,IEC 60309 3-pin,7.2,56.88,CUST00661,Arun Iyer,6.67,379.39,Credit Card
STN0409,EV Charging Station 409,Mysuru,Karnataka,12.268929,76.649103,Jio-bp,Public,Type 2,60,357.66,CUST00662,Anjali Iyer,6.2,2217.49,Debit Card
STN0326,EV Charging Station 326,Mumbai,Maharashtra,19.054254,72.831853,Ather Grid,Private,GB/T,50,287.12,CUST00663,Akhil Iyer,5.22,1498.77,Credit Card
STN0184,EV Charging Station 184,Bengaluru,Karnataka,13.009651,77.627053,Tata Power,Public,CHAdeMO,50,232.13,CUST00664,Amritha Iyer,5.38,1248.86,Debit Card
STN0115,EV Charging Station 115,Mysuru,Karnataka,12.309793,76.627954,Jio-bp,Commercial,IEC 60309 3-pin,120,1188.65,CUST00665,Ravi Iyer,6.1,7250.76,Credit Card
STN0305,EV Charging Station 305,Mangaluru,Karnataka,12.93213,74.861574,Statiq,Public,Type 2,11,98.91,CUST00666,Priya Iyer,2.85,281.89,Credit Card
STN0376,EV Charging Station 376,Chennai,,13.091214,,Tata Power,Commercial,CCS2,11,52.62,CUST00667,Kiran Iyer,0.69,36.31,UPI
STN0233,EV Charging Station 233,Hyderabad,Telangana,17.375414,78.519904,Ather Grid,Commercial,Type 2,50,300.62,CUST00668,Sneha Iyer,7.92,2380.91,UPI
STN0261,EV Charging Station 261,Hyderabad,Telangana,17.356009,78.467984,ChargeZone,Public,CCS2,60,475.19,CUST00669,Manoj Iyer,3.86,1834.23,Credit Card
STN0006,EV Charging Station 006,Chennai,Tamil Nadu,13.081376,80.326256,Tata Power,Public,CCS2,30,205.72,CUST00670,Divya Iyer,1.74,357.95,UPI
STN0057,EV Charging Station 057,Bengaluru,,13.000655,77.576066,Zeon Charging,Private,Type 2,3.3,28.59,CUST00671,Suresh Iyer,3.82,109.21,UPI
STN0295,EV Charging Station 295,Bengaluru,Karnataka,12.979587,77.622742,Statiq,Public,IEC 60309 3-pin,150,931.77,CUST00672,Lakshmi Iyer,0.69,642.92,UPI
STN0156,EV Charging Station 156,Mysuru,Karnataka,12.354648,76.640309,Tata Power,Public,IEC 60309 3-pin,22,112.09,CUST00673,Arun Nair,1.85,207.37,UPI
STN0390,EV Charging Station 390,Hubballi,Karnataka,,75.127695,Statiq,Public,CHAdeMO,150,1422.05,CUST00674,Anjali Nair,7.12,10125,UPI
STN0141,EV Charging Station 141,Pune,Maharashtra,18.509948,73.904947,Ather Grid,Private,Type 2,30,172.71,CUST00675,Akhil Nair,6.28,1084.62,Credit Card
STN0195,EV Charging Station 195,,Karnataka,12.929631,74.783084,ChargeZone,Public,CCS2,7.2,43.98,CUST00676,Amritha Nair,0.77,33.86,UPI
STN0427,EV Charging Station 427,Delhi,Delhi,28.653661,77.213882,Statiq,Public,CHAdeMO,22,143.25,CUST00677,Ravi Nair,1.24,177.63,Wallet
STN0238,EV Charging Station 238,Mumbai,Maharashtra,19.07181,72.845946,Tata Power,Public,Type 2,7.2,53.18,CUST00678,Priya Nair,3.71,197.3,UPI
STN0036,EV Charging Station 036,Kochi,Kerala,9.852958,76.297569,ChargeZone,Public,IEC 60309 3-pin,7.2,53.08,CUST00679,Kiran Nair,3.17,168.26,Credit Card
STN0277,EV Charging Station 277,Belagavi,Karnataka,15.883437,74.527105,Zeon Charging,Public,Type 2,11,88.92,CUST00680,Sneha Nair,5.33,473.94,UPI
STN0454,EV Charging Station 454,Pune,Maharashtra,18.545262,73.839498,ChargeZone,Public,Type 2,7.2,61.47,CUST00681,Manoj Nair,6.18,379.88,Credit Card
STN0159,EV Charging Station 159,Pune,Maharashtra,18.525949,73.767704,Tata Power,Public,IEC 60309 3-pin,50,282.45,CUST00682,Divya Nair,3.88,1095.91,Debit Card
STN0409,EV Charging Station 409,Mysuru,Karnataka,12.305983,76.66384,Jio-bp,Public,Type 2,,37.85,CUST00683,Suresh Nair,5.09,192.66,UPI
STN0354,EV Charging Station 354,Mumbai,Maharashtra,19.116634,72.888693,,Commercial,IEC 60309 3-pin,150,1084.08,CUST00684,Lakshmi Nair,3.77,4086.98,Wallet
STN0142,EV Charging Station 142,Kochi,Kerala,9.938346,76.243889,,Commercial,Type 2,30,299.43,CUST00685,Arun Kumar,1.98,592.87,UPI
STN0258,EV Charging Station 258,,Delhi,28.620169,77.231043,Ather Grid,Public,Type 2,30,181.32,CUST00686,Anjali Kumar,7.53,1365.34,Credit Card
STN0135,EV Charging Station 135,Mysuru,Karnataka,12.221603,76.663627,Zeon Charging,Commercial,CHAdeMO,11,57.78,CUST00687,Akhil Kumar,3.73,215.52,UPI
STN0266,EV Charging Station 266,Bengaluru,Karnataka,12.974636,77.548543,ChargeZone,Public,IEC 60309 3-pin,7.2,51.36,CUST00688,Amritha Kumar,1.29,66.25,Credit Card
STN0192,EV Charging Station 192,Chennai,Tamil Nadu,13.09845,80.298313,Zeon Charging,Private,Type 2,30,236.84,CUST00689,Ravi Kumar,5.82,1378.41,UPI
STN0036,EV Charging Station 036,Mumbai,Maharashtra,19.056986,72.923786,Tata Power,Private,CCS2,,549.29,CUST00690,Priya Kumar,2.84,1559.98,UPI
STN0005,EV Charging Station 005,Hyderabad,Telangana,17.373774,78.48407,Tata Power,Public,CHAdeMO,22,,CUST00691,Kiran Kumar,3.29,569.43,UPI
STN0360,EV Charging Station 360,Mumbai,Maharashtra,19.011542,72.879191,ChargeZone,Public,CCS2,22,184.62,CUST00692,Sneha Kumar,5.17,954.49,Debit Card
STN0361,EV Charging Station 361,Mysuru,Karnataka,12.250113,76.626838,Zeon Charging,Public,IEC 60309 3-pin,50,375.57,CUST00693,Manoj Kumar,6.23,2339.8,UPI
STN0068,EV Charging Station 068,Mangaluru,Karnataka,12.901727,74.814436,ChargeZone,Public,GB/T,7.2,31.73,CUST00694,Divya Kumar,3.47,110.1,UPI
STN0356,EV Charging Station 356,Kochi,Kerala,9.913938,76.29594,Jio-bp,Public,CCS2,50,392.96,CUST00695,Suresh Kumar,7.48,2939.34,Credit Card
STN0054,EV Charging Station 054,Pune,Maharashtra,18.604826,73.925738,ChargeZone,Public,CCS2,7.2,70.47,CUST00696,Lakshmi Kumar,7.24,510.2,Credit Card
STN0436,EV Charging Station 436,Mysuru,Karnataka,,76.60489,Jio-bp,Commercial,CCS2,3.3,18.84,CUST00697,Arun Sharma,7.85,147.89,Credit Card
STN0459,EV Charging Station 459,Hyderabad,Telangana,17.362091,78.471804,Jio-bp,Public,CHAdeMO,7.2,50.23,CUST00698,Anjali Sharma,6.99,351.11,UPI
STN0129,EV Charging Station 129,Belagavi,Karnataka,15.861876,74.528047,Jio-bp,Public,GB/T,7.2,31.8,CUST00699,Akhil Sharma,6.95,221.01,Cash
STN0279,EV Charging Station 279,Bengaluru,Karnataka,13.004445,77.579286,Jio-bp,Public,CCS2,30,221.85,CUST00700,Amritha Sharma,0.98,217.41,UPI
STN0460,EV Charging Station 460,Hyderabad,Telangana,17.36346,78.555325,Jio-bp,Public,Type 2,120,827.36,CUST00701,Ravi Sharma,7.73,,Credit Card
STN0465,EV Charging Station 465,Mangaluru,Karnataka,12.965267,74.906371,Statiq,Private,GB/T,7.2,43.88,CUST00702,Priya Sharma,3.05,133.83,Credit Card
STN0328,EV Charging Station 328,Chennai,Tamil Nadu,13.076789,80.269598,Zeon Charging,Commercial,Type 2,50,307.9,CUST00703,Kiran Sharma,7.2,2216.88,UPI
STN0172,EV Charging Station 172,Pune,Maharashtra,18.572384,73.90427,Ather Grid,Public,CCS2,30,155.19,CUST00704,Sneha Sharma,0.72,,Cash
STN0451,EV Charging Station 451,Chennai,Tamil Nadu,12.99517,80.268292,Statiq,Public,Type 2,30,267.64,CUST00705,Manoj Sharma,1.89,505.84,Wallet
STN0106,EV Charging Station 106,Mangaluru,Karnataka,12.922249,74.873789,ChargeZone,Public,IEC 60309 3-pin,120,868.05,CUST00706,Divya Sharma,2.67,2317.69,Wallet
STN0112,EV Charging Station 112,Mangaluru,Karnataka,12.907147,74.866627,ChargeZone,Private,GB/T,60,274.49,CUST00707,Suresh Sharma,1.71,469.38,UPI
STN0312,EV Charging Station 312,,Karnataka,12.945574,77.658889,Tata Power,Public,IEC 60309 3-pin,11,104.02,CUST00708,Lakshmi Sharma,6.42,667.81,Credit Card
STN0077,EV Charging Station 077,Delhi,Delhi,28.598485,77.146427,ChargeZone,Public,Type 2,120,980.46,CUST00709,Arun Reddy,7.37,7225.99,UPI
STN0406,EV Charging Station 406,Mysuru,Karnataka,12.308899,76.681944,Ather Grid,Public,CCS2,50,297.92,CUST00710,Anjali Reddy,5.38,1602.81,Credit Card
STN0280,EV Charging Station 280,Mumbai,Maharashtra,19.050828,72.842831,Jio-bp,Public,GB/T,,623.03,CUST00711,Akhil Reddy,7.92,4934.4,Credit Card
STN0008,EV Charging Station 008,Mumbai,Maharashtra,19.09402,72.889754,Statiq,Private,CCS2,50,329.95,CUST00712,Amritha Reddy,1.57,518.02,Wallet
STN0301,EV Charging Station 301,Belagavi,Karnataka,15.867244,74.485699,Tata Power,Public,CCS2,22,127.04,CUST00713,Ravi Reddy,6.26,795.27,Debit Card
STN0003,EV Charging Station 003,Mangaluru,Karnataka,12.921378,74.859876,Tata Power,Public,IEC 60309 3-pin,7.2,41.44,CUST00714,Priya Reddy,1.18,48.9,Debit Card
STN0403,EV Charging Station 403,Kochi,Kerala,9.940879,76.270492,Tata Power,Public,CCS2,30,150.43,CUST00715,Kiran Reddy,0.53,79.73,UPI
STN0176,EV Charging Station 176,Delhi,Delhi,28.610682,77.134751,Tata Power,Private,IEC 60309 3-pin,120,520.6,CUST00716,Sneha Reddy,2.5,1301.5,Debit Card
STN0295,EV Charging Station 295,Mysuru,Karnataka,12.303725,76.648529,Jio-bp,Public,,,428.63,CUST00717,Manoj Reddy,4.21,1804.53,Debit Card
STN0425,EV Charging Station 425,Pune,Maharashtra,18.563939,73.851907,Ather Grid,Commercial,Type 2,22,116.61,CUST00718,Divya Reddy,1.01,117.78,Wallet
STN0283,EV Charging Station 283,Delhi,Delhi,28.711583,77.237845,Zeon Charging,Public,CCS2,120,1088.13,CUST00719,Suresh Reddy,3.47,3775.81,UPI
STN0284,EV Charging Station 284,Mysuru,Karnataka,12.256957,76.631683,Tata Power,Private,Type 2,22,208.15,CUST00720,Lakshmi Reddy,2.26,470.42,Credit Card
STN0263,EV Charging Station 263,Mumbai,Maharashtra,19.102658,,Tata Power,Private,GB/T,7.2,71.07,CUST00721,Arun Patil,0.87,61.83,Debit Card
STN0477,EV Charging Station 477,Delhi,Delhi,28.662109,77.207178,,,,120,1139.2,CUST00722,Anjali Patil,7.95,9056.64,Credit Card
STN0280,EV Charging Station 280,Mangaluru,Karnataka,,74.884414,Statiq,Public,Type 2,30,167.42,CUST00723,Akhil Patil,3.19,534.07,Credit Card
STN0077,EV Charging Station 077,Mangaluru,Karnataka,12.907199,74.913431,Ather Grid,Public,CCS2,7.2,67.14,CUST00724,Amritha Patil,5.54,371.96,UPI
STN0232,EV Charging Station 232,Mysuru,Karnataka,12.334924,76.651508,Tata Power,Public,CCS2,7.2,53.35,CUST00725,Ravi Patil,1.61,85.89,Credit Card
STN0004,EV Charging Station 004,Kochi,Kerala,9.929253,76.308634,Ather Grid,Public,Type 2,7.2,31.84,CUST00726,Priya Patil,5.63,179.26,UPI
STN0218,EV Charging Station 218,Pune,Maharashtra,18.541138,73.868492,Zeon Charging,Public,CHAdeMO,60,557.86,CUST00727,Kiran Patil,3.67,2047.35,UPI
STN0178,EV Charging Station 178,Bengaluru,Karnataka,12.945562,77.564273,Ather Grid,Commercial,Type 2,11,57.61,CUST00728,Sneha Patil,7.87,453.39,UPI
STN0142,EV Charging Station 142,Pune,Maharashtra,18.555535,73.899451,Statiq,Public,IEC 60309 3-pin,30,269.64,CUST00729,Manoj Patil,7.35,1981.85,Credit Card
STN0043,EV Charging Station 043,Mangaluru,Karnataka,12.912118,74.85636,Tata Power,Public,CCS2,7.2,43.79,CUST00730,Divya Patil,5.61,245.66,UPI
STN0271,EV Charging Station 271,Pune,Maharashtra,18.566425,73.82731,Ather Grid,Public,Type 2,120,986.45,CUST00731,Suresh Patil,7.79,7684.45,UPI
STN0400,EV Charging Station 400,Mumbai,Maharashtra,19.056911,72.773097,ChargeZone,,CCS2,150,1176.82,CUST00732,Lakshmi Patil,6.25,7355.12,UPI
STN0088,EV Charging Station 088,Pune,Maharashtra,18.493863,73.846678,Statiq,Public,Type 2,150,1484.77,CUST00733,Arun Shetty,6.94,10304.3,UPI
STN0087,EV Charging Station 087,Mysuru,Karnataka,12.297041,76.621999,Tata Power,Private,Type 2,30,211.36,CUST00734,Anjali Shetty,6.41,1354.82,Credit Card
STN0019,EV Charging Station 019,Mumbai,Maharashtra,19.111761,72.859232,Ather Grid,Public,CCS2,50,450.26,CUST00735,Akhil Shetty,6.37,2868.16,Debit Card
STN0012,EV Charging Station 012,Bengaluru,Karnataka,12.918715,77.580856,Jio-bp,Private,Type 2,7.2,63.94,CUST00736,Amritha Shetty,3.32,212.28,UPI
STN0087,EV Charging Station 087,Pune,Maharashtra,18.535185,73.861212,Zeon Charging,Commercial,CCS2,50,344.74,CUST00737,Ravi Shetty,5.61,1933.99,Debit Card
STN0433,EV Charging Station 433,Mysuru,Karnataka,12.30873,76.595458,Statiq,Public,Type 2,120,548.34,CUST00738,Priya Shetty,5.21,2856.85,Credit Card
STN0183,EV Charging Station 183,Belagavi,Karnataka,15.821913,74.438316,Jio-bp,Public,,60,497.9,CUST00739,Kiran Shetty,1.76,876.3,Debit Card
STN0051,EV Charging Station 051,Mumbai,Maharashtra,19.04472,72.888634,Statiq,Public,CCS2,30,181.09,CUST00740,Sneha Shetty,4.69,849.31,Credit Card
STN0150,EV Charging Station 150,Chennai,Tamil Nadu,13.057494,80.305664,ChargeZone,Private,CCS2,,1168,CUST00741,Manoj Shetty,6.92,8082.56,Credit Card
STN0208,EV Charging Station 208,Belagavi,Karnataka,15.856209,74.430528,Statiq,Public,GB/T,3.3,15.11,CUST00742,Divya Shetty,4.54,68.6,Credit Card
STN0047,EV Charging Station 047,,Telangana,17.443957,78.483331,Jio-bp,Public,IEC 60309 3-pin,30,,CUST00743,Suresh Shetty,4.38,855.2,Credit Card
STN0295,EV Charging Station 295,Pune,Maharashtra,18.458081,73.916915,Jio-bp,Public,Type 2,22,94.36,CUST00744,Lakshmi Shetty,1.76,166.07,Wallet
STN0165,EV Charging Station 165,Chennai,Tamil Nadu,13.071398,80.253051,ChargeZone,Commercial,CCS2,7.2,54.34,CUST00745,Arun Rao,2.39,129.87,UPI
STN0281,EV Charging Station 281,Kochi,Kerala,9.951536,76.264854,Jio-bp,Commercial,IEC 60309 3-pin,7.2,52.11,CUST00746,Anjali Rao,4.63,241.27,Debit Card
STN0409,EV Charging Station 409,Chennai,Tamil Nadu,13.031964,80.330167,ChargeZone,Private,CHAdeMO,7.2,57.94,CUST00747,Akhil Rao,3.36,194.68,UPI
STN0383,EV Charging Station 383,Kochi,Kerala,9.879565,76.295101,Jio-bp,Public,Type 2,,492.26,CUST00748,Amritha Rao,6.3,3101.24,UPI
STN0157,EV Charging Station 157,Pune,Maharashtra,18.528535,73.873627,Zeon Charging,Public,Type 2,22,151.11,CUST00749,Ravi Rao,1.74,262.93,UPI
STN0339,EV Charging Station 339,Belagavi,Karnataka,15.843667,74.544691,ChargeZone,Public,IEC 60309 3-pin,50,490.57,CUST00750,Priya Rao,5.85,2869.83,Credit Card
STN0153,EV Charging Station 153,Mysuru,Karnataka,12.293172,76.660499,Jio-bp,Public,CHAdeMO,7.2,48.66,CUST00751,Kiran Rao,2.53,123.11,Debit Card
STN0194,EV Charging Station 194,Mangaluru,Karnataka,12.883613,74.809684,Statiq,Public,IEC 60309 3-pin,60,364.07,CUST00752,Sneha Rao,3.34,1215.99,UPI
STN0409,EV Charging Station 409,Bengaluru,Karnataka,13.039025,77.581678,Tata Power,Public,CCS2,7.2,36.36,CUST00753,Manoj Rao,1.06,38.54,UPI
STN0356,EV Charging Station 356,Belagavi,Karnataka,15.800472,74.486695,,Commercial,CCS2,150,1248.51,CUST00754,Divya Rao,5.16,6442.31,Debit Card
STN0500,EV Charging Station 500,Bengaluru,Karnataka,12.951091,77.59096,Tata Power,Public,Type 2,11,91.91,CUST00755,Suresh Rao,1.43,131.43,UPI
STN0500,EV Charging Station 500,Pune,Maharashtra,18.578128,73.793932,Zeon Charging,Public,CCS2,60,243.26,CUST00756,Lakshmi Rao,4.1,997.37,UPI
STN0316,EV Charging Station 316,Hubballi,Karnataka,15.406537,75.1078,Tata Power,Public,Type 2,150,800.75,CUST00757,Arun Iyer,0.6,480.45,Credit Card
STN0449,EV Charging Station 449,Delhi,Delhi,28.640766,77.163045,ChargeZone,Private,CCS2,50,478.27,CUST00758,Anjali Iyer,1.68,803.49,Debit Card
STN0491,EV Charging Station 491,Mangaluru,Karnataka,12.944662,74.852992,Jio-bp,Public,CHAdeMO,22,164.58,CUST00759,Akhil Iyer,7.99,1314.99,Debit Card
STN0015,EV Charging Station 015,Pune,Maharashtra,18.524265,73.863669,ChargeZone,Private,Type 2,150,1182.77,CUST00760,Amritha Iyer,4.98,5890.19,Credit Card
STN0080,EV Charging Station 080,Belagavi,Karnataka,15.812979,74.525791,Ather Grid,Commercial,IEC 60309 3-pin,120,724.87,CUST00761,Ravi Iyer,2.85,2065.88,Wallet
STN0138,EV Charging Station 138,Mysuru,Karnataka,12.314508,76.631319,ChargeZone,Commercial,GB/T,120,838.47,CUST00762,Priya Iyer,1.88,1576.32,Debit Card
STN0232,EV Charging Station 232,Pune,Maharashtra,18.535413,73.844814,ChargeZone,Commercial,Type 2,50,441.06,CUST00763,Kiran Iyer,4.67,2059.75,Credit Card
STN0320,EV Charging Station 320,Mysuru,Karnataka,12.261392,76.660195,Tata Power,Public,IEC 60309 3-pin,150,1155.76,CUST00764,Sneha Iyer,1.82,2103.48,UPI
STN0238,EV Charging Station 238,Hyderabad,Telangana,17.381403,78.480227,ChargeZone,Public,CCS2,60,539.4,CUST00765,Manoj Iyer,1.67,900.8,UPI
STN0174,EV Charging Station 174,Mangaluru,Karnataka,12.909482,74.859424,Jio-bp,Public,CCS2,50,472.63,CUST00766,Divya Iyer,6.75,3190.25,Credit Card
STN0365,EV Charging Station 365,Bengaluru,Karnataka,12.999714,77.600134,Ather Grid,Commercial,IEC 60309 3-pin,120,951.25,CUST00767,Suresh Iyer,0.82,780.02,UPI
STN0131,EV Charging Station 131,Bengaluru,Karnataka,12.997713,77.580021,Ather Grid,Public,GB/T,11,101.25,CUST00768,Lakshmi Iyer,3.37,341.21,Debit Card
STN0190,EV Charging Station 190,Bengaluru,Karnataka,12.97622,77.540047,Jio-bp,Public,CHAdeMO,3.3,18.62,CUST00769,Arun Nair,,13.41,Credit Card
STN0301,EV Charging Station 301,Delhi,Delhi,28.541631,77.217898,Jio-bp,Private,CCS2,3.3,20.78,CUST00770,Anjali Nair,5.41,112.42,UPI
STN0307,EV Charging Station 307,Pune,Maharashtra,18.510759,73.904288,ChargeZone,Public,CHAdeMO,30,203.09,CUST00771,Akhil Nair,5.93,1204.32,UPI
STN0148,EV Charging Station 148,Bengaluru,Karnataka,12.956755,77.578073,Zeon Charging,Public,Type 2,11,103.08,CUST00772,Amritha Nair,2.62,270.07,UPI
STN0214,EV Charging Station 214,Hyderabad,Telangana,17.370446,78.47518,ChargeZone,Public,CCS2,11,85.03,CUST00773,Ravi Nair,0.94,79.93,Credit Card
STN0423,EV Charging Station 423,Hyderabad,Telangana,17.409873,78.477317,Jio-bp,Public,CCS2,22,160.25,CUST00774,Priya Nair,7.52,1205.08,UPI
STN0248,EV Charging Station 248,Hyderabad,Telangana,17.416297,78.489208,Ather Grid,Public,CCS2,120,603.86,CUST00775,Kiran Nair,3.88,2342.98,Cash
STN0023,EV Charging Station 023,Mangaluru,Karnataka,12.925093,74.857839,ChargeZone,Public,CCS2,50,248.82,CUST00776,Sneha Nair,1.15,286.14,Credit Card
STN0152,EV Charging Station 152,Pune,Maharashtra,18.50223,73.840542,Zeon Charging,Public,CHAdeMO,7.2,49.24,CUST00777,Manoj Nair,1.53,75.34,Credit Card
STN0460,EV Charging Station 460,Chennai,Tamil Nadu,13.10567,80.301057,ChargeZone,Public,CCS2,150,760.55,CUST00778,Divya Nair,2.84,2159.96,
STN0055,EV Charging Station 055,Belagavi,Karnataka,15.833865,74.468624,Ather Grid,Public,Type 2,3.3,15.38,CUST00779,,1.03,15.84,Credit Card
STN0439,EV Charging Station 439,Hubballi,Karnataka,15.313112,75.173232,Statiq,Private,CCS2,22,132.36,CUST00780,Lakshmi Nair,2.16,285.9,UPI
STN0463,EV Charging Station 463,Pune,Maharashtra,18.548429,73.84503,Zeon Charging,Public,CHAdeMO,22,142.63,CUST00781,Arun Kumar,7.68,1095.4,Credit Card
STN0015,EV Charging Station 015,Mangaluru,Karnataka,12.925205,74.837167,Tata Power,Commercial,CHAdeMO,7.2,52.77,CUST00782,Anjali Kumar,3.97,209.5,UPI
STN0467,EV Charging Station 467,Hyderabad,Telangana,17.425551,78.483878,Jio-bp,Public,CCS2,60,316.38,CUST00783,Akhil Kumar,4.6,1455.35,UPI
STN0206,EV Charging Station 206,Mumbai,Maharashtra,19.078707,72.862701,Statiq,Commercial,CCS2,7.2,41.09,CUST00784,Amritha Kumar,4.69,192.71,Debit Card
STN0260,EV Charging Station 260,Belagavi,Karnataka,15.891761,74.541609,Tata Power,Public,IEC 60309 3-pin,11,45.21,CUST00785,Ravi Kumar,5.35,241.87,Cash
STN0418,EV Charging Station 418,Bengaluru,Karnataka,13.052917,77.544629,Ather Grid,Public,IEC 60309 3-pin,7.2,39.92,CUST00786,Priya Kumar,5.09,203.19,UPI
STN0286,EV Charging Station 286,Pune,Maharashtra,18.500569,73.841764,Statiq,Public,CCS2,7.2,71.75,CUST00787,Kiran Kumar,1,71.75,UPI
STN0324,EV Charging Station 324,Pune,Maharashtra,18.505154,73.887007,Statiq,Public,Type 2,50,236.07,CUST00788,Sneha Kumar,1.78,420.2,Credit Card
STN0305,EV Charging Station 305,Pune,Maharashtra,18.474856,73.83606,Zeon Charging,Public,CCS2,7.2,,CUST00789,Manoj Kumar,1.8,63.14,UPI
STN0258,EV Charging Station 258,Belagavi,Karnataka,15.881573,74.543612,Ather Grid,Private,CCS2,30,128.59,CUST00790,Divya Kumar,2.67,343.34,UPI
STN0330,EV Charging Station 330,Chennai,Tamil Nadu,13.183659,80.274992,ChargeZone,Public,Type 2,7.2,71.68,CUST00791,Suresh Kumar,1.53,109.67,UPI
STN0455,EV Charging Station 455,Hyderabad,Telangana,17.361941,78.540627,Zeon Charging,Public,Type 2,3.3,30.02,CUST00792,Lakshmi Kumar,4.09,122.78,Wallet
STN0036,EV Charging Station 036,Pune,Maharashtra,18.49949,73.868712,ChargeZone,Public,CCS2,50,274.83,CUST00793,Arun Sharma,3.08,846.48,Debit Card
STN0297,EV Charging Station 297,Chennai,Tamil Nadu,13.15711,80.264325,Tata Power,Public,CCS2,,173.72,CUST00794,Anjali Sharma,3.99,693.14,Credit Card
STN0187,EV Charging Station 187,Chennai,Tamil Nadu,13.039191,80.1999,Zeon Charging,Public,CCS2,120,1111.03,CUST00795,Akhil Sharma,0.56,622.18,UPI
STN0475,EV Charging Station 475,Bengaluru,Karnataka,12.966985,,Jio-bp,Private,Type 2,22,165.94,CUST00796,Amritha Sharma,6.75,1120.1,UPI
STN0382,EV Charging Station 382,Mangaluru,Karnataka,12.895838,74.879391,ChargeZone,Public,CCS2,11,100,CUST00797,Ravi Sharma,1.04,104,UPI
STN0353,EV Charging Station 353,Mysuru,Karnataka,12.312571,76.607842,Zeon Charging,Commercial,CCS2,7.2,36.18,CUST00798,Priya Sharma,,67.66,Credit Card
STN0182,EV Charging Station 182,Pune,Maharashtra,18.552902,73.902891,Statiq,Public,Type 2,30,198.15,CUST00799,Kiran Sharma,1.8,356.67,UPI
STN0321,EV Charging Station 321,Hyderabad,Telangana,17.340968,78.451274,Zeon Charging,Public,CHAdeMO,11,89.48,CUST00800,Sneha Sharma,3.52,314.97,UPI
STN0170,EV Charging Station 170,,Karnataka,15.373127,75.165319,Ather Grid,Public,CCS2,60,354.55,CUST00801,Manoj Sharma,6.56,2325.85,UPI
STN0068,EV Charging Station 068,Mangaluru,Karnataka,12.947569,74.876707,ChargeZone,Public,IEC 60309 3-pin,7.2,31.03,CUST00802,Divya Sharma,3.34,103.64,UPI
STN0256,EV Charging Station 256,Hubballi,Karnataka,15.384155,75.089111,Tata Power,Private,GB/T,60,446.3,CUST00803,Suresh Sharma,2.25,1004.18,UPI
STN0122,EV Charging Station 122,Hyderabad,Telangana,17.364449,78.475209,Zeon Charging,Public,CCS2,150,1259.73,CUST00804,Lakshmi Sharma,,9158.24,UPI
STN0351,EV Charging Station 351,Kochi,Kerala,9.893608,76.213682,Ather Grid,Public,CCS2,11,48.67,CUST00805,Arun Reddy,3.21,156.23,UPI
STN0221,EV Charging Station 221,Chennai,Tamil Nadu,13.150238,80.263849,,Public,GB/T,50,412.83,CUST00806,Anjali Reddy,6.21,2563.67,Cash
STN0052,EV Charging Station 052,Bengaluru,Karnataka,12.985484,77.557368,ChargeZone,Public,Type 2,22,113.99,CUST00807,Akhil Reddy,5.36,610.99,UPI
STN0348,EV Charging Station 348,Mumbai,Maharashtra,19.101992,72.874333,Zeon Charging,Private,CCS2,11,88.95,CUST00808,Amritha Reddy,7.75,689.36,Debit Card
STN0386,EV Charging Station 386,Delhi,Delhi,28.614456,77.243403,Zeon Charging,Commercial,Type 2,7.2,69.26,CUST00809,Ravi Reddy,4.96,343.53,Cash
STN0053,EV Charging Station 053,Mangaluru,Karnataka,12.929027,74.872066,Jio-bp,Commercial,CCS2,150,1326.8,CUST00810,Priya Reddy,3.25,4312.1,UPI
STN0429,EV Charging Station 429,Delhi,Delhi,28.639356,77.233097,Ather Grid,Public,CCS2,120,773.2,CUST00811,Kiran Reddy,1.24,958.77,UPI
STN0365,EV Charging Station 365,Hyderabad,Telangana,17.363092,78.446984,Statiq,Public,IEC 60309 3-pin,60,248.19,CUST00812,Sneha Reddy,2.92,724.71,UPI
STN0220,EV Charging Station 220,Mumbai,Maharashtra,19.107614,72.88705,Jio-bp,Public,CCS2,120,774.04,CUST00813,Manoj Reddy,1.58,1222.98,UPI
STN0257,EV Charging Station 257,Mumbai,Maharashtra,19.095662,72.887867,Jio-bp,Public,CHAdeMO,7.2,,CUST00814,Divya Reddy,5.51,340.19,UPI
STN0496,EV Charging Station 496,Chennai,Tamil Nadu,13.117628,80.289075,ChargeZone,Public,GB/T,7.2,31.56,CUST00815,Suresh Reddy,6.27,197.88,Credit Card
STN0127,EV Charging Station 127,Hubballi,Karnataka,15.403705,75.184577,Jio-bp,Public,GB/T,50,301.17,CUST00816,Lakshmi Reddy,4.99,1502.84,UPI
STN0224,EV Charging Station 224,Hyderabad,Telangana,17.439017,78.44415,Tata Power,Public,Type 2,7.2,39.33,CUST00817,Arun Patil,4.83,189.96,Wallet
STN0233,EV Charging Station 233,Pune,Maharashtra,18.533622,73.875159,Ather Grid,,CCS2,7.2,65.02,CUST00818,Anjali Patil,0.7,45.51,Debit Card
STN0215,EV Charging Station 215,Hubballi,Karnataka,15.351554,75.120485,Statiq,Public,CCS2,50,360.16,CUST00819,Akhil Patil,0.76,273.72,Debit Card
STN0244,EV Charging Station 244,Mangaluru,Karnataka,12.927206,74.86902,Zeon Charging,Commercial,Type 2,7.2,37.87,CUST00820,Amritha Patil,4.22,159.81,UPI
STN0043,EV Charging Station 043,Hubballi,Karnataka,15.439849,75.159894,Jio-bp,Private,Type 2,7.2,39.7,CUST00821,Ravi Patil,5.41,214.78,UPI
STN0288,EV Charging Station 288,Belagavi,Karnataka,15.873672,74.491801,Tata Power,Public,GB/T,22,104.46,CUST00822,Priya Patil,4.95,517.08,Credit Card
STN0192,EV Charging Station 192,Mysuru,Karnataka,12.369417,76.615121,Zeon Charging,Public,CCS2,30,250.73,CUST00823,Kiran Patil,1.75,438.78,UPI
STN0022,EV Charging Station 022,Kochi,Kerala,9.888317,76.303569,Ather Grid,Public,Type 2,22,134.51,CUST00824,Sneha Patil,4.88,656.41,Wallet
STN0450,EV Charging Station 450,Delhi,Delhi,28.604272,77.25346,Jio-bp,Private,Type 2,7.2,59.62,CUST00825,Manoj Patil,3.97,236.69,UPI
STN0014,EV Charging Station 014,Mysuru,Karnataka,12.259333,76.580713,Jio-bp,Commercial,Type 2,50,443.04,CUST00826,Divya Patil,3.45,1528.49,UPI
STN0432,EV Charging Station 432,Pune,Maharashtra,18.476825,73.758843,Zeon Charging,Public,CCS2,30,235.32,CUST00827,Suresh Patil,6.46,1520.17,Credit Card
STN0404,EV Charging Station 404,Mumbai,Maharashtra,19.107486,72.883554,Jio-bp,Commercial,GB/T,7.2,68.39,CUST00828,Lakshmi Patil,7.73,528.65,Wallet
STN0453,EV Charging Station 453,Bengaluru,Karnataka,,77.625753,Zeon Charging,Public,GB/T,22,194.74,CUST00829,Arun Shetty,5.86,1141.18,
STN0085,EV Charging Station 085,Mumbai,Maharashtra,19.046417,72.877206,ChargeZone,Public,Type 2,30,222.82,CUST00830,Anjali Shetty,,340.91,Wallet
STN0247,EV Charging Station 247,Chennai,Tamil Nadu,12.958951,80.303165,Statiq,Public,Type 2,150,975.52,CUST00831,Akhil Shetty,6.17,6018.96,Debit Card
STN0196,EV Charging Station 196,Mangaluru,Karnataka,12.905329,74.840929,Jio-bp,Commercial,Type 2,22,167.69,CUST00832,Amritha Shetty,7.74,1297.92,Credit Card
STN0215,EV Charging Station 215,Pune,Maharashtra,18.502632,73.787614,ChargeZone,,Type 2,120,939.83,CUST00833,Ravi Shetty,3.81,3580.75,UPI
STN0166,EV Charging Station 166,Hubballi,Karnataka,15.366373,75.042206,Jio-bp,Public,Type 2,30,125.93,CUST00834,Priya Shetty,1.78,224.16,Debit Card
STN0181,EV Charging Station 181,Pune,Maharashtra,18.518389,73.823088,Statiq,Private,Type 2,30,125.16,CUST00835,Kiran Shetty,6.35,794.77,Wallet
STN0204,EV Charging Station 204,Mumbai,Maharashtra,19.035552,72.875168,Tata Power,Public,Type 2,50,315.54,CUST00836,Sneha Shetty,0.87,274.52,UPI
STN0240,EV Charging Station 240,Mysuru,Karnataka,12.305145,76.659488,Statiq,Public,GB/T,11,64.19,CUST00837,Manoj Shetty,2.27,145.71,Credit Card
STN0364,EV Charging Station 364,Mumbai,Maharashtra,19.049956,72.921237,,Commercial,CCS2,7.2,37.43,CUST00838,Divya Shetty,7.2,269.5,Debit Card
STN0291,EV Charging Station 291,,,19.062347,72.952613,ChargeZone,Private,CCS2,150,800.01,CUST00839,Suresh Shetty,2.47,1976.02,UPI
STN0225,EV Charging Station 225,Mysuru,Karnataka,12.316343,76.56502,Ather Grid,Public,CCS2,11,55.65,CUST00840,Lakshmi Shetty,1.66,92.38,UPI
STN0374,EV Charging Station 374,Hyderabad,Telangana,17.37481,78.538695,Statiq,Commercial,Type 2,7.2,57.96,CUST00841,Arun Rao,4.63,268.35,Debit Card
STN0392,EV Charging Station 392,Chennai,Tamil Nadu,13.063021,80.350089,Statiq,Commercial,CCS2,30,181.77,CUST00842,Anjali Rao,,1205.14,UPI
STN0082,EV Charging Station 082,Hyderabad,Telangana,17.400107,78.472185,Tata Power,Private,CHAdeMO,60,363.17,CUST00843,Akhil Rao,3.32,1205.72,UPI
STN0052,EV Charging Station 052,Belagavi,Karnataka,15.87875,74.569238,Zeon Charging,Private,Type 2,50,377.29,CUST00844,Amritha Rao,3.69,1392.2,Credit Card
STN0366,EV Charging Station 366,Delhi,Delhi,28.628937,77.258902,Ather Grid,Commercial,CCS2,3.3,17.85,CUST00845,Ravi Rao,5.53,98.71,UPI
STN0279,EV Charging Station 279,Mangaluru,Karnataka,12.960157,74.858051,Tata Power,,Type 2,50,226.54,CUST00846,Priya Rao,4.68,1060.21,UPI
STN0036,EV Charging Station 036,Belagavi,Karnataka,15.868184,74.552847,Tata Power,Public,GB/T,11,93.04,CUST00847,Kiran Rao,6.15,572.2,UPI
STN0338,EV Charging Station 338,Pune,Maharashtra,18.574729,73.900619,ChargeZone,Private,IEC 60309 3-pin,11,89.54,CUST00848,Sneha Rao,3.15,282.05,Wallet
STN0076,EV Charging Station 076,Mysuru,Karnataka,12.226504,76.660565,ChargeZone,Public,CCS2,50,486.33,CUST00849,Manoj Rao,1.72,836.49,Credit Card
STN0084,EV Charging Station 084,Mysuru,Karnataka,12.27307,76.651056,Tata Power,Public,Type 2,150,654.02,CUST00850,Divya Rao,4.2,2746.88,Debit Card
STN0453,EV Charging Station 453,Belagavi,Karnataka,15.826407,74.477035,Zeon Charging,Commercial,GB/T,11,100.36,CUST00851,Suresh Rao,6.76,678.43,UPI
STN0450,EV Charging Station 450,Hubballi,Karnataka,15.422904,75.088899,Statiq,Public,Type 2,150,1031.12,CUST00852,Lakshmi Rao,3.84,3959.5,UPI
STN0490,EV Charging Station 490,Hubballi,Karnataka,15.355912,75.097586,Jio-bp,Commercial,GB/T,11,103.52,CUST00853,Arun Iyer,5.65,584.89,UPI
STN0049,EV Charging Station 049,Belagavi,Karnataka,15.871695,74.473295,Zeon Charging,Public,IEC 60309 3-pin,22,181.02,CUST00854,Anjali Iyer,1.69,305.92,UPI
STN0426,EV Charging Station 426,Mangaluru,Karnataka,12.904446,74.853326,Statiq,Public,CCS2,11,62.11,CUST00855,Akhil Iyer,2.47,153.41,Credit Card
STN0391,EV Charging Station 391,Mumbai,Maharashtra,19.078327,72.869351,Jio-bp,Private,Type 2,7.2,33.43,CUST00856,Amritha Iyer,2.24,74.88,UPI
STN0001,EV Charging Station 001,Mysuru,Karnataka,12.287947,76.646954,Tata Power,Public,GB/T,30,250.4,CUST00857,Ravi Iyer,3.46,866.38,UPI
STN0041,EV Charging Station 041,Pune,Maharashtra,18.451638,73.836038,ChargeZone,Public,IEC 60309 3-pin,22,98.41,CUST00858,Priya Iyer,6.09,599.32,UPI
STN0479,EV Charging Station 479,Bengaluru,Karnataka,12.92892,77.591005,Statiq,Commercial,CCS2,22,120.97,CUST00859,Kiran Iyer,1.25,151.21,Debit Card
STN0247,EV Charging Station 247,Mumbai,Maharashtra,19.040405,72.872417,Jio-bp,Public,Type 2,120,1137.4,CUST00860,Sneha Iyer,0.71,807.55,Credit Card
STN0137,EV Charging Station 137,Hubballi,Karnataka,15.405209,75.146196,Ather Grid,Private,Type 2,22,111.85,CUST00861,Manoj Iyer,6.2,693.47,Wallet
STN0361,EV Charging Station 361,Pune,Maharashtra,18.408738,73.845102,Statiq,Public,Type 2,7.2,64.06,CUST00862,Divya Iyer,3.56,228.05,Cash
STN0013,EV Charging Station 013,Mangaluru,Karnataka,12.894946,74.855879,ChargeZone,Public,Type 2,150,767.09,CUST00863,Suresh Iyer,5.26,4034.89,Cash
STN0131,EV Charging Station 131,Hyderabad,Telangana,17.37774,78.493792,Ather Grid,Public,IEC 60309 3-pin,60,242.24,CUST00864,Lakshmi Iyer,1.37,,Debit Card
STN0451,EV Charging Station 451,Hyderabad,Telangana,17.398561,78.498759,Zeon Charging,Public,CCS2,7.2,44.77,CUST00865,Arun Nair,5.9,264.14,UPI
STN0391,EV Charging Station 391,Kochi,Kerala,9.947688,76.233039,Jio-bp,Public,IEC 60309 3-pin,11,91.34,CUST00866,Anjali Nair,7.98,728.89,Cash
STN0446,EV Charging Station 446,Belagavi,Karnataka,15.832501,74.47054,Tata Power,Public,CHAdeMO,30,125.87,CUST00867,Akhil Nair,6.01,756.48,Credit Card
STN0344,EV Charging Station 344,Hyderabad,Telangana,17.351651,78.552249,Tata Power,Private,Type 2,22,201.79,CUST00868,Amritha Nair,2.36,476.22,Wallet
STN0461,EV Charging Station 461,Chennai,Tamil Nadu,13.087871,80.282874,Ather Grid,Public,CCS2,50,386.77,CUST00869,Ravi Nair,7.56,2923.98,UPI
STN0191,EV Charging Station 191,Mumbai,Maharashtra,19.040999,72.74902,Statiq,,Type 2,60,465.19,CUST00870,Priya Nair,3.34,1553.73,UPI
STN0097,EV Charging Station 097,Kochi,Kerala,9.906144,76.304364,Tata Power,Public,Type 2,150,929.58,CUST00871,Kiran Nair,7.78,7232.13,UPI
STN0348,EV Charging Station 348,Mumbai,Maharashtra,19.07306,72.905176,ChargeZone,Private,CCS2,30,,CUST00872,Sneha Nair,3.64,786.9,Credit Card
STN0136,EV Charging Station 136,Mangaluru,Karnataka,12.989738,74.872335,Jio-bp,Private,Type 2,150,1202.51,CUST00873,Manoj Nair,0.5,601.26,Wallet
STN0200,EV Charging Station 200,Pune,Maharashtra,18.509427,73.865899,Zeon Charging,Commercial,IEC 60309 3-pin,150,664.36,CUST00874,Divya Nair,7.13,4736.89,Cash
STN0188,EV Charging Station 188,Bengaluru,Karnataka,13.031452,77.603365,Statiq,Private,CHAdeMO,22,88.03,CUST00875,Suresh Nair,6.2,545.79,Wallet
STN0207,EV Charging Station 207,Kochi,Kerala,9.930367,76.303859,Jio-bp,Public,Type 2,7.2,33.49,CUST00876,Lakshmi Nair,3.24,108.51,Wallet
STN0135,EV Charging Station 135,Chennai,Tamil Nadu,13.093334,80.243636,Zeon Charging,Private,Type 2,120,717.65,CUST00877,Arun Kumar,6.78,4865.67,Credit Card
STN0108,EV Charging Station 108,Delhi,Delhi,28.584572,77.207884,Zeon Charging,Public,Type 2,22,219.28,CUST00878,Anjali Kumar,1.99,436.37,UPI
STN0289,EV Charging Station 289,Kochi,,,76.266009,Ather Grid,Public,Type 2,50,441.9,CUST00879,Akhil Kumar,2.08,919.15,UPI
STN0436,EV Charging Station 436,Belagavi,Karnataka,15.816547,74.498476,Zeon Charging,Public,Type 2,30,282.93,CUST00880,Amritha Kumar,7.32,2071.05,UPI
STN0283,EV Charging Station 283,Pune,Maharashtra,18.516447,73.861114,Ather Grid,Commercial,CCS2,7.2,34.96,CUST00881,Ravi Kumar,6.17,215.7,Credit Card
STN0285,EV Charging Station 285,Belagavi,Karnataka,15.83617,74.448091,Ather Grid,Public,CCS2,11,,CUST00882,Priya Kumar,2.37,247.24,UPI
STN0241,EV Charging Station 241,Delhi,Delhi,28.590932,77.293015,Ather Grid,Public,CCS2,22,154.07,CUST00883,Kiran Kumar,2.74,422.15,Wallet
STN0326,EV Charging Station 326,Hyderabad,Telangana,17.362863,78.428668,ChargeZone,Public,GB/T,7.2,39.82,CUST00884,Sneha Kumar,1.13,45,Credit Card
STN0337,EV Charging Station 337,Delhi,Delhi,28.585364,77.296564,Statiq,Private,IEC 60309 3-pin,30,,CUST00885,Manoj Kumar,7.44,,UPI
STN0131,EV Charging Station 131,,Delhi,28.639609,77.190995,Statiq,Private,GB/T,150,854.66,CUST00886,Divya Kumar,7.08,6050.99,UPI
STN0465,EV Charging Station 465,,Maharashtra,19.084295,72.900737,Ather Grid,Commercial,IEC 60309 3-pin,50,317.71,CUST00887,Suresh Kumar,5.64,1791.88,UPI
STN0164,EV Charging Station 164,Chennai,Tamil Nadu,13.052198,80.247589,Ather Grid,Private,GB/T,7.2,54.85,CUST00888,Lakshmi Kumar,3.83,210.08,Debit Card
STN0094,EV Charging Station 094,Pune,Maharashtra,18.508809,73.809986,Statiq,Public,CCS2,7.2,57.34,CUST00889,Arun Sharma,6.19,354.93,Debit Card
STN0455,EV Charging Station 455,Mysuru,Karnataka,12.291973,76.647107,Jio-bp,Commercial,Type 2,120,,CUST00890,Anjali Sharma,6.08,3624.96,Wallet
STN0473,EV Charging Station 473,Kochi,Kerala,9.910682,76.23515,Zeon Charging,Public,CCS2,22,187.84,CUST00891,Akhil Sharma,6.08,1142.07,
STN0034,EV Charging Station 034,Chennai,Tamil Nadu,13.072992,80.321929,,Public,IEC 60309 3-pin,,90.81,CUST00892,Amritha Sharma,3.97,360.52,Credit Card
STN0316,EV Charging Station 316,Bengaluru,Karnataka,12.963043,77.60351,Statiq,Private,Type 2,60,421.98,CUST00893,Ravi Sharma,4.83,2038.16,Cash
STN0269,EV Charging Station 269,Kochi,Kerala,9.967206,76.282333,Ather Grid,Public,Type 2,7.2,70.38,CUST00894,Priya Sharma,5.6,394.13,UPI
STN0141,EV Charging Station 141,Pune,Maharashtra,,73.907048,Tata Power,Public,Type 2,7.2,67.99,CUST00895,,4.89,332.47,Credit Card
STN0434,EV Charging Station 434,Hubballi,Karnataka,15.360125,75.160803,Tata Power,Public,Type 2,7.2,45.03,CUST00896,Sneha Sharma,6.56,295.4,UPI
STN0352,EV Charging Station 352,Bengaluru,Karnataka,12.974989,77.538216,Zeon Charging,Commercial,CCS2,7.2,34.83,CUST00897,Manoj Sharma,2.76,96.13,Debit Card
STN0256,EV Charging Station 256,Pune,Maharashtra,18.531726,73.885154,Zeon Charging,Private,Type 2,60,442.81,CUST00898,Divya Sharma,5.49,2431.03,Credit Card
STN0456,EV Charging Station 456,Hyderabad,Telangana,17.334058,78.498498,Statiq,Public,Type 2,50,233.72,CUST00899,Suresh Sharma,0.59,137.89,UPI
STN0301,EV Charging Station 301,Hyderabad,Telangana,17.382314,78.510982,ChargeZone,Commercial,Type 2,120,986.23,CUST00900,Lakshmi Sharma,5.5,5424.26,Credit Card
STN0106,EV Charging Station 106,Mumbai,Maharashtra,19.116504,72.796925,Statiq,Commercial,IEC 60309 3-pin,50,212.9,CUST00901,Arun Reddy,4.05,862.24,UPI
STN0328,EV Charging Station 328,Kochi,Kerala,9.938944,76.242004,Ather Grid,Public,GB/T,150,833.62,CUST00902,Anjali Reddy,6.32,5268.48,Debit Card
STN0284,EV Charging Station 284,Mangaluru,Karnataka,12.897134,74.875416,Ather Grid,Public,CCS2,7.2,38.69,CUST00903,Akhil Reddy,7.35,284.37,UPI
STN0179,EV Charging Station 179,Hyderabad,Telangana,17.34424,78.49342,Ather Grid,Private,CCS2,60,249.91,CUST00904,Amritha Reddy,1.49,372.37,UPI
STN0250,EV Charging Station 250,Mangaluru,Karnataka,12.948094,74.877973,Ather Grid,Commercial,GB/T,7.2,54.19,CUST00905,Ravi Reddy,3.02,163.65,Debit Card
STN0427,EV Charging Station 427,Chennai,Tamil Nadu,13.060225,80.320261,Tata Power,Commercial,Type 2,7.2,64.33,CUST00906,Priya Reddy,3.92,252.17,Credit Card
STN0022,EV Charging Station 022,Mysuru,Karnataka,12.313104,76.597263,ChargeZone,Public,CCS2,120,820.71,CUST00907,Kiran Reddy,3.43,2815.04,UPI
STN0223,EV Charging Station 223,Hyderabad,Telangana,17.411301,78.427707,Statiq,Commercial,IEC 60309 3-pin,120,666.11,CUST00908,Sneha Reddy,1.88,1252.29,Wallet
STN0319,EV Charging Station 319,Delhi,Delhi,28.60225,77.16451,ChargeZone,Commercial,CCS2,22,124.21,CUST00909,Manoj Reddy,2.9,360.21,Debit Card
STN0363,EV Charging Station 363,Belagavi,Karnataka,15.843543,74.493493,ChargeZone,Public,CHAdeMO,7.2,35.09,CUST00910,Divya Reddy,5.28,185.28,Credit Card
STN0142,EV Charging Station 142,,Delhi,28.580616,,Ather Grid,Public,Type 2,7.2,62.23,CUST00911,Suresh Reddy,3.96,246.43,Cash
STN0272,EV Charging Station 272,Pune,Maharashtra,18.489711,73.896346,Ather Grid,Private,Type 2,11,64.5,CUST00912,Lakshmi Reddy,6.66,429.57,Wallet
STN0083,EV Charging Station 083,Kochi,Kerala,9.938367,76.244326,ChargeZone,Public,Type 2,120,481.07,CUST00913,Arun Patil,1.38,663.88,UPI
STN0183,EV Charging Station 183,Delhi,Delhi,28.5785,77.240457,Statiq,Private,IEC 60309 3-pin,22,167,CUST00914,Anjali Patil,4.56,761.52,Debit Card
STN0101,EV Charging Station 101,Mumbai,Maharashtra,19.04687,72.883647,Jio-bp,Public,Type 2,3.3,29.96,CUST00915,Akhil Patil,4.33,129.73,UPI
STN0124,EV Charging Station 124,Delhi,Delhi,28.563205,77.191841,Ather Grid,Private,IEC 60309 3-pin,22,95.65,CUST00916,Amritha Patil,7.89,754.68,UPI
STN0085,EV Charging Station 085,Mangaluru,Karnataka,12.876754,74.901808,Tata Power,Public,CCS2,11,44.65,CUST00917,Ravi Patil,3.3,147.34,UPI
STN0365,EV Charging Station 365,Hubballi,Karnataka,15.389362,75.143489,Zeon Charging,Public,Type 2,7.2,32.78,CUST00918,Priya Patil,7.91,259.29,Credit Card
STN0196,EV Charging Station 196,Pune,Maharashtra,18.552748,73.86832,Tata Power,Public,IEC 60309 3-pin,7.2,58.84,CUST00919,Kiran Patil,7.56,444.83,Debit Card
STN0187,EV Charging Station 187,Mysuru,Karnataka,12.270953,76.646895,Ather Grid,Commercial,IEC 60309 3-pin,60,477.14,CUST00920,Sneha Patil,1.66,792.05,Debit Card
STN0288,EV Charging Station 288,Mangaluru,Karnataka,12.887844,74.889763,Ather Grid,Private,CCS2,30,142.37,CUST00921,Manoj Patil,,1127.57,UPI
STN0140,EV Charging Station 140,Hubballi,Karnataka,15.357888,75.148206,Jio-bp,Public,CCS2,11,86.06,CUST00922,Divya Patil,2.11,181.59,Credit Card
STN0007,EV Charging Station 007,Hyderabad,Telangana,17.3717,78.470941,Ather Grid,Public,GB/T,60,532.8,CUST00923,Suresh Patil,2.33,1241.42,Debit Card
STN0184,EV Charging Station 184,Bengaluru,Karnataka,13.050692,77.616396,Statiq,Commercial,,50,331.16,CUST00924,Lakshmi Patil,7.39,,Credit Card
STN0245,EV Charging Station 245,Mumbai,Maharashtra,19.097,72.896253,Jio-bp,Public,CHAdeMO,120,631.7,CUST00925,Arun Shetty,6.04,3815.47,UPI
STN0472,EV Charging Station 472,Mysuru,Karnataka,12.259366,76.605109,Ather Grid,Public,CCS2,,30.21,CUST00926,Anjali Shetty,2.41,72.81,Credit Card
STN0281,EV Charging Station 281,Mysuru,Karnataka,12.273599,76.671234,Jio-bp,Public,CCS2,150,1015.35,CUST00927,Akhil Shetty,5.26,5340.74,UPI
STN0337,EV Charging Station 337,Belagavi,Karnataka,15.81184,74.530737,Zeon Charging,Public,CCS2,7.2,64.91,CUST00928,Amritha Shetty,1.78,115.54,Cash
STN0191,EV Charging Station 191,Belagavi,Karnataka,15.851182,74.495013,Jio-bp,Public,IEC 60309 3-pin,7.2,39.25,CUST00929,Ravi Shetty,4.34,170.34,UPI
STN0159,,Mangaluru,Karnataka,12.918607,74.86408,Statiq,Private,CHAdeMO,7.2,38.05,CUST00930,Priya Shetty,6.88,261.78,UPI
STN0090,EV Charging Station 090,Mangaluru,Karnataka,12.900017,,Ather Grid,Public,Type 2,120,813.44,CUST00931,Kiran Shetty,7.04,5726.62,UPI
STN0425,EV Charging Station 425,Kochi,Kerala,,76.289344,Ather Grid,Public,Type 2,30,,CUST00932,Sneha Shetty,7.66,1642.15,Cash
STN0372,EV Charging Station 372,Pune,Maharashtra,18.524155,73.827222,Ather Grid,Public,GB/T,150,1264.88,CUST00933,Manoj Shetty,2.97,3756.69,UPI
STN0111,EV Charging Station 111,Mangaluru,Karnataka,12.904737,74.817076,Zeon Charging,Public,IEC 60309 3-pin,60,289.13,CUST00934,Divya Shetty,6.59,1905.37,Wallet
STN0020,,Delhi,Delhi,28.589691,77.216002,ChargeZone,Public,CCS2,7.2,55.07,CUST00935,Suresh Shetty,5.37,,UPI
STN0130,EV Charging Station 130,Hyderabad,,17.345085,78.489434,Tata Power,Public,GB/T,11,96.45,CUST00936,Lakshmi Shetty,4.97,479.36,Debit Card
STN0405,EV Charging Station 405,Mangaluru,Karnataka,12.875917,74.81363,ChargeZone,Public,Type 2,60,255.12,CUST00937,Arun Rao,4.07,1038.34,Debit Card
STN0001,EV Charging Station 001,Hyderabad,,17.403089,78.479958,Jio-bp,Public,Type 2,120,766.06,CUST00938,Anjali Rao,6.27,4803.2,UPI
STN0152,EV Charging Station 152,Mysuru,Karnataka,12.25877,76.651357,Zeon Charging,Commercial,Type 2,7.2,34.15,CUST00939,Akhil Rao,5.03,171.77,UPI
STN0141,EV Charging Station 141,Mysuru,Karnataka,12.250621,76.612773,Tata Power,Public,Type 2,60,371.53,CUST00940,Amritha Rao,3.17,,UPI
STN0414,EV Charging Station 414,Pune,Maharashtra,18.519417,73.881451,Zeon Charging,Public,IEC 60309 3-pin,22,190.78,CUST00941,Ravi Rao,2.1,400.64,Wallet
STN0200,EV Charging Station 200,Bengaluru,Karnataka,12.948813,77.607049,Ather Grid,Public,CCS2,120,1006.34,CUST00942,Priya Rao,1.09,1096.91,UPI
STN0199,EV Charging Station 199,Mysuru,Karnataka,12.310258,76.679856,Tata Power,Private,Type 2,22,178.25,CUST00943,Kiran Rao,,383.24,Wallet
STN0447,EV Charging Station 447,Mangaluru,Karnataka,12.890071,74.858485,Statiq,Public,GB/T,22,219.95,CUST00944,Sneha Rao,5.57,1225.12,Wallet
STN0375,EV Charging Station 375,Hyderabad,Telangana,17.333377,78.521746,Tata Power,Commercial,CHAdeMO,11,59.35,CUST00945,Manoj Rao,3.47,205.94,
STN0151,EV Charging Station 151,Mysuru,Karnataka,12.263722,76.585904,Jio-bp,Public,Type 2,7.2,69.86,CUST00946,Divya Rao,4.45,310.88,UPI
STN0231,EV Charging Station 231,Delhi,,28.596553,77.211911,Jio-bp,Public,Type 2,50,423.41,CUST00947,Suresh Rao,6.98,2955.4,Credit Card
STN0070,EV Charging Station 070,Chennai,Tamil Nadu,13.060423,80.308451,Zeon Charging,Commercial,GB/T,11,108.38,CUST00948,Lakshmi Rao,1.62,175.58,UPI
STN0306,EV Charging Station 306,Pune,Maharashtra,18.519528,73.824975,Tata Power,Public,Type 2,30,132.42,CUST00949,Arun Iyer,7.36,974.61,Credit Card
STN0100,EV Charging Station 100,Mumbai,Maharashtra,19.073829,72.878312,Jio-bp,Private,CCS2,150,877.11,CUST00950,Anjali Iyer,5.8,5087.24,Debit Card
STN0494,EV Charging Station 494,Mumbai,Maharashtra,19.09683,72.867489,Tata Power,Public,GB/T,30,244.28,CUST00951,Akhil Iyer,6.05,1477.89,Cash
STN0354,EV Charging Station 354,Pune,Maharashtra,18.48633,73.851175,Zeon Charging,Public,GB/T,22,130.64,CUST00952,Amritha Iyer,7.53,983.72,UPI
STN0031,EV Charging Station 031,Hyderabad,Telangana,17.360109,78.457822,Tata Power,Commercial,CHAdeMO,60,324.46,CUST00953,Ravi Iyer,5.17,1677.46,Credit Card
STN0030,,Pune,Maharashtra,18.535133,73.866844,Tata Power,Public,CCS2,120,782.18,CUST00954,Priya Iyer,2.5,1955.45,UPI
STN0168,EV Charging Station 168,Delhi,Delhi,28.686529,77.197096,Zeon Charging,Commercial,IEC 60309 3-pin,22,187.59,CUST00955,Kiran Iyer,5.26,986.72,Wallet
STN0418,EV Charging Station 418,Mysuru,Karnataka,12.261087,76.681724,Jio-bp,Public,CCS2,50,436.69,CUST00956,Sneha Iyer,4.42,1930.17,Debit Card
STN0005,EV Charging Station 005,Bengaluru,Karnataka,12.935849,77.62042,Zeon Charging,Commercial,CCS2,7.2,29.43,CUST00957,Manoj Iyer,6.36,187.17,Debit Card
STN0237,EV Charging Station 237,Mangaluru,Karnataka,12.881715,74.848245,Zeon Charging,Public,CCS2,11,88.21,CUST00958,Divya Iyer,2.06,181.71,Credit Card
STN0025,EV Charging Station 025,Mumbai,Maharashtra,19.091144,72.871765,Ather Grid,Public,IEC 60309 3-pin,30,250.67,CUST00959,Suresh Iyer,1.25,313.34,Debit Card
STN0252,EV Charging Station 252,Bengaluru,Karnataka,12.969147,77.575912,Zeon Charging,,Type 2,22,104.87,CUST00960,Lakshmi Iyer,2.1,220.23,Debit Card
STN0266,EV Charging Station 266,Mumbai,Maharashtra,19.088102,72.890498,ChargeZone,Public,Type 2,30,267.34,CUST00961,Arun Nair,7.95,2125.35,UPI
STN0199,EV Charging Station 199,Pune,Maharashtra,18.509679,73.790629,Jio-bp,Public,Type 2,50,246.71,CUST00962,Anjali Nair,4.29,1058.39,
STN0305,EV Charging Station 305,Mysuru,Karnataka,12.305994,76.621876,Ather Grid,Public,GB/T,60,278.44,CUST00963,Akhil Nair,6.03,1678.99,Debit Card
STN0101,EV Charging Station 101,Kochi,Kerala,9.85655,76.285419,Statiq,Commercial,CCS2,3.3,13.26,CUST00964,Amritha Nair,3.56,47.21,Credit Card
STN0493,EV Charging Station 493,Pune,Maharashtra,18.510144,73.887502,Zeon Charging,Public,GB/T,60,540.32,CUST00965,Ravi Nair,6.1,3295.95,UPI
STN0170,EV Charging Station 170,Delhi,Delhi,28.599115,77.178742,Tata Power,Commercial,Type 2,50,219.77,CUST00966,Priya Nair,,1470.26,UPI
STN0149,EV Charging Station 149,Kochi,Kerala,9.989606,76.285866,ChargeZone,Private,Type 2,30,271.9,CUST00967,Kiran Nair,3.95,1074,Credit Card
STN0398,EV Charging Station 398,Hubballi,Karnataka,15.379761,75.141337,Jio-bp,Public,CCS2,11,96.79,CUST00968,Sneha Nair,2.51,242.94,Credit Card
STN0247,EV Charging Station 247,Pune,Maharashtra,18.528456,73.867142,,Public,GB/T,150,1438.92,CUST00969,Manoj Nair,6.44,9266.64,UPI
STN0302,EV Charging Station 302,Chennai,Tamil Nadu,13.02265,80.279582,Statiq,Public,CCS2,11,86.49,CUST00970,Divya Nair,6.3,544.89,Credit Card
STN0132,EV Charging Station 132,Hyderabad,Telangana,17.410125,78.441405,Ather Grid,Commercial,IEC 60309 3-pin,60,525.84,CUST00971,Suresh Nair,6.57,3454.77,UPI
STN0179,EV Charging Station 179,Belagavi,Karnataka,15.865103,74.586054,Jio-bp,Public,Type 2,11,48.78,CUST00972,Lakshmi Nair,4,195.12,UPI
STN0458,EV Charging Station 458,Bengaluru,Karnataka,12.996468,77.561331,Zeon Charging,Public,CHAdeMO,7.2,70.2,CUST00973,Arun Kumar,3.78,265.36,Credit Card
STN0463,EV Charging Station 463,Hyderabad,Telangana,17.374519,78.463948,ChargeZone,Commercial,IEC 60309 3-pin,150,1102.06,CUST00974,Anjali Kumar,1.16,1278.39,Credit Card
STN0286,EV Charging Station 286,Hyderabad,Telangana,17.383964,78.538927,Ather Grid,Private,Type 2,30,283.89,CUST00975,Akhil Kumar,3.67,1041.88,Credit Card
STN0470,EV Charging Station 470,Mysuru,Karnataka,,76.631027,Jio-bp,Commercial,Type 2,120,1180.41,CUST00976,Amritha Kumar,6.48,7649.06,Debit Card
STN0249,EV Charging Station 249,Mangaluru,Karnataka,12.951694,74.861114,Statiq,Private,CCS2,60,513.9,CUST00977,Ravi Kumar,2.34,1202.53,UPI
STN0030,,Mangaluru,Karnataka,12.992199,74.886949,Zeon Charging,Public,CHAdeMO,22,209.68,CUST00978,Priya Kumar,5.87,1230.82,Credit Card
STN0283,EV Charging Station 283,Hyderabad,Telangana,17.31972,78.522668,Statiq,Public,IEC 60309 3-pin,60,476.93,CUST00979,Kiran Kumar,5.7,2718.5,Debit Card
STN0324,EV Charging Station 324,Hubballi,Karnataka,15.367046,75.13444,ChargeZone,Public,GB/T,150,1137.9,CUST00980,Sneha Kumar,4.67,5313.99,Credit Card
STN0122,EV Charging Station 122,Bengaluru,Karnataka,13.003467,77.583745,Zeon Charging,Commercial,CCS2,30,182.5,CUST00981,Manoj Kumar,3.34,609.55,Cash
STN0250,EV Charging Station 250,Bengaluru,Karnataka,12.97632,77.568779,Tata Power,Public,Type 2,11,73.31,CUST00982,Divya Kumar,3.54,259.52,UPI
STN0134,EV Charging Station 134,Mumbai,Maharashtra,19.007107,72.878306,Jio-bp,Public,GB/T,3.3,32.12,CUST00983,Suresh Kumar,3.44,110.49,UPI
STN0069,EV Charging Station 069,Hubballi,Karnataka,15.411992,75.173322,Jio-bp,Public,CCS2,120,551.88,CUST00984,Lakshmi Kumar,7.15,3945.94,UPI
STN0202,EV Charging Station 202,Bengaluru,Karnataka,12.975858,77.553236,Zeon Charging,Public,CCS2,22,119.89,CUST00985,Arun Sharma,7.81,936.34,Wallet
STN0405,EV Charging Station 405,Belagavi,Karnataka,15.924351,74.439778,Ather Grid,Public,,22,212.14,CUST00986,,2.77,587.63,Credit Card
STN0201,EV Charging Station 201,Delhi,Delhi,28.610398,77.24761,Ather Grid,Commercial,Type 2,50,,CUST00987,Akhil Sharma,5.4,2262.92,Wallet
STN0024,EV Charging Station 024,Hubballi,Karnataka,15.448995,75.102072,ChargeZone,Public,CCS2,150,1021.06,CUST00988,Amritha Sharma,2.82,2879.39,Debit Card
STN0370,EV Charging Station 370,Pune,Maharashtra,18.581134,73.874271,ChargeZone,Private,IEC 60309 3-pin,22,126.18,CUST00989,Ravi Sharma,3.45,435.32,Debit Card
STN0088,EV Charging Station 088,Bengaluru,Karnataka,13.020474,77.662055,ChargeZone,Public,CCS2,60,543.12,CUST00990,Priya Sharma,0.94,,UPI
STN0046,EV Charging Station 046,Hyderabad,Telangana,17.428318,78.483463,ChargeZone,Public,CCS2,3.3,24.03,CUST00991,Kiran Sharma,7.55,181.43,Credit Card
STN0252,EV Charging Station 252,Bengaluru,Karnataka,12.964931,77.604941,Tata Power,Private,Type 2,22,138.73,CUST00992,Sneha Sharma,0.95,131.79,UPI
STN0085,EV Charging Station 085,Mumbai,Maharashtra,19.067973,72.899781,Zeon Charging,,GB/T,22,200.39,CUST00993,Manoj Sharma,5.87,1176.29,Cash
STN0280,EV Charging Station 280,Hubballi,Karnataka,15.327388,75.17395,Zeon Charging,Public,Type 2,3.3,32.2,CUST00994,Divya Sharma,6.34,204.15,UPI
STN0057,EV Charging Station 057,Hubballi,Karnataka,15.420448,75.114299,Zeon Charging,Public,CCS2,150,1496.05,CUST00995,Suresh Sharma,2.25,3366.11,UPI
STN0342,EV Charging Station 342,Pune,Maharashtra,18.505318,73.893196,Jio-bp,Public,IEC 60309 3-pin,22,214.42,CUST00996,Lakshmi Sharma,2.3,493.17,Debit Card
STN0316,EV Charging Station 316,Hubballi,Karnataka,15.322034,75.161982,Ather Grid,Public,IEC 60309 3-pin,60,267.52,CUST00997,Arun Reddy,3.16,845.36,UPI
STN0302,EV Charging Station 302,Mumbai,Maharashtra,19.082821,72.906489,Ather Grid,Commercial,GB/T,11,45.34,CUST00998,Anjali Reddy,3.75,,Credit Card
STN0466,EV Charging Station 466,Delhi,Delhi,28.578504,77.202356,Jio-bp,Public,,11,83.13,CUST00999,Akhil Reddy,1.6,133.01,UPI
STN0213,EV Charging Station 213,Mumbai,Maharashtra,19.105568,72.847862,ChargeZone,Public,Type 2,30,282.28,CUST01000,Amritha Reddy,5.84,1648.52,UPI
STN0013,EV Charging Station 013,Belagavi,Karnataka,15.873659,74.47068,Zeon Charging,Public,IEC 60309 3-pin,150,843.06,CUST01001,Ravi Reddy,5.68,4788.58,UPI
STN0412,EV Charging Station 412,Mysuru,Karnataka,12.255263,76.632083,Zeon Charging,Public,CCS2,50,483.55,CUST01002,Priya Reddy,3.68,1779.46,UPI
STN0016,EV Charging Station 016,Mangaluru,Karnataka,12.946439,74.90336,Statiq,Commercial,CCS2,150,934.8,CUST01003,Kiran Reddy,,2458.52,Wallet
STN0450,EV Charging Station 450,Pune,Maharashtra,18.496309,73.885443,Tata Power,Commercial,IEC 60309 3-pin,50,265.65,CUST01004,Sneha Reddy,4.02,1067.91,UPI
STN0157,EV Charging Station 157,Delhi,Delhi,28.609015,77.145364,Jio-bp,Public,IEC 60309 3-pin,30,259.96,CUST01005,Manoj Reddy,7.97,2071.88,UPI
STN0070,EV Charging Station 070,Pune,Maharashtra,18.538249,73.794629,ChargeZone,Private,Type 2,,156.83,CUST01006,Divya Reddy,7.28,1141.72,Wallet
STN0419,EV Charging Station 419,Delhi,Delhi,28.727076,77.081409,Statiq,Public,Type 2,22,95.66,CUST01007,Suresh Reddy,6.9,660.05,Debit Card
STN0093,EV Charging Station 093,Hyderabad,Telangana,17.339338,78.503494,Tata Power,Private,CCS2,11,54.55,CUST01008,Lakshmi Reddy,2.46,134.19,Credit Card
STN0440,,Mumbai,Maharashtra,19.182478,72.857903,Zeon Charging,Public,CCS2,22,192.96,CUST01009,Arun Patil,0.89,171.73,Wallet
STN0487,EV Charging Station 487,Mumbai,Maharashtra,19.068514,72.861292,Tata Power,Commercial,IEC 60309 3-pin,7.2,58.02,CUST01010,Anjali Patil,3.55,205.97,Wallet
STN0279,EV Charging Station 279,Mangaluru,Karnataka,12.94386,74.902278,Tata Power,Public,Type 2,7.2,33.67,CUST01011,Akhil Patil,5.72,192.59,Debit Card
STN0087,EV Charging Station 087,Kochi,Kerala,9.958005,76.251991,Statiq,,Type 2,22,165.88,CUST01012,Amritha Patil,3.4,563.99,Credit Card
STN0161,EV Charging Station 161,Mysuru,Karnataka,12.309998,76.64036,Jio-bp,Commercial,IEC 60309 3-pin,7.2,58.85,CUST01013,Ravi Patil,6.28,369.58,Debit Card
STN0381,EV Charging Station 381,Belagavi,Karnataka,15.915477,74.55059,ChargeZone,Public,Type 2,11,84.53,CUST01014,Priya Patil,1.62,136.94,Cash
STN0239,EV Charging Station 239,Chennai,Tamil Nadu,13.134874,80.301363,Statiq,Public,GB/T,11,100.95,CUST01015,Kiran Patil,4.24,428.03,Debit Card
STN0161,,Belagavi,Karnataka,15.851699,74.456983,Jio-bp,Public,CCS2,30,267.79,CUST01016,Sneha Patil,3.94,1055.09,UPI
STN0097,EV Charging Station 097,Hyderabad,Telangana,17.418462,78.439842,ChargeZone,Public,CHAdeMO,7.2,67.42,CUST01017,Manoj Patil,0.67,45.17,UPI
STN0152,EV Charging Station 152,Mangaluru,Karnataka,12.931093,74.91037,ChargeZone,Public,GB/T,50,370.99,CUST01018,Divya Patil,4.21,1561.87,Credit Card
STN0346,EV Charging Station 346,Pune,Maharashtra,18.515603,73.886347,Tata Power,Commercial,Type 2,22,148.68,CUST01019,Suresh Patil,6.07,902.49,Credit Card
STN0310,EV Charging Station 310,Delhi,Delhi,28.672858,77.226579,Ather Grid,Public,IEC 60309 3-pin,30,269.63,CUST01020,Lakshmi Patil,2.07,558.13,UPI
STN0089,EV Charging Station 089,Mysuru,Karnataka,12.273972,76.626376,Tata Power,Public,Type 2,50,321.97,CUST01021,Arun Shetty,1.51,486.17,Debit Card
STN0030,EV Charging Station 030,Belagavi,Karnataka,15.832511,74.528151,Statiq,Public,Type 2,60,523.99,CUST01022,Anjali Shetty,6,3143.94,Credit Card
STN0093,EV Charging Station 093,Pune,Maharashtra,18.506385,73.794205,Tata Power,Public,IEC 60309 3-pin,30,133.71,CUST01023,Akhil Shetty,3.45,461.3,Wallet
STN0113,EV Charging Station 113,Kochi,Kerala,9.986669,76.230919,Statiq,Public,IEC 60309 3-pin,7.2,62.84,CUST01024,Amritha Shetty,7.92,497.69,Credit Card
STN0362,EV Charging Station 362,Hyderabad,Telangana,17.436092,78.509355,Statiq,Public,CCS2,60,565.17,CUST01025,Ravi Shetty,3.78,2136.34,Debit Card
STN0272,EV Charging Station 272,Mangaluru,Karnataka,12.88067,74.84104,Tata Power,Private,CCS2,120,873.53,CUST01026,Priya Shetty,1.3,1135.59,Credit Card
STN0207,EV Charging Station 207,Hyderabad,Telangana,17.396905,78.459378,ChargeZone,Public,Type 2,11,106.63,CUST01027,Kiran Shetty,0.87,92.77,Cash
STN0097,EV Charging Station 097,Belagavi,Karnataka,15.889045,74.42826,Jio-bp,Public,CCS2,120,1155.69,CUST01028,Sneha Shetty,4.64,5362.4,UPI
STN0165,EV Charging Station 165,Mysuru,Karnataka,12.237303,76.626383,ChargeZone,Public,Type 2,50,433.03,CUST01029,Manoj Shetty,5.38,2329.7,Wallet
STN0441,EV Charging Station 441,Delhi,Delhi,28.605093,77.183262,Tata Power,Public,CHAdeMO,22,178.23,CUST01030,Divya Shetty,1.2,213.88,UPI
STN0116,EV Charging Station 116,Mysuru,Karnataka,12.314785,76.629754,Tata Power,Private,Type 2,11,86.6,CUST01031,Suresh Shetty,1.29,111.71,UPI
STN0434,EV Charging Station 434,Kochi,Kerala,9.888105,76.255231,Tata Power,Public,CCS2,150,1487.26,CUST01032,Lakshmi Shetty,1.91,2840.67,UPI
STN0396,EV Charging Station 396,Hyderabad,Telangana,17.337378,78.491585,ChargeZone,Commercial,CCS2,30,189.38,CUST01033,Arun Rao,3.65,691.24,Credit Card
STN0098,EV Charging Station 098,Chennai,Tamil Nadu,13.114353,80.237629,Statiq,Public,GB/T,60,372.44,CUST01034,Anjali Rao,2.1,782.12,UPI
STN0008,EV Charging Station 008,Chennai,Tamil Nadu,13.058135,80.33619,ChargeZone,Commercial,IEC 60309 3-pin,60,497.64,CUST01035,Akhil Rao,4.08,2030.37,UPI
STN0058,EV Charging Station 058,Hyderabad,Telangana,,78.531625,ChargeZone,Commercial,CCS2,150,1459.37,CUST01036,Amritha Rao,5.25,7661.69,UPI
STN0051,EV Charging Station 051,Hyderabad,Telangana,17.396859,78.509602,Jio-bp,Public,Type 2,120,833.95,CUST01037,Ravi Rao,7.5,6254.62,UPI
STN0006,EV Charging Station 006,Kochi,Kerala,9.972011,76.280992,Jio-bp,Public,CCS2,7.2,30.28,CUST01038,Priya Rao,2.92,88.42,Credit Card
STN0328,EV Charging Station 328,Pune,Maharashtra,18.478251,73.879782,Tata Power,Public,IEC 60309 3-pin,60,258.89,CUST01039,Kiran Rao,2.02,522.96,Debit Card
STN0148,EV Charging Station 148,Chennai,Tamil Nadu,13.102184,80.279798,Jio-bp,Public,Type 2,30,267.29,CUST01040,Sneha Rao,2.72,727.03,Debit Card
STN0285,EV Charging Station 285,Pune,Maharashtra,18.480731,73.842631,Tata Power,Public,CCS2,150,,CUST01041,Manoj Rao,3.68,4425.42,Cash
STN0109,EV Charging Station 109,Hubballi,Karnataka,15.327681,75.134881,ChargeZone,Public,GB/T,7.2,31.62,CUST01042,Divya Rao,2.67,84.43,Credit Card
STN0435,EV Charging Station 435,Mangaluru,Karnataka,12.95786,74.897259,Tata Power,Public,CCS2,120,980.42,CUST01043,Suresh Rao,3,2941.26,UPI
STN0271,EV Charging Station 271,Pune,Maharashtra,18.498517,73.894127,Jio-bp,Private,CCS2,120,669.3,CUST01044,Lakshmi Rao,7.72,5167,UPI
STN0484,EV Charging Station 484,Hubballi,Karnataka,15.346922,75.06743,Tata Power,Public,CCS2,7.2,32.75,CUST01045,Arun Iyer,1.49,48.8,UPI
STN0399,EV Charging Station 399,Belagavi,Karnataka,15.812113,74.543176,Ather Grid,Private,CCS2,150,814.19,CUST01046,Anjali Iyer,0.6,488.51,Debit Card
STN0130,EV Charging Station 130,Mumbai,Maharashtra,19.067853,72.863636,Statiq,Public,Type 2,50,352.15,CUST01047,Akhil Iyer,1.67,588.09,
STN0059,EV Charging Station 059,Mysuru,Karnataka,12.272462,76.62123,ChargeZone,Public,Type 2,120,495.71,CUST01048,Amritha Iyer,4.67,2314.97,UPI
STN0134,EV Charging Station 134,Kochi,Kerala,9.903788,76.293476,Jio-bp,Public,IEC 60309 3-pin,50,240.08,CUST01049,Ravi Iyer,4.1,984.33,Credit Card
STN0226,EV Charging Station 226,Mumbai,Maharashtra,19.054676,72.868504,ChargeZone,Public,Type 2,22,130.47,CUST01050,Priya Iyer,1.52,198.31,UPI
STN0171,EV Charging Station 171,Mangaluru,Karnataka,12.927269,74.87499,Statiq,Public,,30,261.36,CUST01051,Kiran Iyer,3.74,977.49,Credit Card
STN0311,EV Charging Station 311,Hubballi,Karnataka,15.37113,75.055765,Tata Power,Public,CHAdeMO,150,1412.87,CUST01052,Sneha Iyer,7.86,11105.16,UPI
STN0130,EV Charging Station 130,Belagavi,Karnataka,15.872568,74.460833,Zeon Charging,Public,GB/T,11,62.15,CUST01053,Manoj Iyer,6.89,428.21,UPI
STN0374,EV Charging Station 374,Mumbai,,19.13885,72.820685,,Public,Type 2,7.2,54.19,CUST01054,Divya Iyer,1.25,67.74,UPI
STN0010,EV Charging Station 010,Delhi,Delhi,28.635485,77.22621,Jio-bp,Commercial,CCS2,30,158.23,CUST01055,Suresh Iyer,2.04,322.79,UPI
STN0042,EV Charging Station 042,Chennai,Tamil Nadu,13.065199,80.29363,Ather Grid,Public,IEC 60309 3-pin,22,174.44,CUST01056,Lakshmi Iyer,0.76,132.57,UPI
STN0155,EV Charging Station 155,Hyderabad,Telangana,17.391985,78.493952,Zeon Charging,Public,Type 2,22,167.18,CUST01057,Arun Nair,0.76,127.06,UPI
STN0216,EV Charging Station 216,Delhi,Delhi,28.568137,77.190338,Statiq,Public,Type 2,150,1221.37,CUST01058,Anjali Nair,7.17,8757.22,UPI
STN0009,EV Charging Station 009,Delhi,Delhi,28.570668,77.260326,ChargeZone,Public,CCS2,11,62.8,CUST01059,Akhil Nair,2.65,166.42,UPI
STN0162,EV Charging Station 162,Kochi,Kerala,9.918728,76.270579,ChargeZone,Private,Type 2,30,183.83,CUST01060,Amritha Nair,6.77,1244.53,UPI
STN0084,EV Charging Station 084,Mumbai,Maharashtra,19.12205,72.855172,Jio-bp,Public,CCS2,22,190.12,CUST01061,Ravi Nair,5.8,1102.7,
STN0171,,Kochi,Kerala,9.952459,76.249179,Statiq,Public,CCS2,120,673.62,CUST01062,Priya Nair,7.56,5092.57,Credit Card
STN0217,EV Charging Station 217,Chennai,Tamil Nadu,13.07606,80.299166,Tata Power,Private,IEC 60309 3-pin,60,309.86,CUST01063,Kiran Nair,2.64,818.03,Wallet
STN0057,EV Charging Station 057,Belagavi,Karnataka,15.905475,74.454089,Ather Grid,Public,Type 2,22,190.71,CUST01064,Sneha Nair,2.32,442.45,UPI
STN0033,EV Charging Station 033,Chennai,Tamil Nadu,13.077108,80.285171,Jio-bp,Commercial,Type 2,120,815.69,CUST01065,Manoj Nair,3.62,2952.8,UPI
STN0040,,Pune,Maharashtra,18.551392,73.821389,Zeon Charging,Private,Type 2,,173.28,CUST01066,Divya Nair,1.55,268.58,Debit Card
STN0264,EV Charging Station 264,Bengaluru,Karnataka,12.986224,77.629472,Jio-bp,Private,CHAdeMO,30,222.52,CUST01067,Suresh Nair,5.33,1186.03,Debit Card
STN0196,EV Charging Station 196,Mysuru,Karnataka,12.279694,76.623414,Zeon Charging,Private,CHAdeMO,50,396.8,CUST01068,Lakshmi Nair,2.48,984.06,UPI
STN0298,EV Charging Station 298,Pune,Maharashtra,18.51439,73.85702,Zeon Charging,Commercial,CCS2,11,68.84,CUST01069,Arun Kumar,6.63,456.41,UPI
STN0049,EV Charging Station 049,Belagavi,Karnataka,15.838721,74.495454,Jio-bp,Private,CCS2,30,298.03,CUST01070,Anjali Kumar,5.26,1567.64,UPI
STN0243,,Mysuru,Karnataka,12.300171,76.661543,Zeon Charging,Public,Type 2,120,1156.16,CUST01071,Akhil Kumar,2.88,3329.74,Credit Card
STN0093,EV Charging Station 093,Belagavi,Karnataka,15.873802,74.494319,Ather Grid,Public,CHAdeMO,60,519.94,CUST01072,Amritha Kumar,0.51,265.17,
STN0471,EV Charging Station 471,Hyderabad,Telangana,17.355187,78.463449,Zeon Charging,Public,CCS2,22,122.32,CUST01073,Ravi Kumar,5.14,628.72,UPI
STN0485,EV Charging Station 485,Mangaluru,Karnataka,12.909662,74.870655,ChargeZone,Private,CCS2,120,812.22,CUST01074,Priya Kumar,3.08,2501.64,Credit Card
STN0068,EV Charging Station 068,Pune,Maharashtra,18.550144,73.900722,Ather Grid,Public,Type 2,120,1173.93,CUST01075,Kiran Kumar,1.52,1784.37,UPI
STN0230,EV Charging Station 230,Kochi,Kerala,9.935277,76.276729,ChargeZone,Public,CCS2,120,506.41,CUST01076,Sneha Kumar,2.95,1493.91,Credit Card
STN0445,EV Charging Station 445,Mumbai,Maharashtra,19.028926,72.87991,ChargeZone,Public,GB/T,50,394.68,CUST01077,Manoj Kumar,5.45,2151.01,Credit Card
STN0401,EV Charging Station 401,Pune,Maharashtra,18.541996,73.846168,Zeon Charging,Public,CCS2,30,131.36,CUST01078,Divya Kumar,2.23,292.93,UPI
STN0468,EV Charging Station 468,Mysuru,Karnataka,12.384135,76.663515,ChargeZone,Public,CCS2,120,896.86,CUST01079,Suresh Kumar,1.66,1488.79,UPI
STN0083,EV Charging Station 083,Delhi,Delhi,28.580495,77.18095,Statiq,Private,CHAdeMO,7.2,49.65,CUST01080,Lakshmi Kumar,7.91,392.73,Debit Card
STN0413,EV Charging Station 413,Belagavi,Karnataka,15.883781,74.44915,Jio-bp,Public,GB/T,60,569.8,CUST01081,Arun Sharma,3.04,1732.19,UPI
STN0370,EV Charging Station 370,Delhi,Delhi,28.60342,77.230746,Ather Grid,Public,IEC 60309 3-pin,60,417.88,CUST01082,Anjali Sharma,0.82,342.66,Credit Card
STN0056,EV Charging Station 056,Bengaluru,Karnataka,12.96938,77.535855,Jio-bp,Public,Type 2,11,87.67,CUST01083,Akhil Sharma,,98.19,UPI
STN0390,EV Charging Station 390,Kochi,Kerala,9.94942,76.269334,Zeon Charging,Public,CCS2,120,905.82,CUST01084,Amritha Sharma,1.76,1594.24,UPI
STN0418,EV Charging Station 418,Belagavi,Karnataka,15.84043,74.401667,Statiq,Public,Type 2,50,356.05,CUST01085,Ravi Sharma,4.79,1705.48,Credit Card
STN0430,EV Charging Station 430,Mysuru,Karnataka,12.290239,76.620468,Statiq,Private,IEC 60309 3-pin,3.3,31.65,CUST01086,Priya Sharma,4.25,134.51,Debit Card
STN0099,EV Charging Station 099,Hyderabad,Telangana,17.416295,78.484977,ChargeZone,Private,Type 2,60,,CUST01087,Kiran Sharma,4.01,964.32,UPI
STN0266,EV Charging Station 266,Mumbai,Maharashtra,19.121087,72.826368,Jio-bp,Public,CHAdeMO,120,985.1,CUST01088,,5.18,5102.82,UPI
STN0073,EV Charging Station 073,Hyderabad,Telangana,17.398243,78.513738,Jio-bp,Private,Type 2,50,499.33,CUST01089,Manoj Sharma,0.97,484.35,Debit Card
STN0038,EV Charging Station 038,Mumbai,,19.094867,,Zeon Charging,,CCS2,150,1095.24,CUST01090,Divya Sharma,1.22,1336.19,UPI
STN0126,EV Charging Station 126,Belagavi,Karnataka,15.82675,74.542208,Statiq,Private,CCS2,11,77.29,CUST01091,Suresh Sharma,2.61,201.73,UPI
STN0247,EV Charging Station 247,Belagavi,Karnataka,15.881984,74.463688,ChargeZone,Public,Type 2,120,707.47,CUST01092,Lakshmi Sharma,6.02,4258.97,Credit Card
STN0338,EV Charging Station 338,Mysuru,Karnataka,12.315153,76.699052,Statiq,Private,CCS2,60,343.51,CUST01093,Arun Reddy,1.53,525.57,
STN0102,EV Charging Station 102,Mangaluru,Karnataka,12.971015,74.861617,Zeon Charging,Private,Type 2,11,105.91,CUST01094,Anjali Reddy,2.02,213.94,UPI
STN0204,EV Charging Station 204,Hubballi,Karnataka,15.384676,75.193496,Jio-bp,Private,CCS2,30,135.86,CUST01095,Akhil Reddy,0.67,91.03,Credit Card
STN0191,EV Charging Station 191,Hyderabad,Telangana,17.359693,,Statiq,Public,CCS2,120,1048.92,CUST01096,Amritha Reddy,5.36,5622.21,Credit Card
STN0202,EV Charging Station 202,Mumbai,Maharashtra,19.055414,72.865239,Zeon Charging,Public,Type 2,7.2,33.32,CUST01097,Ravi Reddy,1.13,37.65,Credit Card
STN0437,EV Charging Station 437,Mysuru,Karnataka,12.353553,76.662062,Statiq,Public,Type 2,22,120.3,CUST01098,Priya Reddy,3.05,366.92,UPI
STN0172,EV Charging Station 172,Kochi,Kerala,9.94166,76.313773,Statiq,Private,Type 2,150,969.01,CUST01099,Kiran Reddy,3.91,3788.83,UPI
STN0042,EV Charging Station 042,,Tamil Nadu,13.064959,80.27146,Jio-bp,Public,Type 2,30,290.29,CUST01100,Sneha Reddy,1.47,426.73,UPI
STN0112,EV Charging Station 112,,Maharashtra,18.503584,73.894981,Jio-bp,Public,CCS2,120,952.97,CUST01101,Manoj Reddy,1.2,1143.56,Wallet
STN0191,EV Charging Station 191,Delhi,Delhi,28.641085,77.201221,Statiq,Public,CHAdeMO,120,997.59,CUST01102,Divya Reddy,7.65,7631.56,Credit Card
STN0434,EV Charging Station 434,Kochi,Kerala,9.897252,76.237711,Jio-bp,Public,CCS2,11,51.05,CUST01103,Suresh Reddy,2.73,139.37,UPI
STN0375,EV Charging Station 375,Bengaluru,Karnataka,13.030186,77.608735,ChargeZone,Public,CHAdeMO,7.2,42.89,CUST01104,Lakshmi Reddy,6.69,286.93,Debit Card
STN0360,EV Charging Station 360,Mumbai,Maharashtra,19.125583,72.853041,Tata Power,Public,CCS2,3.3,31.64,CUST01105,Arun Patil,3.78,119.6,UPI
STN0355,EV Charging Station 355,Kochi,Kerala,9.894721,76.217272,Ather Grid,Commercial,CCS2,150,1431.58,CUST01106,Anjali Patil,4.09,5855.16,Cash
STN0039,EV Charging Station 039,Delhi,Delhi,,77.207674,Tata Power,Public,Type 2,30,184.44,CUST01107,Akhil Patil,0.81,149.4,Debit Card
STN0406,EV Charging Station 406,Hyderabad,Telangana,17.334729,78.489741,Jio-bp,Public,GB/T,11,66.4,CUST01108,Amritha Patil,7.19,477.42,Debit Card
STN0244,EV Charging Station 244,Belagavi,Karnataka,15.845063,74.519648,Ather Grid,Commercial,CCS2,150,1214.75,CUST01109,Ravi Patil,3.87,4701.08,Credit Card
STN0278,EV Charging Station 278,Bengaluru,Karnataka,13.024866,77.58432,Tata Power,Private,CCS2,3.3,17.95,CUST01110,Priya Patil,3.68,66.06,Wallet
STN0052,EV Charging Station 052,Mumbai,Maharashtra,19.123142,72.920989,ChargeZone,Public,Type 2,3.3,23.08,CUST01111,Kiran Patil,5.09,117.48,Credit Card
STN0476,EV Charging Station 476,Belagavi,Karnataka,15.818285,74.586872,Jio-bp,Public,GB/T,7.2,35.58,CUST01112,Sneha Patil,4.43,157.62,Wallet
STN0355,EV Charging Station 355,Pune,Maharashtra,,73.792794,Zeon Charging,Public,Type 2,30,225.86,CUST01113,Manoj Patil,2.68,605.3,UPI
STN0374,,Chennai,Tamil Nadu,13.093595,80.228433,Tata Power,Commercial,IEC 60309 3-pin,150,865.62,CUST01114,Divya Patil,6.31,5462.06,Credit Card
STN0447,EV Charging Station 447,Hubballi,Karnataka,15.360401,75.149345,Statiq,Private,Type 2,30,261.78,CUST01115,Suresh Patil,1.35,353.4,Wallet
STN0428,EV Charging Station 428,Pune,Maharashtra,18.499614,73.902126,Jio-bp,Public,CHAdeMO,,129.93,CUST01116,Lakshmi Patil,4.1,532.71,UPI
STN0181,EV Charging Station 181,Chennai,Tamil Nadu,13.072441,80.247775,Tata Power,Public,Type 2,22,178.72,CUST01117,Arun Shetty,3.75,,UPI
STN0479,EV Charging Station 479,Pune,Maharashtra,18.523966,73.884516,Ather Grid,Public,CCS2,150,607.06,CUST01118,Anjali Shetty,5.17,3138.5,UPI
STN0232,EV Charging Station 232,Belagavi,Karnataka,15.925526,74.501865,Jio-bp,Public,IEC 60309 3-pin,7.2,,CUST01119,Akhil Shetty,2.85,136.37,Credit Card
STN0134,EV Charging Station 134,Delhi,Delhi,28.609853,77.131543,ChargeZone,Private,CCS2,22,122.51,CUST01120,Amritha Shetty,6.62,811.02,UPI
STN0327,EV Charging Station 327,Hubballi,Karnataka,15.32394,75.109882,ChargeZone,Private,GB/T,150,1212.37,CUST01121,Ravi Shetty,5.22,6328.57,Credit Card
STN0401,EV Charging Station 401,Mangaluru,Karnataka,12.918768,74.840209,Tata Power,Public,CCS2,60,542.65,CUST01122,Priya Shetty,2.82,1530.27,UPI
STN0475,,Mysuru,Karnataka,12.304347,76.675188,Ather Grid,Public,GB/T,22,116.94,CUST01123,Kiran Shetty,2.74,320.42,UPI
STN0365,EV Charging Station 365,Hubballi,Karnataka,15.355448,75.088503,Jio-bp,Public,Type 2,120,894.03,CUST01124,Sneha Shetty,3.29,2941.36,UPI
STN0395,EV Charging Station 395,Delhi,Delhi,28.602221,77.190036,Tata Power,Private,Type 2,150,1096.73,CUST01125,Manoj Shetty,4.84,5308.17,UPI
STN0354,EV Charging Station 354,Belagavi,Karnataka,15.857179,74.492165,Zeon Charging,Commercial,CCS2,7.2,29.59,CUST01126,Divya Shetty,5.05,149.43,Credit Card
STN0420,EV Charging Station 420,Mumbai,Maharashtra,19.061023,72.806777,Statiq,Public,CCS2,150,1405,CUST01127,Suresh Shetty,6.98,9806.9,UPI
STN0010,EV Charging Station 010,Mangaluru,Karnataka,12.891363,74.849889,Statiq,Commercial,CCS2,30,143.23,CUST01128,Lakshmi Shetty,3.08,441.15,
STN0220,EV Charging Station 220,Delhi,Delhi,28.650201,77.170014,Zeon Charging,Public,CCS2,7.2,48.66,CUST01129,Arun Rao,1.18,57.42,Debit Card
STN0360,EV Charging Station 360,Chennai,Tamil Nadu,13.043602,80.248591,Statiq,Public,CCS2,150,834.7,CUST01130,Anjali Rao,6.93,5784.47,UPI
STN0263,EV Charging Station 263,Mysuru,Karnataka,12.224917,76.657086,Jio-bp,Commercial,CCS2,120,1114.93,CUST01131,Akhil Rao,4.6,5128.68,Credit Card
STN0284,EV Charging Station 284,Pune,Maharashtra,18.561669,73.825228,Ather Grid,Public,GB/T,120,540.47,CUST01132,Amritha Rao,2.79,1507.91,UPI
STN0374,EV Charging Station 374,Pune,Maharashtra,18.50632,73.904588,Statiq,Public,CCS2,7.2,52.99,CUST01133,Ravi Rao,3.09,163.74,UPI
STN0050,EV Charging Station 050,Delhi,Delhi,28.583034,77.208404,ChargeZone,Commercial,Type 2,7.2,49.1,CUST01134,Priya Rao,0.84,41.24,UPI
STN0299,EV Charging Station 299,Chennai,Tamil Nadu,13.099656,80.324724,Zeon Charging,Private,CCS2,7.2,,CUST01135,Kiran Rao,5.66,173.03,Debit Card
STN0209,EV Charging Station 209,Hyderabad,Telangana,17.323218,78.508279,Zeon Charging,Commercial,IEC 60309 3-pin,7.2,44.65,CUST01136,Sneha Rao,4.05,180.83,UPI
STN0163,EV Charging Station 163,Mangaluru,Karnataka,12.960952,74.887106,ChargeZone,Private,IEC 60309 3-pin,120,1138.28,CUST01137,Manoj Rao,5.24,5964.59,UPI
STN0115,EV Charging Station 115,Mumbai,Maharashtra,19.114083,72.891299,Ather Grid,Public,Type 2,11,97,CUST01138,Divya Rao,1.06,102.82,UPI
STN0321,EV Charging Station 321,Mangaluru,Karnataka,12.92765,74.840512,Ather Grid,Public,GB/T,7.2,29.12,CUST01139,Suresh Rao,6.07,176.76,Debit Card
STN0168,EV Charging Station 168,Mumbai,Maharashtra,19.052812,72.842096,Zeon Charging,Public,GB/T,120,620.49,CUST01140,Lakshmi Rao,6.29,3902.88,UPI
STN0428,EV Charging Station 428,Mysuru,Karnataka,12.271422,76.613522,ChargeZone,Public,Type 2,150,977.86,CUST01141,Arun Iyer,4.57,4468.82,UPI
STN0236,EV Charging Station 236,Delhi,Delhi,28.658652,77.244584,Statiq,Public,Type 2,60,551.83,CUST01142,Anjali Iyer,1.39,767.04,UPI
STN0494,EV Charging Station 494,Belagavi,Karnataka,15.827409,74.473831,Tata Power,Public,CCS2,22,158.69,CUST01143,Akhil Iyer,4.6,729.97,UPI
STN0126,EV Charging Station 126,Mysuru,Karnataka,12.352463,76.688885,Statiq,Public,CCS2,50,319.74,CUST01144,Amritha Iyer,1.17,374.1,Credit Card
STN0080,EV Charging Station 080,Mangaluru,Karnataka,12.912849,74.916358,Tata Power,Private,CCS2,150,1186.86,CUST01145,Ravi Iyer,7.98,9471.14,Credit Card
STN0418,EV Charging Station 418,Kochi,Kerala,9.93171,76.28384,Jio-bp,Public,CCS2,7.2,53.17,CUST01146,,0.66,35.09,UPI
STN0495,EV Charging Station 495,Mumbai,Maharashtra,19.056143,72.892658,ChargeZone,Public,IEC 60309 3-pin,22,103.24,CUST01147,Kiran Iyer,6.28,648.35,UPI
STN0402,EV Charging Station 402,Delhi,Delhi,28.647909,,Zeon Charging,Public,,7.2,56.52,CUST01148,Sneha Iyer,1.02,57.65,UPI
STN0463,EV Charging Station 463,Belagavi,Karnataka,15.885186,74.472872,ChargeZone,Public,CCS2,22,111.73,CUST01149,Manoj Iyer,1.61,179.89,Credit Card
STN0199,EV Charging Station 199,Kochi,Kerala,9.963687,76.261292,Statiq,Public,IEC 60309 3-pin,60,262.85,CUST01150,Divya Iyer,7.24,1903.03,UPI
STN0072,EV Charging Station 072,Kochi,Kerala,9.974762,76.281498,Zeon Charging,Private,CCS2,150,721.74,CUST01151,Suresh Iyer,6.65,4799.57,Credit Card
STN0404,EV Charging Station 404,Mumbai,Maharashtra,19.011047,72.894823,Tata Power,Public,CCS2,3.3,30.95,CUST01152,Lakshmi Iyer,5.03,155.68,Credit Card
STN0493,EV Charging Station 493,Chennai,Tamil Nadu,13.088616,80.271751,ChargeZone,Public,IEC 60309 3-pin,7.2,53.57,CUST01153,Arun Nair,7.96,426.42,UPI
STN0175,EV Charging Station 175,Delhi,Delhi,28.640783,,Tata Power,Public,CCS2,30,205.94,CUST01154,Anjali Nair,6.44,1326.25,UPI
STN0499,EV Charging Station 499,Kochi,Kerala,9.949872,76.256603,Ather Grid,Public,IEC 60309 3-pin,60,282.96,CUST01155,Akhil Nair,5.92,1675.12,Wallet
STN0173,EV Charging Station 173,Mangaluru,Karnataka,12.910978,74.858529,Ather Grid,Private,Type 2,50,487.23,CUST01156,Amritha Nair,7.89,3844.24,Credit Card
STN0460,EV Charging Station 460,Mangaluru,Karnataka,12.92201,74.88164,,,GB/T,150,1010.08,CUST01157,Ravi Nair,0.79,,UPI
STN0290,EV Charging Station 290,Mysuru,Karnataka,12.293316,76.621339,Zeon Charging,Public,Type 2,11,106.7,CUST01158,Priya Nair,0.79,84.29,Debit Card
STN0082,EV Charging Station 082,Delhi,Delhi,28.597515,77.212586,Jio-bp,Public,Type 2,150,1279.63,CUST01159,Kiran Nair,6.19,7920.91,UPI
STN0425,EV Charging Station 425,Kochi,Kerala,9.934331,76.301435,Ather Grid,Commercial,IEC 60309 3-pin,22,185.61,CUST01160,Sneha Nair,7.14,1325.26,Wallet
STN0013,EV Charging Station 013,,Karnataka,15.832055,74.544723,Zeon Charging,Commercial,CCS2,7.2,34.26,CUST01161,Manoj Nair,1.71,58.58,UPI
STN0026,EV Charging Station 026,Mangaluru,Karnataka,12.867933,74.850603,Zeon Charging,Public,CCS2,22,158.58,CUST01162,Divya Nair,7.76,1230.58,Wallet
STN0331,EV Charging Station 331,Pune,Maharashtra,18.561264,73.843287,ChargeZone,Public,IEC 60309 3-pin,120,979.69,CUST01163,Suresh Nair,5.3,5192.36,Debit Card
STN0180,EV Charging Station 180,Delhi,Delhi,28.607721,77.231916,Zeon Charging,Private,,7.2,42,CUST01164,Lakshmi Nair,3.5,147,Credit Card
STN0054,EV Charging Station 054,Mysuru,Karnataka,12.290055,76.60247,Zeon Charging,Public,IEC 60309 3-pin,30,129.29,CUST01165,Arun Kumar,1.81,234.01,Debit Card
STN0444,EV Charging Station 444,Hubballi,Karnataka,15.278736,75.094433,Ather Grid,Commercial,GB/T,30,265.7,CUST01166,Anjali Kumar,3.73,991.06,UPI
STN0053,EV Charging Station 053,Chennai,Tamil Nadu,13.059896,,ChargeZone,Public,IEC 60309 3-pin,7.2,31.99,CUST01167,Akhil Kumar,7.42,237.37,Credit Card
STN0330,EV Charging Station 330,Mysuru,Karnataka,12.267385,76.635839,Jio-bp,Public,CCS2,50,312.52,CUST01168,Amritha Kumar,6.9,2156.39,UPI
STN0162,EV Charging Station 162,Mumbai,Maharashtra,19.099967,72.850513,Statiq,Commercial,Type 2,30,295.21,CUST01169,Ravi Kumar,4.31,1272.36,Cash
STN0347,EV Charging Station 347,Mumbai,Maharashtra,19.111137,72.872501,Zeon Charging,Public,Type 2,22,215.74,CUST01170,Priya Kumar,2.43,524.25,UPI
STN0166,EV Charging Station 166,Kochi,Kerala,9.975389,76.272413,Ather Grid,Public,IEC 60309 3-pin,120,799.78,CUST01171,Kiran Kumar,3.72,2975.18,Credit Card
STN0401,EV Charging Station 401,Chennai,Tamil Nadu,13.081963,80.236117,Zeon Charging,Public,CCS2,50,491.87,CUST01172,Sneha Kumar,5.66,2783.98,UPI
STN0258,EV Charging Station 258,Hubballi,Karnataka,15.391358,75.148199,ChargeZone,Public,CCS2,120,979.88,CUST01173,Manoj Kumar,0.97,950.48,UPI
STN0244,EV Charging Station 244,Pune,Maharashtra,18.486781,73.84646,Jio-bp,Public,CCS2,7.2,34.33,CUST01174,Divya Kumar,0.85,29.18,UPI
STN0075,EV Charging Station 075,Hyderabad,Telangana,17.43676,78.535258,Statiq,Public,CCS2,50,316.35,CUST01175,Suresh Kumar,4.96,1569.1,UPI
STN0399,EV Charging Station 399,Kochi,Kerala,9.938257,76.255539,Jio-bp,Public,Type 2,22,90.91,CUST01176,Lakshmi Kumar,3.94,358.19,Credit Card
STN0065,EV Charging Station 065,Mysuru,Karnataka,12.298001,76.712665,Zeon Charging,Private,IEC 60309 3-pin,120,592.22,CUST01177,Arun Sharma,5.45,3227.6,Cash
STN0115,EV Charging Station 115,Mysuru,Karnataka,12.284834,76.685789,Statiq,Private,GB/T,150,1095.55,CUST01178,Anjali Sharma,0.93,1018.86,Wallet
STN0415,EV Charging Station 415,Belagavi,Karnataka,15.896274,74.472396,Zeon Charging,Private,CCS2,3.3,13.62,CUST01179,Akhil Sharma,6.84,93.16,UPI
STN0175,EV Charging Station 175,Delhi,Delhi,28.602842,77.21719,Zeon Charging,Public,Type 2,150,1300.72,CUST01180,Amritha Sharma,2.95,3837.12,Debit Card
STN0214,EV Charging Station 214,Hubballi,Karnataka,15.3813,75.111404,Jio-bp,Public,GB/T,7.2,31.33,CUST01181,Ravi Sharma,3.46,108.4,UPI
STN0180,EV Charging Station 180,Mangaluru,Karnataka,12.928063,74.831617,Tata Power,Public,CCS2,50,383.85,CUST01182,Priya Sharma,7.36,2825.14,UPI
STN0193,EV Charging Station 193,Mysuru,Karnataka,12.325988,76.698706,Zeon Charging,Public,CCS2,22,175.05,CUST01183,Kiran Sharma,7.68,1344.38,Cash
STN0387,EV Charging Station 387,Mangaluru,Karnataka,12.936088,74.784304,ChargeZone,Public,Type 2,11,48.33,CUST01184,Sneha Sharma,1.4,67.66,Credit Card
STN0255,EV Charging Station 255,Pune,Maharashtra,18.498472,73.833261,Statiq,Public,CHAdeMO,50,443.71,CUST01185,Manoj Sharma,2.01,891.86,Credit Card
STN0377,EV Charging Station 377,Belagavi,Karnataka,15.842488,74.475674,Statiq,Public,Type 2,60,527.46,CUST01186,Divya Sharma,1.44,759.54,UPI
STN0366,EV Charging Station 366,Pune,Maharashtra,18.571079,73.870858,Jio-bp,Public,CCS2,60,356.97,CUST01187,Suresh Sharma,7.15,2552.34,Wallet
STN0428,EV Charging Station 428,Kochi,Kerala,9.924584,,Zeon Charging,Public,CCS2,7.2,70.82,CUST01188,Lakshmi Sharma,6.52,461.75,Credit Card
STN0455,EV Charging Station 455,Mangaluru,Karnataka,12.937063,74.926822,Statiq,Public,Type 2,22,149.59,CUST01189,Arun Reddy,2.26,338.07,
STN0480,EV Charging Station 480,Chennai,Tamil Nadu,13.120561,80.244515,Zeon Charging,Public,CCS2,50,488.4,CUST01190,Anjali Reddy,5.59,2730.16,Credit Card
STN0157,EV Charging Station 157,Pune,Maharashtra,18.503865,73.826629,Jio-bp,Private,CCS2,3.3,30.71,CUST01191,Akhil Reddy,2.39,73.4,Credit Card
STN0274,EV Charging Station 274,Delhi,Delhi,28.661605,77.237525,Tata Power,Private,Type 2,120,913.76,CUST01192,Amritha Reddy,4,3655.04,UPI
STN0368,EV Charging Station 368,Kochi,Kerala,9.937081,76.293927,ChargeZone,Private,CCS2,60,497.12,CUST01193,Ravi Reddy,7.01,3484.81,UPI
STN0494,EV Charging Station 494,Mangaluru,Karnataka,12.913668,74.853713,Ather Grid,Public,CHAdeMO,150,666.86,CUST01194,Priya Reddy,6.73,4487.97,UPI
STN0129,EV Charging Station 129,Bengaluru,Karnataka,12.956683,77.581389,Jio-bp,Private,GB/T,7.2,68.42,CUST01195,Kiran Reddy,4.2,287.36,Credit Card
STN0476,EV Charging Station 476,Chennai,Tamil Nadu,13.060469,80.227152,Tata Power,Public,Type 2,,68.57,CUST01196,Sneha Reddy,0.9,61.71,Credit Card
STN0149,EV Charging Station 149,Mumbai,Maharashtra,19.116221,72.876608,Zeon Charging,Private,GB/T,120,796.99,CUST01197,Manoj Reddy,,4200.14,Credit Card
STN0432,EV Charging Station 432,Kochi,Kerala,9.947553,76.233679,Statiq,Commercial,CCS2,30,157.74,CUST01198,Divya Reddy,2,315.48,Credit Card
STN0348,EV Charging Station 348,Hubballi,Karnataka,15.348024,75.088493,Jio-bp,Public,Type 2,30,162.87,CUST01199,Suresh Reddy,7.11,1158.01,Wallet
STN0025,EV Charging Station 025,Mangaluru,Karnataka,12.870395,74.84906,Statiq,Private,Type 2,22,132.32,CUST01200,Lakshmi Reddy,3.65,482.97,Cash
STN0333,EV Charging Station 333,Mangaluru,Karnataka,12.918359,74.892217,Jio-bp,Private,CCS2,22,158.07,CUST01201,Arun Patil,5.66,894.68,UPI
STN0142,EV Charging Station 142,Mysuru,Karnataka,12.301161,76.733629,Tata Power,Commercial,CCS2,22,109.44,CUST01202,Anjali Patil,2.38,260.47,UPI
STN0070,EV Charging Station 070,Mysuru,Karnataka,12.294572,76.590232,Statiq,Public,CCS2,30,211.51,CUST01203,Akhil Patil,1.75,370.14,Credit Card
STN0498,EV Charging Station 498,Delhi,Delhi,28.672819,,Ather Grid,Private,Type 2,30,149.13,CUST01204,Amritha Patil,2.61,389.23,UPI
STN0027,EV Charging Station 027,Hubballi,Karnataka,15.357475,75.193017,Statiq,Public,IEC 60309 3-pin,11,109.7,CUST01205,Ravi Patil,6.74,739.38,Credit Card
STN0005,EV Charging Station 005,,Karnataka,12.902809,74.835474,Zeon Charging,Private,CCS2,150,1464.1,CUST01206,Priya Patil,7.1,10395.11,Cash
STN0101,EV Charging Station 101,Mumbai,Maharashtra,19.051217,72.88244,Tata Power,Public,CCS2,60,271.28,CUST01207,Kiran Patil,6.81,1847.42,Cash
STN0238,EV Charging Station 238,Belagavi,Karnataka,15.797916,74.475591,ChargeZone,Private,CCS2,120,979.04,CUST01208,Sneha Patil,7.01,6863.07,UPI
STN0043,EV Charging Station 043,Hyderabad,Telangana,17.387907,78.414952,Ather Grid,Public,CCS2,120,928.4,CUST01209,Manoj Patil,6.96,6461.66,UPI
STN0417,EV Charging Station 417,Delhi,Delhi,28.563177,77.184037,Statiq,Public,GB/T,50,206.94,CUST01210,Divya Patil,5.62,1163,Credit Card
STN0110,EV Charging Station 110,Bengaluru,Karnataka,12.887771,77.52015,Tata Power,Public,Type 2,30,131.66,CUST01211,Suresh Patil,2.24,294.92,UPI
STN0143,EV Charging Station 143,Mangaluru,Karnataka,12.821275,74.868839,Jio-bp,Public,CCS2,120,898.13,CUST01212,Lakshmi Patil,0.66,592.77,UPI
STN0420,EV Charging Station 420,Mangaluru,Karnataka,12.90396,74.810696,Statiq,Commercial,GB/T,120,794.13,CUST01213,Arun Shetty,2.93,2326.8,Credit Card
STN0058,EV Charging Station 058,Hyderabad,Telangana,17.356953,78.511074,Ather Grid,Public,CCS2,3.3,28.84,CUST01214,Anjali Shetty,5.45,157.18,Credit Card
STN0257,EV Charging Station 257,Delhi,Delhi,28.628547,77.232712,Statiq,Commercial,CCS2,7.2,60.09,CUST01215,Akhil Shetty,6.18,371.36,UPI
STN0272,EV Charging Station 272,Belagavi,Karnataka,15.885774,74.524987,Statiq,Public,CHAdeMO,150,1200.87,CUST01216,Amritha Shetty,1.05,1260.91,UPI
STN0227,EV Charging Station 227,Hubballi,Karnataka,15.385226,75.176867,Zeon Charging,Private,Type 2,150,731.18,CUST01217,Ravi Shetty,5.93,4335.9,UPI
STN0246,EV Charging Station 246,Belagavi,Karnataka,15.835349,74.50552,ChargeZone,Public,Type 2,30,203.91,CUST01218,Priya Shetty,2.67,544.44,UPI
STN0260,EV Charging Station 260,Chennai,Tamil Nadu,13.048728,80.336597,Tata Power,Public,Type 2,3.3,27.05,CUST01219,Kiran Shetty,7.74,209.37,Credit Card
STN0014,EV Charging Station 014,Mysuru,Karnataka,12.282984,76.66076,Statiq,Public,Type 2,60,371.91,CUST01220,Sneha Shetty,4.48,1666.16,UPI
STN0062,EV Charging Station 062,Mumbai,Maharashtra,19.089709,72.852072,ChargeZone,Public,GB/T,30,295.49,CUST01221,Manoj Shetty,,2080.25,Debit Card
STN0289,EV Charging Station 289,Delhi,Delhi,28.611699,77.19805,ChargeZone,Public,IEC 60309 3-pin,120,511.07,CUST01222,Divya Shetty,1.63,833.04,UPI
STN0269,EV Charging Station 269,Hyderabad,Telangana,17.351287,78.455942,Statiq,Public,IEC 60309 3-pin,11,,CUST01223,Suresh Shetty,4.02,276.33,UPI
STN0030,EV Charging Station 030,Mysuru,Karnataka,12.297662,76.704196,ChargeZone,Commercial,IEC 60309 3-pin,7.2,56.85,CUST01224,Lakshmi Shetty,7.52,427.51,UPI
STN0442,EV Charging Station 442,Belagavi,Karnataka,15.851085,74.498131,Zeon Charging,Private,Type 2,30,299.79,CUST01225,Arun Rao,3.93,1178.17,UPI
STN0209,EV Charging Station 209,Mangaluru,Karnataka,12.917493,74.828673,Ather Grid,Private,Type 2,150,1270.9,CUST01226,Anjali Rao,3.99,5070.89,UPI
STN0256,EV Charging Station 256,Hubballi,Karnataka,15.361442,75.104361,Tata Power,Public,Type 2,7.2,57.32,CUST01227,Akhil Rao,1.94,111.2,Credit Card
STN0234,EV Charging Station 234,Delhi,,28.591315,77.256862,Ather Grid,Public,CCS2,30,202.42,CUST01228,Amritha Rao,0.67,135.62,Wallet
STN0248,EV Charging Station 248,Belagavi,Karnataka,15.887557,74.465311,Ather Grid,Public,CHAdeMO,30,151.38,CUST01229,Ravi Rao,4.67,706.94,Wallet
STN0070,EV Charging Station 070,Bengaluru,Karnataka,13.048257,77.604187,Jio-bp,Public,Type 2,50,359.95,CUST01230,Priya Rao,2.79,1004.26,Credit Card
STN0488,EV Charging Station 488,Hubballi,Karnataka,15.337017,75.17221,Tata Power,Commercial,GB/T,30,163.04,CUST01231,Kiran Rao,3.89,634.23,UPI
STN0434,EV Charging Station 434,Hubballi,Karnataka,15.35414,75.158686,Statiq,Private,Type 2,60,304.7,CUST01232,Sneha Rao,3.42,1042.07,UPI
STN0176,EV Charging Station 176,Mysuru,Karnataka,12.268952,76.671628,Statiq,Public,Type 2,11,73.09,CUST01233,Manoj Rao,2.55,186.38,Cash
STN0139,EV Charging Station 139,Kochi,Kerala,9.89749,76.271068,Ather Grid,Public,Type 2,11,97.05,CUST01234,Divya Rao,4.47,433.81,Debit Card
STN0409,EV Charging Station 409,Hyderabad,Telangana,17.36435,78.475524,Jio-bp,Public,CCS2,3.3,22.42,CUST01235,Suresh Rao,4.05,90.8,Credit Card
STN0378,EV Charging Station 378,Belagavi,Karnataka,15.838785,74.536741,Tata Power,Public,Type 2,22,219.48,CUST01236,Lakshmi Rao,4.91,1077.65,Credit Card
STN0350,EV Charging Station 350,Delhi,Delhi,28.583707,77.222753,,Private,CCS2,30,121.61,CUST01237,Arun Iyer,6.64,807.49,Wallet
STN0373,EV Charging Station 373,Kochi,Kerala,10.005785,76.282174,Zeon Charging,Private,Type 2,7.2,48.12,CUST01238,Anjali Iyer,2.95,141.95,Debit Card
STN0414,EV Charging Station 414,Mysuru,Karnataka,12.247585,76.685144,ChargeZone,Public,GB/T,11,93.83,CUST01239,Akhil Iyer,7.53,706.54,Debit Card
STN0400,EV Charging Station 400,Hubballi,Karnataka,15.38301,75.167528,ChargeZone,Public,CCS2,50,383.48,CUST01240,Amritha Iyer,6.54,2507.96,Cash
STN0291,EV Charging Station 291,Pune,Maharashtra,18.556065,73.857153,Zeon Charging,Public,CCS2,7.2,40.56,CUST01241,Ravi Iyer,5.13,208.07,Wallet
STN0015,EV Charging Station 015,Hubballi,Karnataka,15.372459,75.092168,ChargeZone,Commercial,CCS2,30,289.28,CUST01242,,3.2,925.7,Credit Card
STN0295,EV Charging Station 295,Chennai,Tamil Nadu,13.087991,80.277231,Zeon Charging,Private,Type 2,150,1037.91,CUST01243,Kiran Iyer,7.71,8002.29,UPI
STN0192,EV Charging Station 192,Mysuru,Karnataka,12.289822,76.595567,Zeon Charging,Private,Type 2,11,62.6,CUST01244,Sneha Iyer,6.48,405.65,UPI
STN0281,EV Charging Station 281,Delhi,Delhi,28.603344,77.163334,Tata Power,Public,Type 2,,1193.78,CUST01245,Manoj Iyer,0.93,1110.22,Debit Card
STN0381,EV Charging Station 381,Mysuru,Karnataka,12.271166,76.618979,ChargeZone,Public,Type 2,50,260.95,CUST01246,Divya Iyer,6.44,1680.52,UPI
STN0474,EV Charging Station 474,Mysuru,Karnataka,12.320564,76.621498,ChargeZone,Public,Type 2,3.3,14.05,CUST01247,Suresh Iyer,7.13,100.18,UPI
STN0276,EV Charging Station 276,Belagavi,Karnataka,15.873238,74.453081,Jio-bp,Private,CCS2,30,213.55,CUST01248,Lakshmi Iyer,2.93,625.7,UPI
STN0142,EV Charging Station 142,Mysuru,Karnataka,12.350522,76.634189,Ather Grid,Public,CCS2,120,855.34,CUST01249,,1.1,940.87,Wallet
STN0405,EV Charging Station 405,Kochi,Kerala,9.955088,76.241463,Tata Power,Public,IEC 60309 3-pin,50,310.11,CUST01250,Anjali Nair,6.87,2130.46,UPI
STN0107,EV Charging Station 107,Chennai,Tamil Nadu,13.053403,80.231309,Statiq,Public,Type 2,120,977.31,CUST01251,Akhil Nair,3.97,3879.92,UPI
STN0245,EV Charging Station 245,Bengaluru,Karnataka,12.959491,77.644112,Zeon Charging,Public,Type 2,22,94.69,CUST01252,Amritha Nair,2.13,201.69,UPI
STN0112,EV Charging Station 112,Bengaluru,Karnataka,12.930026,77.592052,Tata Power,Public,IEC 60309 3-pin,11,74.36,CUST01253,Ravi Nair,0.91,67.67,Debit Card
STN0031,EV Charging Station 031,Hyderabad,Telangana,17.392884,78.481766,Tata Power,Public,Type 2,30,298.93,CUST01254,Priya Nair,4.26,1273.44,UPI
STN0223,EV Charging Station 223,,Karnataka,15.879859,74.548585,Statiq,Public,Type 2,11,89.56,CUST01255,Kiran Nair,2.99,267.78,
STN0254,EV Charging Station 254,Belagavi,Karnataka,15.882308,74.488195,Zeon Charging,Public,CCS2,3.3,25.53,CUST01256,Sneha Nair,7.28,185.86,Credit Card
STN0096,EV Charging Station 096,Pune,Maharashtra,18.510539,73.905143,Jio-bp,Private,Type 2,7.2,45.81,CUST01257,Manoj Nair,2.13,97.58,Debit Card
STN0455,EV Charging Station 455,Kochi,Kerala,9.871157,76.262638,ChargeZone,,GB/T,30,261.14,CUST01258,Divya Nair,6.29,1642.57,UPI
STN0280,EV Charging Station 280,Bengaluru,Karnataka,12.985902,77.546772,Ather Grid,Public,Type 2,7.2,67.4,CUST01259,Suresh Nair,7.52,506.85,UPI
STN0397,EV Charging Station 397,Mumbai,Maharashtra,19.052913,72.876144,Zeon Charging,Public,CCS2,150,1056.88,CUST01260,Lakshmi Nair,1.19,1257.69,Credit Card
STN0295,EV Charging Station 295,Mysuru,Karnataka,12.268318,76.576741,Zeon Charging,Public,Type 2,30,206.87,CUST01261,Arun Kumar,,109.64,UPI
STN0090,EV Charging Station 090,Mysuru,Karnataka,12.311464,76.596141,Statiq,Private,CHAdeMO,150,779.68,CUST01262,Anjali Kumar,1.67,1302.07,UPI
STN0310,EV Charging Station 310,Hyderabad,Telangana,17.436204,78.539249,Jio-bp,,Type 2,120,840.5,CUST01263,Akhil Kumar,7.67,6446.64,Credit Card
STN0052,EV Charging Station 052,Belagavi,Karnataka,15.863399,74.456882,ChargeZone,Public,CCS2,7.2,62.56,CUST01264,Amritha Kumar,6.27,392.25,UPI
STN0051,EV Charging Station 051,Mysuru,Karnataka,12.380904,76.620086,Jio-bp,Public,CCS2,7.2,58.86,CUST01265,Ravi Kumar,1.89,111.25,UPI
STN0421,EV Charging Station 421,Mangaluru,Karnataka,12.960192,74.898462,ChargeZone,Public,CCS2,11,81.6,CUST01266,Priya Kumar,1.29,105.26,Debit Card
STN0069,EV Charging Station 069,Hyderabad,Telangana,17.383743,78.449001,ChargeZone,Public,IEC 60309 3-pin,30,263.93,CUST01267,Kiran Kumar,4.36,1150.73,Credit Card
STN0407,EV Charging Station 407,Delhi,Delhi,28.631075,77.20633,Tata Power,Public,IEC 60309 3-pin,11,54.46,CUST01268,Sneha Kumar,3.34,181.9,UPI
STN0247,EV Charging Station 247,Pune,Maharashtra,,73.806381,Jio-bp,Private,Type 2,150,1433.24,CUST01269,Manoj Kumar,4.97,7123.2,Cash
STN0428,EV Charging Station 428,Delhi,Delhi,28.57901,77.2637,Tata Power,Public,GB/T,22,120.19,CUST01270,Divya Kumar,3.27,393.02,UPI
STN0266,EV Charging Station 266,Hyderabad,Telangana,17.38935,,Jio-bp,Public,CCS2,11,104.7,CUST01271,Suresh Kumar,6.73,704.63,Cash
STN0500,EV Charging Station 500,Belagavi,Karnataka,15.857062,74.446885,Statiq,Public,CCS2,11,,CUST01272,Lakshmi Kumar,3.28,159.21,Debit Card
STN0142,EV Charging Station 142,Bengaluru,Karnataka,12.922973,77.573278,Ather Grid,Commercial,IEC 60309 3-pin,7.2,63.85,CUST01273,Arun Sharma,6.7,427.8,Wallet
STN0103,EV Charging Station 103,Mangaluru,Karnataka,12.847754,74.781276,Ather Grid,Public,GB/T,150,1193.41,CUST01274,Anjali Sharma,7,8353.87,UPI
STN0095,EV Charging Station 095,Hubballi,Karnataka,15.364487,75.120086,ChargeZone,Private,CCS2,30,216.58,CUST01275,Akhil Sharma,7.31,1583.2,Cash
STN0394,EV Charging Station 394,Belagavi,Karnataka,15.875212,74.456961,ChargeZone,Public,Type 2,22,146.25,CUST01276,Amritha Sharma,2.78,406.58,UPI
STN0346,EV Charging Station 346,Hyderabad,Telangana,17.307927,78.43754,Tata Power,Public,CCS2,50,292.39,CUST01277,Ravi Sharma,7.17,2096.44,UPI
STN0008,EV Charging Station 008,Hyderabad,Telangana,17.433136,78.471984,Ather Grid,Public,IEC 60309 3-pin,50,397.84,CUST01278,Priya Sharma,6.7,2665.53,UPI
STN0284,EV Charging Station 284,Mumbai,Maharashtra,19.072571,72.862059,,Public,IEC 60309 3-pin,3.3,27.41,CUST01279,Kiran Sharma,4.3,117.86,Credit Card
STN0356,,Hyderabad,Telangana,17.367714,78.52856,Tata Power,Public,Type 2,120,1158.82,CUST01280,Sneha Sharma,,1610.76,UPI
STN0308,EV Charging Station 308,Pune,Maharashtra,18.541435,73.843617,Statiq,Public,Type 2,7.2,54.47,CUST01281,Manoj Sharma,5.17,281.61,Wallet
STN0457,EV Charging Station 457,Mysuru,Karnataka,12.311784,76.607851,Ather Grid,Public,CCS2,7.2,38.5,CUST01282,Divya Sharma,1.44,55.44,UPI
STN0067,EV Charging Station 067,Kochi,Kerala,9.965155,76.327532,ChargeZone,Public,CHAdeMO,11,80.44,CUST01283,Suresh Sharma,5.89,473.79,UPI
STN0156,EV Charging Station 156,Mangaluru,Karnataka,12.921704,74.897055,,Public,CCS2,22,115.72,CUST01284,Lakshmi Sharma,4.28,495.28,UPI
STN0029,EV Charging Station 029,Belagavi,Karnataka,15.907241,74.466856,Jio-bp,Public,Type 2,50,345.5,CUST01285,Arun Reddy,5.61,1938.26,UPI
STN0464,EV Charging Station 464,Hubballi,Karnataka,15.421771,75.116067,ChargeZone,Private,,22,144.91,CUST01286,Anjali Reddy,4.71,682.53,Debit Card
STN0354,,Mysuru,Karnataka,12.294843,76.610576,ChargeZone,Public,Type 2,22,150.39,CUST01287,Akhil Reddy,0.61,91.74,UPI
STN0432,EV Charging Station 432,Bengaluru,Karnataka,13.016176,77.582428,Statiq,Commercial,CCS2,120,1185.15,CUST01288,Amritha Reddy,,687.39,UPI
STN0480,EV Charging Station 480,Delhi,Delhi,28.619055,77.211683,Jio-bp,Public,IEC 60309 3-pin,150,721.5,CUST01289,Ravi Reddy,5.05,3643.58,UPI
STN0064,EV Charging Station 064,Bengaluru,Karnataka,12.959298,77.561801,Tata Power,Public,IEC 60309 3-pin,50,426.17,CUST01290,Priya Reddy,5.59,2382.29,UPI
STN0210,EV Charging Station 210,Kochi,Kerala,9.866958,76.229626,,Private,GB/T,7.2,47.72,CUST01291,Kiran Reddy,4.87,232.4,UPI
STN0263,EV Charging Station 263,Mumbai,Maharashtra,19.07858,72.846396,Ather Grid,Private,Type 2,60,347.19,CUST01292,Sneha Reddy,6.34,2201.18,UPI
STN0492,EV Charging Station 492,Kochi,Kerala,9.924837,76.309971,Zeon Charging,Public,IEC 60309 3-pin,50,432.34,CUST01293,Manoj Reddy,3.42,1478.6,Credit Card
STN0185,EV Charging Station 185,Hyderabad,Telangana,17.33997,78.483084,Zeon Charging,Public,CCS2,22,203.55,CUST01294,Divya Reddy,2.69,547.55,UPI
STN0489,EV Charging Station 489,Belagavi,Karnataka,15.834457,74.52984,Ather Grid,Public,CCS2,150,1133.76,CUST01295,Suresh Reddy,5.39,6110.97,UPI
STN0171,EV Charging Station 171,Chennai,Tamil Nadu,13.07918,80.267492,Statiq,,Type 2,120,641.62,CUST01296,Lakshmi Reddy,4.1,,Credit Card
STN0039,EV Charging Station 039,Mumbai,Maharashtra,19.085211,72.857424,Statiq,Public,CCS2,22,182.97,CUST01297,Arun Patil,5.68,1039.27,Credit Card
STN0196,EV Charging Station 196,Pune,Maharashtra,18.518067,73.836419,Jio-bp,Public,Type 2,60,512.38,CUST01298,Anjali Patil,1.93,988.89,UPI
STN0012,EV Charging Station 012,Mysuru,Karnataka,12.318502,76.644168,Jio-bp,Public,GB/T,60,342.79,CUST01299,Akhil Patil,7.03,2409.81,
STN0069,EV Charging Station 069,Kochi,Kerala,9.931481,76.275906,Jio-bp,Public,GB/T,120,1022.05,CUST01300,Amritha Patil,7.81,7982.21,UPI
STN0161,EV Charging Station 161,Belagavi,Karnataka,15.848303,,Statiq,Public,CCS2,60,475.1,CUST01301,Ravi Patil,1.98,940.7,Wallet
STN0309,EV Charging Station 309,Mangaluru,Karnataka,12.946182,74.846368,Ather Grid,Public,CHAdeMO,7.2,54.01,CUST01302,Priya Patil,,99.92,Credit Card
STN0072,EV Charging Station 072,Pune,Maharashtra,18.51062,73.841085,Statiq,Public,CCS2,22,188.09,CUST01303,Kiran Patil,0.72,135.42,Debit Card
STN0015,EV Charging Station 015,Hyderabad,Telangana,17.394605,78.510864,ChargeZone,Private,IEC 60309 3-pin,30,260.42,CUST01304,Sneha Patil,3.79,986.99,UPI
STN0311,EV Charging Station 311,Pune,Maharashtra,18.540609,73.907342,Zeon Charging,Public,IEC 60309 3-pin,7.2,57.24,CUST01305,Manoj Patil,5.31,303.94,Debit Card
STN0291,EV Charging Station 291,Mysuru,Karnataka,12.234861,76.612149,Tata Power,Public,CHAdeMO,30,,CUST01306,Divya Patil,5.24,,UPI
STN0180,EV Charging Station 180,Mumbai,Maharashtra,19.062147,72.875574,Statiq,Commercial,Type 2,7.2,48.61,CUST01307,Suresh Patil,3.4,165.27,Debit Card
STN0311,EV Charging Station 311,Pune,Maharashtra,18.530273,73.819923,ChargeZone,Private,CCS2,60,512.52,CUST01308,Lakshmi Patil,6.44,3300.63,UPI
STN0481,EV Charging Station 481,Delhi,Delhi,28.61614,77.246213,Ather Grid,Commercial,IEC 60309 3-pin,7.2,33.38,CUST01309,Arun Shetty,3.85,128.51,Credit Card
STN0082,EV Charging Station 082,Mumbai,Maharashtra,19.07145,72.881563,Ather Grid,Public,CHAdeMO,7.2,55.5,CUST01310,Anjali Shetty,5.3,294.15,UPI
STN0182,EV Charging Station 182,Belagavi,Karnataka,15.859844,74.467677,ChargeZone,Public,CHAdeMO,7.2,29.17,CUST01311,Akhil Shetty,7.19,209.73,UPI
STN0030,EV Charging Station 030,Bengaluru,Karnataka,12.959351,77.652927,Statiq,Public,Type 2,30,132.23,CUST01312,Amritha Shetty,5.52,729.91,Credit Card
STN0190,EV Charging Station 190,Mumbai,Maharashtra,19.09137,72.880819,Zeon Charging,Private,CCS2,120,1076.2,CUST01313,Ravi Shetty,4.33,4659.95,Wallet
STN0346,EV Charging Station 346,,Kerala,9.882746,76.281098,Tata Power,Public,Type 2,7.2,63.18,CUST01314,Priya Shetty,4.95,312.74,UPI
STN0157,EV Charging Station 157,Kochi,Kerala,9.853989,76.322542,Zeon Charging,Commercial,CHAdeMO,50,200.34,CUST01315,Kiran Shetty,0.7,140.24,UPI
STN0195,EV Charging Station 195,Belagavi,Karnataka,15.852555,74.577861,Tata Power,Public,GB/T,30,164.09,CUST01316,Sneha Shetty,5.11,838.5,UPI
STN0161,EV Charging Station 161,Bengaluru,,,77.567088,Zeon Charging,Public,Type 2,7.2,60.75,CUST01317,Manoj Shetty,3.88,235.71,UPI
STN0175,EV Charging Station 175,Mangaluru,Karnataka,12.917097,74.864451,Zeon Charging,Private,GB/T,150,717.79,CUST01318,,6.56,4708.7,UPI
STN0026,EV Charging Station 026,Delhi,Delhi,28.55996,77.243567,Ather Grid,Public,Type 2,60,576.96,CUST01319,Suresh Shetty,3.92,2261.68,Credit Card
STN0219,EV Charging Station 219,Chennai,Tamil Nadu,13.031156,80.178785,Jio-bp,Public,Type 2,150,1428.72,CUST01320,Lakshmi Shetty,6.8,9715.3,Credit Card
STN0011,EV Charging Station 011,Mumbai,Maharashtra,19.03314,72.908109,ChargeZone,Public,CCS2,11,98.11,CUST01321,Arun Rao,7,686.77,Debit Card
STN0043,EV Charging Station 043,Mangaluru,Karnataka,12.928117,74.814485,Zeon Charging,Public,CCS2,60,420.92,CUST01322,Anjali Rao,4.75,1999.37,Cash
STN0058,EV Charging Station 058,Hyderabad,Telangana,17.3614,78.528503,Zeon Charging,Private,Type 2,7.2,30.84,CUST01323,Akhil Rao,1.65,50.89,Debit Card
STN0346,EV Charging Station 346,Belagavi,Karnataka,15.852008,74.451598,Statiq,Public,Type 2,60,399.84,CUST01324,Amritha Rao,2.7,1079.57,UPI
STN0329,EV Charging Station 329,Chennai,Tamil Nadu,13.094607,80.251426,Zeon Charging,Commercial,CHAdeMO,7.2,60.82,CUST01325,Ravi Rao,3.07,186.72,Wallet
STN0494,EV Charging Station 494,Kochi,Kerala,9.961287,76.199646,ChargeZone,Public,GB/T,120,484.05,CUST01326,Priya Rao,5.6,2710.68,UPI
STN0228,EV Charging Station 228,Delhi,Delhi,28.602697,77.195865,Statiq,Public,IEC 60309 3-pin,60,449.44,CUST01327,Kiran Rao,6.38,2867.43,Debit Card
STN0063,EV Charging Station 063,Mumbai,Maharashtra,19.039977,72.850251,Tata Power,Public,CCS2,50,300.86,CUST01328,Sneha Rao,3.93,1182.38,UPI
STN0469,EV Charging Station 469,Bengaluru,Karnataka,12.961257,77.619156,Statiq,Public,,60,478.83,CUST01329,Manoj Rao,1.05,502.77,Wallet
STN0152,EV Charging Station 152,Hyderabad,Telangana,17.356517,78.497236,Zeon Charging,Public,IEC 60309 3-pin,11,99.92,CUST01330,Divya Rao,6.42,641.49,Debit Card
STN0279,EV Charging Station 279,Mysuru,Karnataka,12.292001,76.628452,Jio-bp,Public,CCS2,7.2,36.87,CUST01331,,2.08,76.69,Credit Card
STN0134,EV Charging Station 134,Chennai,Tamil Nadu,13.08569,80.316881,ChargeZone,Public,Type 2,120,508.34,CUST01332,Lakshmi Rao,2.26,1148.85,UPI
STN0089,EV Charging Station 089,Belagavi,Karnataka,15.842484,74.477098,Tata Power,Public,Type 2,30,256.38,CUST01333,Arun Iyer,3.08,789.65,UPI
STN0211,EV Charging Station 211,Chennai,Tamil Nadu,13.082912,80.273912,Statiq,Private,Type 2,120,527.43,CUST01334,Anjali Iyer,6.21,3275.34,UPI
STN0319,EV Charging Station 319,,Telangana,17.366384,78.468733,Statiq,Public,CCS2,30,244.05,CUST01335,Akhil Iyer,0.72,175.72,Debit Card
STN0089,EV Charging Station 089,Belagavi,Karnataka,15.846509,74.49923,Ather Grid,Commercial,GB/T,150,1425.63,CUST01336,Amritha Iyer,3.15,4490.73,UPI
STN0204,EV Charging Station 204,Chennai,Tamil Nadu,13.043575,80.298272,ChargeZone,Public,GB/T,22,155.08,CUST01337,Ravi Iyer,7.68,1191.01,UPI
STN0258,EV Charging Station 258,Kochi,Kerala,9.954217,76.267003,Zeon Charging,Public,CHAdeMO,50,356.95,CUST01338,Priya Iyer,7.22,2577.18,UPI
STN0306,EV Charging Station 306,Pune,Maharashtra,18.526284,73.858049,Ather Grid,Public,CHAdeMO,7.2,53.3,CUST01339,Kiran Iyer,6.75,359.78,UPI
STN0120,EV Charging Station 120,Kochi,Kerala,9.941941,76.319165,Tata Power,Private,Type 2,7.2,38.2,CUST01340,Sneha Iyer,5.57,212.77,Debit Card
STN0411,EV Charging Station 411,Hubballi,Karnataka,15.320217,75.114413,Ather Grid,Commercial,CHAdeMO,7.2,65.04,CUST01341,Manoj Iyer,3.82,248.45,Credit Card
STN0388,EV Charging Station 388,Mangaluru,Karnataka,12.937324,74.87312,Ather Grid,Public,Type 2,150,1284.65,CUST01342,Divya Iyer,5.69,7309.66,UPI
STN0335,EV Charging Station 335,Bengaluru,Karnataka,12.988845,77.586423,Zeon Charging,Public,Type 2,30,135.44,CUST01343,Suresh Iyer,3.24,438.83,UPI
STN0362,EV Charging Station 362,Mysuru,Karnataka,12.351463,76.60661,Tata Power,,IEC 60309 3-pin,,203.9,CUST01344,Lakshmi Iyer,7.73,1576.15,Wallet
STN0090,EV Charging Station 090,Hyderabad,Telangana,17.377518,78.537712,Tata Power,Public,Type 2,7.2,44.65,CUST01345,Arun Nair,1.37,61.17,UPI
STN0073,EV Charging Station 073,Chennai,Tamil Nadu,13.062216,80.280744,ChargeZone,Public,IEC 60309 3-pin,50,224.17,CUST01346,Anjali Nair,,1510.91,Debit Card
STN0020,EV Charging Station 020,Hyderabad,Telangana,17.368206,78.459758,ChargeZone,Private,IEC 60309 3-pin,150,1349.15,CUST01347,Akhil Nair,5.95,8027.44,Credit Card
STN0419,,Delhi,Delhi,28.617551,77.110623,Ather Grid,Public,Type 2,7.2,40.36,CUST01348,Amritha Nair,1.01,40.76,Credit Card
STN0348,EV Charging Station 348,Hubballi,Karnataka,15.351001,75.076306,Ather Grid,Commercial,CCS2,60,558.08,CUST01349,Ravi Nair,7.42,4140.95,Debit Card
STN0242,EV Charging Station 242,Belagavi,Karnataka,15.798213,74.516731,Tata Power,Public,Type 2,60,256.02,CUST01350,Priya Nair,1.06,271.38,UPI
STN0109,EV Charging Station 109,Hyderabad,Telangana,17.36959,78.504513,,Commercial,CHAdeMO,22,164.09,CUST01351,Kiran Nair,2.37,388.89,Wallet
STN0178,EV Charging Station 178,Mangaluru,,12.899059,74.877228,Jio-bp,Public,IEC 60309 3-pin,30,178.5,CUST01352,Sneha Nair,5.96,1063.86,UPI
STN0477,EV Charging Station 477,Belagavi,Karnataka,15.826064,74.484781,Jio-bp,Commercial,Type 2,,493.44,CUST01353,Manoj Nair,0.74,365.15,Credit Card
STN0086,EV Charging Station 086,Pune,Maharashtra,18.519174,73.931066,Zeon Charging,Commercial,Type 2,150,1127.66,CUST01354,Divya Nair,1.43,1612.55,Wallet
STN0344,EV Charging Station 344,Belagavi,Karnataka,15.842102,74.472295,Ather Grid,Public,CCS2,120,518.44,CUST01355,Suresh Nair,5.38,2789.21,UPI
STN0184,,Hyderabad,Telangana,17.395495,78.502592,Zeon Charging,Public,CCS2,60,576.26,CUST01356,Lakshmi Nair,7.75,4466.02,UPI
STN0424,EV Charging Station 424,Kochi,Kerala,9.89211,76.26947,Ather Grid,Public,CCS2,120,995.92,CUST01357,Arun Kumar,2.66,2649.15,UPI
STN0158,EV Charging Station 158,Chennai,Tamil Nadu,13.092039,80.252279,Zeon Charging,Private,Type 2,120,688.22,CUST01358,Anjali Kumar,6.49,4466.55,Debit Card
STN0344,EV Charging Station 344,Mysuru,Karnataka,12.28944,76.66162,ChargeZone,Commercial,CHAdeMO,3.3,28.2,CUST01359,Akhil Kumar,1.11,31.3,Credit Card
STN0050,EV Charging Station 050,Mysuru,Karnataka,12.280191,76.642813,Zeon Charging,Public,CCS2,22,107.76,CUST01360,Amritha Kumar,6.12,659.49,UPI
STN0022,EV Charging Station 022,Hubballi,Karnataka,15.33492,75.149391,Jio-bp,Public,CCS2,60,484.85,CUST01361,Ravi Kumar,2.48,1202.43,Debit Card
STN0052,EV Charging Station 052,Kochi,Kerala,9.898556,76.26377,ChargeZone,Public,CCS2,150,1280.84,CUST01362,Priya Kumar,6.27,8030.87,Credit Card
STN0275,EV Charging Station 275,Belagavi,Karnataka,15.816045,74.517855,Ather Grid,Private,GB/T,50,250.27,CUST01363,Kiran Kumar,5.19,1298.9,UPI
STN0031,EV Charging Station 031,Bengaluru,Karnataka,13.01139,77.589394,Jio-bp,Public,Type 2,3.3,31.2,CUST01364,Sneha Kumar,3.1,96.72,UPI
STN0416,EV Charging Station 416,Pune,Maharashtra,18.605049,73.836756,Tata Power,Public,CCS2,150,1175.19,CUST01365,Manoj Kumar,0.91,1069.42,UPI
STN0436,EV Charging Station 436,Mysuru,Karnataka,12.284297,76.685554,Tata Power,Public,CCS2,150,905.79,CUST01366,Divya Kumar,6.64,6014.45,Debit Card
STN0154,,Hubballi,Karnataka,15.368231,75.163416,Tata Power,Private,Type 2,60,336.8,CUST01367,Suresh Kumar,4.17,1404.46,Debit Card
STN0161,EV Charging Station 161,Kochi,Kerala,9.878529,76.260354,Zeon Charging,Public,Type 2,22,133.16,CUST01368,Lakshmi Kumar,3.42,455.41,Credit Card
STN0491,EV Charging Station 491,Mysuru,Karnataka,12.292168,76.705148,Jio-bp,Private,Type 2,,38.08,CUST01369,Arun Sharma,1.68,63.97,Credit Card
STN0265,EV Charging Station 265,Delhi,Delhi,28.563886,77.223757,Tata Power,Commercial,CCS2,,17.65,CUST01370,Anjali Sharma,2.5,44.12,UPI
STN0227,EV Charging Station 227,,Karnataka,12.9413,77.512445,Statiq,Public,Type 2,22,122.01,CUST01371,Akhil Sharma,7.5,915.08,Debit Card
STN0425,EV Charging Station 425,Belagavi,Karnataka,15.846877,74.494668,Statiq,Public,GB/T,120,956.44,CUST01372,Amritha Sharma,6.51,6226.42,UPI
STN0325,EV Charging Station 325,Kochi,Kerala,9.890337,76.219302,Ather Grid,Public,GB/T,30,249.43,CUST01373,Ravi Sharma,7.36,1835.8,Credit Card
STN0289,EV Charging Station 289,Hyderabad,Telangana,17.388765,,Tata Power,Public,IEC 60309 3-pin,50,296.63,CUST01374,Priya Sharma,0.72,213.57,Cash
STN0264,EV Charging Station 264,Delhi,Delhi,28.632087,77.194748,Jio-bp,Private,Type 2,120,993.22,CUST01375,Kiran Sharma,6.84,6793.62,Wallet
STN0479,EV Charging Station 479,Pune,Maharashtra,18.5695,73.831313,ChargeZone,Private,Type 2,7.2,63.56,CUST01376,Sneha Sharma,2.91,184.96,UPI
STN0060,EV Charging Station 060,Hyderabad,Telangana,17.37866,78.500507,Zeon Charging,Public,CCS2,150,999.4,CUST01377,Manoj Sharma,3.78,3777.73,UPI
STN0173,EV Charging Station 173,Chennai,Tamil Nadu,13.085297,80.241692,ChargeZone,Public,CHAdeMO,60,440.32,CUST01378,Divya Sharma,6.87,3025,Cash
STN0225,EV Charging Station 225,Mysuru,Karnataka,12.324167,76.672088,Statiq,Commercial,Type 2,,400.28,CUST01379,Suresh Sharma,2.33,932.65,UPI
STN0411,EV Charging Station 411,Pune,Maharashtra,18.525809,73.849732,Zeon Charging,Public,Type 2,7.2,69.48,CUST01380,Lakshmi Sharma,0.52,36.13,Cash
STN0315,EV Charging Station 315,Bengaluru,Karnataka,12.958589,77.650432,Tata Power,Public,Type 2,150,1123.11,CUST01381,Arun Reddy,7.65,8591.79,UPI
STN0432,EV Charging Station 432,Hyderabad,Telangana,17.445043,78.472653,Jio-bp,Public,IEC 60309 3-pin,30,254.95,CUST01382,Anjali Reddy,1.48,377.33,Cash
STN0217,EV Charging Station 217,Pune,Maharashtra,18.504711,73.871355,Jio-bp,Public,Type 2,120,749.13,CUST01383,Akhil Reddy,7.61,5700.88,Credit Card
STN0039,EV Charging Station 039,Hubballi,Karnataka,15.37363,75.171995,Jio-bp,Public,CCS2,7.2,30.51,CUST01384,Amritha Reddy,6.88,209.91,Wallet
STN0115,EV Charging Station 115,Mumbai,Maharashtra,19.07362,72.913878,Jio-bp,Public,Type 2,7.2,42.85,CUST01385,Ravi Reddy,6.46,276.81,Credit Card
STN0494,EV Charging Station 494,Chennai,Tamil Nadu,13.079055,80.264151,Jio-bp,Public,CCS2,150,1348.34,CUST01386,Priya Reddy,1.45,1955.09,Credit Card
STN0046,EV Charging Station 046,Chennai,Tamil Nadu,13.045871,80.26594,Zeon Charging,Private,CCS2,11,100.69,CUST01387,Kiran Reddy,4.86,489.35,Wallet
STN0112,EV Charging Station 112,Bengaluru,Karnataka,12.956399,77.552509,Tata Power,Private,Type 2,50,390.7,CUST01388,Sneha Reddy,1.05,410.24,UPI
STN0071,EV Charging Station 071,Mangaluru,,12.930312,74.842424,Ather Grid,Public,CHAdeMO,30,222.7,CUST01389,Manoj Reddy,2.05,456.53,UPI
STN0415,EV Charging Station 415,Mysuru,Karnataka,12.229821,76.668519,ChargeZone,Public,Type 2,30,214.76,CUST01390,Divya Reddy,4.26,914.88,UPI
STN0019,EV Charging Station 019,Chennai,Tamil Nadu,13.106101,80.301872,ChargeZone,Commercial,CCS2,60,572.8,CUST01391,Suresh Reddy,7.86,4502.21,UPI
STN0489,EV Charging Station 489,Pune,Maharashtra,18.534663,73.849122,Statiq,Public,CCS2,60,359.81,CUST01392,Lakshmi Reddy,7.03,2529.46,Debit Card
STN0326,EV Charging Station 326,Hubballi,Karnataka,15.443423,75.063916,ChargeZone,Public,IEC 60309 3-pin,3.3,19.75,CUST01393,Arun Patil,6.2,122.45,UPI
STN0137,EV Charging Station 137,Bengaluru,Karnataka,12.924802,77.544591,Jio-bp,Public,CHAdeMO,30,124.63,CUST01394,,5.55,691.7,UPI
STN0114,EV Charging Station 114,Mumbai,Maharashtra,19.037962,72.892107,ChargeZone,Public,Type 2,60,472.76,CUST01395,Akhil Patil,3.35,1583.75,Credit Card
STN0084,EV Charging Station 084,Bengaluru,Karnataka,12.931375,77.512116,ChargeZone,Public,GB/T,50,397.4,CUST01396,Amritha Patil,3.11,1235.91,UPI
STN0239,EV Charging Station 239,Delhi,Delhi,28.614596,77.211256,ChargeZone,Public,CCS2,7.2,64.99,CUST01397,Ravi Patil,3.64,236.56,UPI
STN0295,EV Charging Station 295,Delhi,Delhi,,77.218544,ChargeZone,Private,Type 2,50,419.16,CUST01398,Priya Patil,4.32,1810.77,UPI
STN0311,EV Charging Station 311,Belagavi,Karnataka,15.88611,74.525246,ChargeZone,Public,Type 2,120,1076.01,CUST01399,Kiran Patil,5.16,5552.21,Wallet
STN0445,EV Charging Station 445,Belagavi,Karnataka,15.873869,74.506595,ChargeZone,Public,CCS2,30,230.44,CUST01400,Sneha Patil,7.79,1795.13,UPI
STN0299,EV Charging Station 299,Bengaluru,Karnataka,13.017243,77.559974,Jio-bp,Public,CCS2,7.2,38.8,CUST01401,Manoj Patil,0.81,31.43,Wallet
STN0121,EV Charging Station 121,Chennai,Tamil Nadu,13.132944,80.223649,ChargeZone,Public,Type 2,60,578.1,CUST01402,Divya Patil,4.44,2566.76,Wallet
STN0322,EV Charging Station 322,Kochi,Kerala,9.949208,76.270146,Zeon Charging,Private,Type 2,7.2,65.85,CUST01403,Suresh Patil,0.56,36.88,Debit Card
STN0370,EV Charging Station 370,Belagavi,Karnataka,15.830402,74.554318,Jio-bp,Public,Type 2,150,888.36,CUST01404,Lakshmi Patil,7.68,6822.6,UPI
STN0043,EV Charging Station 043,Mangaluru,Karnataka,12.875473,74.856575,ChargeZone,Commercial,CHAdeMO,3.3,32.14,CUST01405,Arun Shetty,3.64,116.99,UPI
STN0300,EV Charging Station 300,Bengaluru,Karnataka,12.95385,77.603402,ChargeZone,Public,Type 2,120,1025.52,CUST01406,Anjali Shetty,6,6153.12,Debit Card
STN0003,EV Charging Station 003,Chennai,Tamil Nadu,13.048373,80.291868,Statiq,Public,CCS2,30,186.7,CUST01407,Akhil Shetty,7.67,1431.99,Wallet
STN0303,EV Charging Station 303,Bengaluru,Karnataka,13.051486,77.589942,Tata Power,Public,GB/T,150,984.37,CUST01408,Amritha Shetty,7.24,7126.84,Wallet
STN0321,EV Charging Station 321,Kochi,Kerala,9.851951,76.264241,Jio-bp,Commercial,Type 2,7.2,63.47,CUST01409,Ravi Shetty,3.31,210.09,Credit Card
STN0001,EV Charging Station 001,Hubballi,Karnataka,15.347867,75.156829,Jio-bp,Public,Type 2,22,219.26,CUST01410,Priya Shetty,1.26,276.27,Debit Card
STN0407,EV Charging Station 407,Bengaluru,Karnataka,12.97787,77.630799,Ather Grid,Public,,120,891.57,CUST01411,Kiran Shetty,4.63,4127.97,UPI
STN0196,EV Charging Station 196,Hubballi,Karnataka,15.411546,75.109742,Zeon Charging,Private,CHAdeMO,60,439.93,CUST01412,Sneha Shetty,0.5,219.96,UPI
STN0463,EV Charging Station 463,Hyderabad,Telangana,17.389921,78.478385,,Public,Type 2,60,514.38,CUST01413,Manoj Shetty,2.89,1486.56,UPI
STN0318,EV Charging Station 318,Mysuru,Karnataka,12.271676,76.683342,Tata Power,Public,CCS2,150,1362.34,CUST01414,Divya Shetty,3.28,4468.48,UPI
STN0193,EV Charging Station 193,Chennai,Tamil Nadu,13.099009,80.301296,Statiq,Commercial,GB/T,120,582.72,CUST01415,Suresh Shetty,4.23,2464.91,UPI
STN0349,EV Charging Station 349,Delhi,Delhi,28.574219,77.228295,Jio-bp,Commercial,CCS2,3.3,19.06,CUST01416,Lakshmi Shetty,2.45,46.7,Credit Card
STN0387,EV Charging Station 387,Belagavi,Karnataka,15.862803,74.463384,Statiq,Public,CCS2,50,486.09,CUST01417,Arun Rao,0.84,408.32,Debit Card
STN0171,EV Charging Station 171,Hyderabad,Telangana,17.364017,78.501511,Zeon Charging,Public,Type 2,50,216.68,CUST01418,Anjali Rao,1.72,372.69,UPI
STN0183,EV Charging Station 183,Belagavi,Karnataka,15.892012,74.479361,Ather Grid,Public,Type 2,7.2,57.98,CUST01419,,7.14,413.98,UPI
STN0433,EV Charging Station 433,Hyderabad,Telangana,,78.465897,Zeon Charging,Public,Type 2,11,91.25,CUST01420,Amritha Rao,7.66,698.98,UPI
STN0207,EV Charging Station 207,Delhi,Delhi,28.659559,77.14175,ChargeZone,Public,CCS2,150,1325.69,CUST01421,Ravi Rao,3.88,5143.68,UPI
STN0193,EV Charging Station 193,Chennai,Tamil Nadu,13.050636,80.293019,ChargeZone,Public,CCS2,150,1003.46,CUST01422,Priya Rao,3.53,3542.21,Debit Card
STN0187,EV Charging Station 187,Delhi,Delhi,28.694826,77.238587,Tata Power,Commercial,CCS2,3.3,21.8,CUST01423,Kiran Rao,6.58,143.44,UPI
STN0017,EV Charging Station 017,Pune,Maharashtra,18.488322,73.847007,Tata Power,Commercial,GB/T,7.2,40.28,CUST01424,Sneha Rao,7.28,293.24,UPI
STN0431,,Pune,Maharashtra,18.51773,73.823825,Tata Power,Public,Type 2,30,275.45,CUST01425,Manoj Rao,1.83,504.07,Wallet
STN0373,EV Charging Station 373,Hubballi,Karnataka,15.391193,75.102395,Zeon Charging,Commercial,CCS2,120,688.4,CUST01426,Divya Rao,3.76,2588.38,UPI
STN0152,EV Charging Station 152,Pune,Maharashtra,18.526165,73.823577,Ather Grid,Public,CCS2,11,109.65,CUST01427,Suresh Rao,5.12,561.41,UPI
STN0361,EV Charging Station 361,Delhi,Delhi,28.523941,77.290894,Zeon Charging,Public,Type 2,60,426.35,CUST01428,,3.26,1389.9,UPI
STN0178,EV Charging Station 178,Mangaluru,Karnataka,12.896349,74.877575,Zeon Charging,Commercial,CHAdeMO,50,471.57,CUST01429,Arun Iyer,0.86,405.55,Credit Card
STN0498,EV Charging Station 498,Pune,Maharashtra,18.497292,73.888739,Ather Grid,Commercial,CCS2,120,493.92,CUST01430,Anjali Iyer,7.16,3536.47,UPI
STN0211,EV Charging Station 211,Mysuru,Karnataka,12.251576,76.626197,Statiq,Private,GB/T,11,52.03,CUST01431,Akhil Iyer,0.68,,Wallet
STN0282,EV Charging Station 282,Mumbai,Maharashtra,19.057141,72.851298,Tata Power,Public,Type 2,7.2,42.53,CUST01432,Amritha Iyer,2.57,109.3,Wallet
STN0027,EV Charging Station 027,Chennai,Tamil Nadu,13.098694,80.218107,Tata Power,Private,CCS2,50,243.26,CUST01433,Ravi Iyer,1.23,299.21,Wallet
STN0444,EV Charging Station 444,Delhi,Delhi,28.574527,77.221181,Statiq,Public,Type 2,11,100.87,CUST01434,Priya Iyer,3.82,385.32,UPI
STN0494,,Belagavi,Karnataka,15.876484,74.474411,ChargeZone,Private,Type 2,30,237.07,CUST01435,Kiran Iyer,1.96,464.66,Wallet
STN0412,EV Charging Station 412,Delhi,Delhi,28.651444,77.168554,Jio-bp,Private,CCS2,22,115.23,CUST01436,Sneha Iyer,2.73,314.58,UPI
STN0390,EV Charging Station 390,Kochi,Kerala,9.953634,76.265323,Zeon Charging,Public,IEC 60309 3-pin,30,294.17,CUST01437,Manoj Iyer,7.29,2144.5,UPI
STN0350,EV Charging Station 350,Mysuru,Karnataka,12.254002,,Statiq,Public,,30,295.93,CUST01438,Divya Iyer,0.67,198.27,UPI
STN0157,EV Charging Station 157,Bengaluru,Karnataka,12.982855,77.599095,Zeon Charging,Private,GB/T,120,1103.66,CUST01439,Suresh Iyer,5.49,6059.09,Debit Card
STN0348,EV Charging Station 348,Pune,Maharashtra,18.564645,73.855913,Ather Grid,Commercial,Type 2,22,137.62,CUST01440,Lakshmi Iyer,2.39,328.91,UPI
STN0104,EV Charging Station 104,Belagavi,Karnataka,15.848735,74.477597,Jio-bp,Public,GB/T,7.2,50.57,CUST01441,Arun Nair,6.93,350.45,Cash
STN0017,EV Charging Station 017,Chennai,Tamil Nadu,13.066019,80.323943,Zeon Charging,Public,Type 2,11,97.77,CUST01442,Anjali Nair,2.95,288.42,Wallet
STN0199,EV Charging Station 199,Mumbai,Maharashtra,19.067103,,Tata Power,Public,CCS2,7.2,71,CUST01443,Akhil Nair,1.32,93.72,Credit Card
STN0099,EV Charging Station 099,Belagavi,Karnataka,15.880248,74.489748,Zeon Charging,Public,CCS2,120,551.7,CUST01444,Amritha Nair,1.68,926.86,Debit Card
STN0339,EV Charging Station 339,Mysuru,Karnataka,12.265982,76.667921,Jio-bp,Private,GB/T,60,540.08,CUST01445,Ravi Nair,5.76,3110.86,Wallet
STN0071,EV Charging Station 071,Chennai,Tamil Nadu,13.100651,80.282417,Statiq,Public,Type 2,7.2,58.26,CUST01446,Priya Nair,2.48,144.48,UPI
STN0330,EV Charging Station 330,Hyderabad,Telangana,17.386865,78.474857,Zeon Charging,Public,CCS2,120,643.97,CUST01447,Kiran Nair,3.49,2247.46,UPI
STN0418,EV Charging Station 418,Hyderabad,Telangana,17.377575,78.526316,Ather Grid,Public,CHAdeMO,50,260.88,CUST01448,Sneha Nair,1.38,360.01,Debit Card
STN0199,EV Charging Station 199,Belagavi,Karnataka,,74.466003,Tata Power,Public,CHAdeMO,120,922.84,CUST01449,Manoj Nair,6.75,6229.17,UPI
STN0060,EV Charging Station 060,Belagavi,Karnataka,15.884383,74.515101,Tata Power,Public,Type 2,30,180.55,CUST01450,Divya Nair,5.1,920.8,Credit Card
STN0218,EV Charging Station 218,Delhi,Delhi,28.607072,77.135656,Ather Grid,Commercial,Type 2,11,53.31,CUST01451,Suresh Nair,5.47,291.61,UPI
STN0073,EV Charging Station 073,Hyderabad,Telangana,,78.526775,Statiq,Public,Type 2,50,327.6,CUST01452,Lakshmi Nair,1.73,566.75,UPI
STN0163,EV Charging Station 163,,Maharashtra,19.088997,72.907951,Ather Grid,Public,Type 2,30,183.7,CUST01453,Arun Kumar,2.6,477.62,
STN0096,EV Charging Station 096,Hyderabad,Telangana,17.396721,78.442971,Zeon Charging,Public,Type 2,120,1109.13,CUST01454,Anjali Kumar,1.93,2140.62,Credit Card
STN0460,EV Charging Station 460,,Maharashtra,18.434218,73.787206,Zeon Charging,Public,Type 2,,689.59,CUST01455,Akhil Kumar,3.75,2585.96,Debit Card
STN0444,EV Charging Station 444,Pune,Maharashtra,18.537601,73.852618,Tata Power,Private,Type 2,7.2,61.16,CUST01456,Amritha Kumar,4.76,291.12,UPI
STN0441,EV Charging Station 441,Mysuru,Karnataka,12.303433,76.720792,Tata Power,Public,Type 2,50,393,CUST01457,Ravi Kumar,1.02,400.86,UPI
STN0058,EV Charging Station 058,Pune,Maharashtra,18.487707,73.862481,Statiq,Commercial,IEC 60309 3-pin,22,214.3,CUST01458,Priya Kumar,2.43,520.75,Debit Card
STN0470,EV Charging Station 470,Delhi,Delhi,28.62575,77.249633,Zeon Charging,Commercial,GB/T,22,139.7,CUST01459,Kiran Kumar,0.51,71.25,UPI
STN0014,EV Charging Station 014,Mumbai,Maharashtra,19.070641,72.856881,Jio-bp,Public,IEC 60309 3-pin,11,106.67,CUST01460,Sneha Kumar,0.64,,Wallet
STN0253,EV Charging Station 253,Hubballi,Karnataka,15.397056,75.157154,Ather Grid,Public,Type 2,3.3,13.36,CUST01461,Manoj Kumar,3.49,46.63,Wallet
STN0080,EV Charging Station 080,Delhi,Delhi,28.587933,77.208304,Jio-bp,Public,CHAdeMO,60,268.68,CUST01462,Divya Kumar,4.79,1286.98,UPI
STN0027,EV Charging Station 027,,Telangana,17.358995,78.465152,Tata Power,Public,CCS2,150,1030.79,CUST01463,Suresh Kumar,6.1,6287.82,UPI
STN0428,EV Charging Station 428,Mumbai,Maharashtra,19.068115,72.890809,Zeon Charging,Public,CCS2,7.2,56.03,CUST01464,Lakshmi Kumar,7.12,398.93,Debit Card
STN0195,EV Charging Station 195,Delhi,Delhi,28.519117,77.240329,ChargeZone,Private,Type 2,,134.85,CUST01465,Arun Sharma,7.79,1050.48,Wallet
STN0096,EV Charging Station 096,Pune,Maharashtra,18.550952,73.877166,Zeon Charging,Public,CCS2,120,613.81,CUST01466,Anjali Sharma,6.6,4051.15,UPI
STN0025,EV Charging Station 025,Mangaluru,Karnataka,12.908544,74.803271,Statiq,Commercial,CCS2,60,394.36,CUST01467,Akhil Sharma,4.15,1636.59,Debit Card
STN0080,EV Charging Station 080,Delhi,Delhi,28.624735,77.209431,Jio-bp,Public,CCS2,120,883.27,CUST01468,Amritha Sharma,1.07,945.1,UPI
STN0396,EV Charging Station 396,Pune,Maharashtra,18.550392,73.867677,ChargeZone,Public,Type 2,,35.72,CUST01469,Ravi Sharma,2.48,88.59,UPI
STN0273,EV Charging Station 273,Pune,Maharashtra,18.563008,73.82474,Statiq,Public,CHAdeMO,3.3,20.06,CUST01470,Priya Sharma,3.43,68.81,UPI
STN0375,EV Charging Station 375,Mangaluru,Karnataka,12.923401,74.903566,Jio-bp,Public,CCS2,30,161.91,CUST01471,Kiran Sharma,0.71,114.96,Cash
STN0303,EV Charging Station 303,Delhi,Delhi,28.575165,77.200063,Statiq,Private,CCS2,3.3,24.84,CUST01472,Sneha Sharma,4.03,100.11,Wallet
STN0161,EV Charging Station 161,Mumbai,Maharashtra,19.095006,72.855762,Statiq,,IEC 60309 3-pin,7.2,56.59,CUST01473,Manoj Sharma,6.44,364.44,Cash
STN0350,EV Charging Station 350,Hubballi,Karnataka,15.337562,75.102613,ChargeZone,Public,CCS2,60,430.3,CUST01474,,2.35,1011.2,UPI
STN0495,EV Charging Station 495,Pune,Maharashtra,18.475013,73.854623,Ather Grid,Public,GB/T,7.2,28.84,CUST01475,Suresh Sharma,7.03,202.75,Debit Card
STN0138,EV Charging Station 138,Bengaluru,Karnataka,12.945286,77.578789,Zeon Charging,Private,GB/T,30,204.03,CUST01476,Lakshmi Sharma,2.31,471.31,UPI
STN0314,EV Charging Station 314,Bengaluru,Karnataka,12.959335,77.643658,Jio-bp,Public,GB/T,7.2,70.14,CUST01477,Arun Reddy,4.27,299.5,
STN0398,EV Charging Station 398,Bengaluru,Karnataka,12.975787,77.56485,ChargeZone,Public,GB/T,7.2,41.61,CUST01478,Anjali Reddy,2.69,111.93,Debit Card
STN0404,EV Charging Station 404,Pune,Maharashtra,18.54962,73.898839,Jio-bp,Commercial,IEC 60309 3-pin,3.3,30.65,CUST01479,Akhil Reddy,6.93,212.4,Debit Card
STN0404,EV Charging Station 404,Pune,Maharashtra,18.506561,73.899813,Tata Power,Public,CCS2,150,1043.81,CUST01480,Amritha Reddy,3.24,3381.94,UPI
STN0036,EV Charging Station 036,Delhi,Delhi,28.670889,77.215447,Ather Grid,Private,CCS2,11,97.62,CUST01481,Ravi Reddy,4.59,448.08,Debit Card
STN0428,EV Charging Station 428,Belagavi,Karnataka,15.853614,74.495204,Ather Grid,Private,CHAdeMO,22,182.34,CUST01482,,5.47,997.4,Cash
STN0460,EV Charging Station 460,Hubballi,Karnataka,15.414986,75.167147,Ather Grid,Public,CCS2,11,73.54,CUST01483,Kiran Reddy,1.04,76.48,UPI
STN0089,EV Charging Station 089,Delhi,Delhi,28.641,77.220406,Jio-bp,Public,CHAdeMO,7.2,35.15,CUST01484,Sneha Reddy,5.55,195.08,Debit Card
STN0095,EV Charging Station 095,Delhi,Delhi,28.609742,77.2218,Ather Grid,Public,GB/T,30,230.2,CUST01485,Manoj Reddy,6.12,1408.82,Wallet
STN0310,EV Charging Station 310,Delhi,Delhi,28.658058,77.163575,ChargeZone,Public,Type 2,7.2,51.49,CUST01486,Divya Reddy,2.44,125.64,UPI
STN0141,EV Charging Station 141,Hubballi,Karnataka,15.31938,75.176543,ChargeZone,Private,GB/T,11,101.63,CUST01487,Suresh Reddy,1.66,168.71,Wallet
STN0466,EV Charging Station 466,Chennai,Tamil Nadu,13.095071,80.274645,Ather Grid,Commercial,CCS2,120,486.33,CUST01488,Lakshmi Reddy,1.2,583.6,Wallet
STN0315,EV Charging Station 315,Mysuru,Karnataka,12.260988,76.597614,Zeon Charging,Commercial,CCS2,7.2,59.21,CUST01489,Arun Patil,1.29,76.38,Credit Card
STN0232,EV Charging Station 232,Pune,Maharashtra,18.513314,73.863298,Statiq,Private,CCS2,3.3,21.96,CUST01490,Anjali Patil,6.2,136.15,UPI
STN0323,EV Charging Station 323,Hyderabad,Telangana,17.373272,78.490864,Ather Grid,Public,GB/T,60,592.77,CUST01491,Akhil Patil,4.57,2708.96,Credit Card
STN0181,EV Charging Station 181,Pune,Maharashtra,18.47671,73.810547,Ather Grid,Private,IEC 60309 3-pin,11,57.78,CUST01492,Amritha Patil,5.3,306.23,Credit Card
STN0077,EV Charging Station 077,Mumbai,Maharashtra,19.085666,72.852082,Zeon Charging,Public,CCS2,11,78.78,CUST01493,Ravi Patil,3.03,238.7,UPI
STN0348,EV Charging Station 348,Kochi,Kerala,9.91323,76.281184,Jio-bp,Private,GB/T,22,209,CUST01494,Priya Patil,1.83,382.47,UPI
STN0201,EV Charging Station 201,Hyderabad,Telangana,17.400567,78.444785,Ather Grid,Private,CHAdeMO,120,1009.67,CUST01495,Kiran Patil,7.54,7612.91,Credit Card
STN0450,EV Charging Station 450,Belagavi,Karnataka,15.791692,74.478338,Jio-bp,Public,CCS2,60,374.68,CUST01496,Sneha Patil,2.03,760.6,Debit Card
STN0404,EV Charging Station 404,Kochi,Kerala,9.96085,76.224074,Ather Grid,Public,IEC 60309 3-pin,60,464.75,CUST01497,Manoj Patil,6.57,3053.41,Debit Card
STN0428,EV Charging Station 428,Delhi,Delhi,28.617311,77.160249,Jio-bp,Public,CCS2,50,490.13,CUST01498,Divya Patil,6.28,3078.02,UPI
STN0114,EV Charging Station 114,Bengaluru,Karnataka,13.005889,77.553465,Zeon Charging,Public,GB/T,11,44.57,CUST01499,Suresh Patil,3.53,157.33,UPI
STN0218,EV Charging Station 218,Hubballi,Karnataka,15.365658,75.130647,Jio-bp,Public,CHAdeMO,60,532.74,CUST01500,,0.6,319.64,UPI
STN0343,EV Charging Station 343,Bengaluru,Karnataka,12.960165,77.600061,Statiq,Public,Type 2,3.3,17.66,CUST01501,Arun Shetty,7.56,133.51,UPI
STN0255,EV Charging Station 255,Chennai,Tamil Nadu,13.110348,80.231749,ChargeZone,Public,IEC 60309 3-pin,30,298.63,CUST01502,Anjali Shetty,5.23,1561.83,Credit Card
STN0230,EV Charging Station 230,Mysuru,Karnataka,12.292838,76.637714,Zeon Charging,Public,CCS2,7.2,30.2,CUST01503,Akhil Shetty,6.5,196.3,UPI
STN0082,EV Charging Station 082,Mysuru,Karnataka,12.222929,76.600128,Ather Grid,Public,Type 2,22,159.84,CUST01504,Amritha Shetty,1.3,207.79,Credit Card
STN0196,EV Charging Station 196,Mangaluru,Karnataka,12.979224,,Ather Grid,Commercial,CCS2,50,204.5,CUST01505,Ravi Shetty,7.56,1546.02,Wallet
STN0073,EV Charging Station 073,Hyderabad,Telangana,17.397412,78.405626,Statiq,Public,Type 2,60,489.44,CUST01506,Priya Shetty,1.72,841.84,UPI
STN0214,,Pune,Maharashtra,18.550256,73.841811,Tata Power,Private,CHAdeMO,120,929.64,CUST01507,Kiran Shetty,7.99,7427.82,Cash
STN0361,EV Charging Station 361,Delhi,Delhi,28.607695,77.218294,Jio-bp,Public,CCS2,120,866.27,CUST01508,Sneha Shetty,5.96,5162.97,Credit Card
STN0107,EV Charging Station 107,Belagavi,Karnataka,15.814276,74.444551,Ather Grid,Private,IEC 60309 3-pin,,16.66,CUST01509,Manoj Shetty,1.09,18.16,UPI
STN0475,EV Charging Station 475,Mumbai,Maharashtra,19.057221,72.876157,Zeon Charging,Private,Type 2,30,242.79,CUST01510,Divya Shetty,4.28,1039.14,Credit Card
STN0232,EV Charging Station 232,Mumbai,Maharashtra,19.097602,72.813072,Ather Grid,Commercial,CCS2,11,55.56,CUST01511,Suresh Shetty,0.81,45,Cash
STN0464,EV Charging Station 464,Belagavi,Karnataka,15.851857,74.492062,ChargeZone,Public,CCS2,7.2,70.78,CUST01512,Lakshmi Shetty,5.36,379.38,Cash
STN0477,EV Charging Station 477,Hubballi,Karnataka,15.33173,75.154159,Jio-bp,Public,Type 2,7.2,56.93,CUST01513,Arun Rao,5.77,328.49,UPI
STN0323,EV Charging Station 323,,Karnataka,15.844489,74.541411,Zeon Charging,Commercial,Type 2,120,1171.44,CUST01514,Anjali Rao,6.15,7204.36,UPI
STN0376,EV Charging Station 376,Hyderabad,Telangana,17.421042,78.508264,ChargeZone,Public,Type 2,22,156.83,CUST01515,Akhil Rao,5.77,904.91,UPI
STN0335,EV Charging Station 335,Mumbai,Maharashtra,19.086507,72.89803,Tata Power,Private,CCS2,7.2,38.96,CUST01516,Amritha Rao,2.2,85.71,Credit Card
STN0049,EV Charging Station 049,Pune,Maharashtra,18.49991,73.806001,Tata Power,Private,Type 2,7.2,47.79,CUST01517,Ravi Rao,3.49,166.79,Credit Card
STN0108,EV Charging Station 108,Hubballi,Karnataka,15.397994,75.118459,Zeon Charging,Public,IEC 60309 3-pin,3.3,24.31,CUST01518,Priya Rao,3.5,85.08,UPI
STN0480,EV Charging Station 480,Hubballi,Karnataka,15.364743,75.21114,Jio-bp,Public,CCS2,11,51.94,CUST01519,Kiran Rao,1.72,89.34,UPI
STN0479,EV Charging Station 479,Delhi,Delhi,28.657354,77.225861,Zeon Charging,Commercial,Type 2,120,861.31,CUST01520,Sneha Rao,0.53,456.49,
STN0265,EV Charging Station 265,Chennai,Tamil Nadu,13.090282,80.239648,Jio-bp,Public,Type 2,22,181.03,CUST01521,Manoj Rao,6.03,1091.61,UPI
STN0462,EV Charging Station 462,Hubballi,Karnataka,15.362811,75.086989,Zeon Charging,Public,IEC 60309 3-pin,120,995.93,CUST01522,Divya Rao,2.65,2639.21,UPI
STN0001,EV Charging Station 001,Mumbai,Maharashtra,19.035838,72.856438,Ather Grid,Commercial,CCS2,30,273.29,CUST01523,Suresh Rao,4.03,1101.36,UPI
STN0287,EV Charging Station 287,Hubballi,Karnataka,15.346728,75.135407,Jio-bp,Public,CCS2,7.2,71.25,CUST01524,Lakshmi Rao,1.89,134.66,UPI
STN0251,EV Charging Station 251,Pune,Maharashtra,18.465793,73.81196,ChargeZone,Public,Type 2,30,279.01,CUST01525,Arun Iyer,5.58,1556.88,Credit Card
STN0207,EV Charging Station 207,Mysuru,Karnataka,12.40004,76.642239,Jio-bp,,CCS2,120,1155.84,CUST01526,Anjali Iyer,1.35,1560.38,Debit Card
STN0044,EV Charging Station 044,Kochi,Kerala,9.941439,76.184463,Tata Power,Public,GB/T,7.2,30.58,CUST01527,Akhil Iyer,7.2,220.18,Credit Card
STN0148,EV Charging Station 148,Pune,Maharashtra,18.520655,,Jio-bp,Private,CCS2,120,1052.91,CUST01528,Amritha Iyer,3.75,3948.41,UPI
STN0352,EV Charging Station 352,Chennai,Tamil Nadu,13.157653,80.272267,Ather Grid,Commercial,CHAdeMO,7.2,38.87,CUST01529,Ravi Iyer,5.08,197.46,Wallet
STN0076,EV Charging Station 076,Chennai,Tamil Nadu,13.102276,80.302768,Ather Grid,Public,Type 2,120,819.34,CUST01530,Priya Iyer,1.26,1032.37,Debit Card
STN0391,EV Charging Station 391,Hyderabad,Telangana,17.412953,78.49637,ChargeZone,Private,CHAdeMO,3.3,26.77,CUST01531,Kiran Iyer,2.36,63.18,UPI
STN0485,EV Charging Station 485,Mangaluru,Karnataka,12.94767,74.842958,Ather Grid,Public,IEC 60309 3-pin,120,1002.92,CUST01532,Sneha Iyer,1.07,1073.12,Debit Card
STN0010,EV Charging Station 010,Mangaluru,Karnataka,12.952292,74.854166,Ather Grid,Public,CCS2,7.2,57.46,CUST01533,Manoj Iyer,4.51,259.14,Credit Card
STN0363,EV Charging Station 363,Mumbai,Maharashtra,19.129763,72.81711,ChargeZone,Private,GB/T,22,204.16,CUST01534,Divya Iyer,1,204.16,Debit Card
STN0330,EV Charging Station 330,Delhi,Delhi,28.587428,77.197405,Zeon Charging,Private,Type 2,30,263.26,CUST01535,Suresh Iyer,5.54,1458.46,Debit Card
STN0430,EV Charging Station 430,Delhi,Delhi,28.676181,77.198964,Ather Grid,Public,CCS2,30,163.47,CUST01536,Lakshmi Iyer,6.49,1060.92,UPI
STN0217,EV Charging Station 217,Kochi,Kerala,9.899148,76.274728,Statiq,Public,CCS2,50,202.76,CUST01537,Arun Nair,1.52,308.2,UPI
STN0167,EV Charging Station 167,Chennai,Tamil Nadu,13.029548,80.300974,ChargeZone,Public,GB/T,60,324.72,CUST01538,Anjali Nair,1.08,350.7,UPI
STN0458,EV Charging Station 458,,Karnataka,15.405555,75.108071,Zeon Charging,Public,CCS2,60,392.53,CUST01539,Akhil Nair,,2268.82,Credit Card
STN0455,EV Charging Station 455,Mangaluru,Karnataka,12.901295,74.836612,Ather Grid,Public,IEC 60309 3-pin,22,143.2,CUST01540,Amritha Nair,6.21,889.27,Cash
STN0149,EV Charging Station 149,Belagavi,Karnataka,15.898943,74.508709,Jio-bp,Public,GB/T,11,72.98,CUST01541,Ravi Nair,6.8,496.26,UPI
STN0400,EV Charging Station 400,Chennai,Tamil Nadu,13.073635,80.197415,ChargeZone,Public,CCS2,50,393.75,CUST01542,Priya Nair,4.48,1764,Debit Card
STN0477,EV Charging Station 477,Hubballi,Karnataka,15.365405,75.193357,ChargeZone,Public,Type 2,7.2,60.68,CUST01543,Kiran Nair,6.56,398.06,UPI
STN0268,EV Charging Station 268,Mangaluru,Karnataka,12.946923,74.832626,Ather Grid,Public,Type 2,7.2,67.5,CUST01544,Sneha Nair,6.46,436.05,UPI
STN0096,EV Charging Station 096,Hubballi,Karnataka,15.331342,75.147715,Statiq,Commercial,GB/T,30,185.98,CUST01545,Manoj Nair,1.14,212.02,
STN0202,EV Charging Station 202,Chennai,Tamil Nadu,13.130348,80.358847,Statiq,Public,CCS2,50,223.36,CUST01546,Divya Nair,6.14,1371.43,Credit Card
STN0362,EV Charging Station 362,Bengaluru,Karnataka,12.940092,77.663835,Statiq,Private,CCS2,22,158.25,CUST01547,Suresh Nair,4.77,754.85,Credit Card
STN0011,EV Charging Station 011,Hubballi,Karnataka,15.385063,75.121927,Zeon Charging,Private,CCS2,50,268.49,CUST01548,Lakshmi Nair,5.14,1380.04,Debit Card
STN0067,EV Charging Station 067,Belagavi,Karnataka,15.85703,74.506771,Jio-bp,Public,CCS2,120,915.01,CUST01549,Arun Kumar,6.18,5654.76,Credit Card
STN0204,EV Charging Station 204,Mysuru,Karnataka,12.289833,76.665398,Ather Grid,Public,Type 2,120,980.74,CUST01550,Anjali Kumar,6.55,6423.85,Credit Card
STN0160,EV Charging Station 160,Mangaluru,Karnataka,12.934399,74.935742,Zeon Charging,Public,IEC 60309 3-pin,7.2,42.93,CUST01551,Akhil Kumar,7.73,331.85,Credit Card
STN0294,EV Charging Station 294,Hyderabad,Telangana,17.399536,78.462152,Statiq,Private,IEC 60309 3-pin,11,58.3,CUST01552,Amritha Kumar,6.7,390.61,Wallet
STN0484,EV Charging Station 484,Belagavi,Karnataka,15.845658,74.527355,ChargeZone,Public,GB/T,30,261.14,CUST01553,Ravi Kumar,3.17,827.81,Credit Card
STN0381,EV Charging Station 381,Hubballi,Karnataka,15.370044,75.02989,Ather Grid,,Type 2,50,269.92,CUST01554,Priya Kumar,1.98,534.44,UPI
STN0205,EV Charging Station 205,Bengaluru,Karnataka,13.026573,77.624896,Zeon Charging,Public,Type 2,30,216.23,CUST01555,Kiran Kumar,3.7,800.05,Credit Card
STN0083,EV Charging Station 083,Pune,Maharashtra,18.459101,73.857458,Jio-bp,Private,CCS2,7.2,50.54,CUST01556,Sneha Kumar,6.27,316.89,Debit Card
STN0467,,Mysuru,Karnataka,12.278693,76.613654,Tata Power,Public,CCS2,22,177.55,CUST01557,Manoj Kumar,4.26,756.36,Credit Card
STN0190,EV Charging Station 190,Mysuru,Karnataka,12.298702,76.669205,Ather Grid,Commercial,CHAdeMO,11,49.04,CUST01558,Divya Kumar,4.69,230,Wallet
STN0282,EV Charging Station 282,Chennai,Tamil Nadu,13.107246,80.312251,Tata Power,Commercial,GB/T,150,1387.81,CUST01559,Suresh Kumar,6.63,9201.18,Credit Card
STN0352,EV Charging Station 352,Kochi,Kerala,9.982217,76.230714,Zeon Charging,Public,GB/T,30,177.38,CUST01560,Lakshmi Kumar,0.51,90.46,Credit Card
STN0457,EV Charging Station 457,Hubballi,Karnataka,15.322701,75.200666,Jio-bp,Public,Type 2,30,248.4,CUST01561,Arun Sharma,3.61,896.72,UPI
STN0140,EV Charging Station 140,Mumbai,Maharashtra,19.074821,72.878657,Ather Grid,Private,Type 2,22,219.04,CUST01562,Anjali Sharma,6.92,1515.76,UPI
STN0374,EV Charging Station 374,Pune,Maharashtra,18.613367,73.764654,Zeon Charging,Private,Type 2,7.2,70.38,CUST01563,Akhil Sharma,7.02,494.07,UPI
STN0419,EV Charging Station 419,Hyderabad,Telangana,17.454764,78.473724,ChargeZone,Private,CCS2,60,450.3,CUST01564,Amritha Sharma,6.85,3084.56,UPI
STN0463,EV Charging Station 463,Mysuru,Karnataka,12.287192,76.633833,ChargeZone,Private,GB/T,7.2,52.01,CUST01565,Ravi Sharma,6,312.06,UPI
STN0085,EV Charging Station 085,Bengaluru,Karnataka,12.991865,77.570777,Jio-bp,Public,Type 2,7.2,62.85,CUST01566,Priya Sharma,2.49,156.5,UPI
STN0477,EV Charging Station 477,Mysuru,Karnataka,12.31535,76.644064,Jio-bp,Commercial,GB/T,11,108.49,CUST01567,Kiran Sharma,4.84,525.09,Credit Card
STN0147,EV Charging Station 147,Kochi,Kerala,9.97751,76.29684,Ather Grid,Commercial,Type 2,50,355.59,CUST01568,Sneha Sharma,6.05,,UPI
STN0350,EV Charging Station 350,Hyderabad,Telangana,17.390125,78.518252,Tata Power,Public,Type 2,150,1218,CUST01569,Manoj Sharma,7.06,8599.08,Wallet
STN0320,EV Charging Station 320,Chennai,Tamil Nadu,13.05491,80.254584,ChargeZone,Public,IEC 60309 3-pin,11,102.6,CUST01570,Divya Sharma,6.63,680.24,Debit Card
STN0009,EV Charging Station 009,Delhi,Delhi,28.637007,77.222848,ChargeZone,Private,CCS2,7.2,43.41,CUST01571,Suresh Sharma,5.23,227.03,UPI
STN0361,EV Charging Station 361,Pune,Maharashtra,18.508197,73.914533,ChargeZone,Public,Type 2,120,1009.57,CUST01572,Lakshmi Sharma,6.32,6380.48,UPI
STN0102,EV Charging Station 102,Hyderabad,Telangana,17.382705,78.467896,Zeon Charging,Private,CCS2,3.3,19.16,CUST01573,Arun Reddy,4.54,86.99,UPI
STN0004,EV Charging Station 004,Pune,Maharashtra,18.507466,73.859008,Zeon Charging,Private,Type 2,22,207.7,CUST01574,Anjali Reddy,1.44,299.09,Cash
STN0438,EV Charging Station 438,Chennai,Tamil Nadu,13.108409,80.280452,Tata Power,Private,Type 2,150,1224.89,CUST01575,Akhil Reddy,4.16,5095.54,Credit Card
STN0146,EV Charging Station 146,Mangaluru,Karnataka,12.912111,74.862275,Zeon Charging,Public,Type 2,30,170.79,CUST01576,Amritha Reddy,7.07,1207.49,Credit Card
STN0406,EV Charging Station 406,Pune,Maharashtra,18.513877,73.847385,Ather Grid,Private,IEC 60309 3-pin,30,276.43,CUST01577,Ravi Reddy,4.09,1130.6,UPI
STN0149,EV Charging Station 149,Hubballi,Karnataka,15.391169,75.106596,Ather Grid,Public,CCS2,7.2,42.64,CUST01578,Priya Reddy,5.43,231.54,UPI
STN0466,EV Charging Station 466,Kochi,Kerala,9.893923,76.298553,Statiq,Public,CCS2,50,337.9,CUST01579,Kiran Reddy,6.82,2304.48,Cash
STN0412,EV Charging Station 412,Mysuru,Karnataka,12.297463,76.647888,Jio-bp,Public,Type 2,50,466,CUST01580,,7.88,3672.08,Credit Card
STN0373,EV Charging Station 373,Belagavi,Karnataka,15.887636,74.490362,ChargeZone,Private,,11,53.1,CUST01581,Manoj Reddy,6.92,367.45,Cash
STN0205,EV Charging Station 205,Chennai,Tamil Nadu,13.103598,80.246134,Jio-bp,Commercial,Type 2,120,983.42,CUST01582,Divya Reddy,6.24,6136.54,Debit Card
STN0317,EV Charging Station 317,Mumbai,Maharashtra,19.03594,72.875587,Zeon Charging,Public,Type 2,50,388.85,CUST01583,Suresh Reddy,6.81,2648.07,Credit Card
STN0220,EV Charging Station 220,Hubballi,Karnataka,15.281872,75.060441,Statiq,Public,Type 2,7.2,46.54,CUST01584,Lakshmi Reddy,5.49,255.5,UPI
STN0252,EV Charging Station 252,Mangaluru,Karnataka,12.84974,74.841778,Zeon Charging,Public,CCS2,60,254.77,CUST01585,Arun Patil,5.73,1459.83,UPI
STN0061,EV Charging Station 061,Pune,Maharashtra,18.524968,73.860377,Statiq,Private,Type 2,30,286.59,CUST01586,Anjali Patil,0.62,177.69,Debit Card
STN0074,EV Charging Station 074,Mysuru,Karnataka,12.276002,76.690586,ChargeZone,Public,CCS2,120,950.8,CUST01587,Akhil Patil,4.56,4335.65,Credit Card
STN0472,EV Charging Station 472,Mumbai,Maharashtra,19.136615,72.912966,Zeon Charging,Commercial,Type 2,11,64,CUST01588,Amritha Patil,0.59,37.76,Credit Card
STN0186,EV Charging Station 186,Bengaluru,Karnataka,13.040622,77.583159,Statiq,Public,Type 2,11,60.12,CUST01589,Ravi Patil,1.3,78.16,UPI
STN0241,EV Charging Station 241,Mangaluru,Karnataka,12.878041,74.903595,Tata Power,Public,Type 2,150,1035.51,CUST01590,Priya Patil,7.9,8180.53,UPI
STN0127,EV Charging Station 127,Mumbai,Maharashtra,19.096396,72.935062,Ather Grid,Public,Type 2,7.2,38.99,CUST01591,Kiran Patil,6.78,264.35,Credit Card
STN0195,EV Charging Station 195,Pune,Maharashtra,18.497542,73.838252,Tata Power,Private,CCS2,11,52.6,CUST01592,Sneha Patil,5.37,282.46,UPI
STN0024,EV Charging Station 024,Bengaluru,Karnataka,12.953308,77.612111,Ather Grid,Public,CCS2,22,117.01,CUST01593,Manoj Patil,2.78,325.29,Credit Card
STN0032,EV Charging Station 032,Chennai,Tamil Nadu,13.057014,80.280412,Jio-bp,,CCS2,11,63.2,CUST01594,Divya Patil,6.95,439.24,Wallet
STN0097,EV Charging Station 097,Hubballi,Karnataka,15.302562,75.188662,Zeon Charging,Public,Type 2,60,349.15,CUST01595,Suresh Patil,0.92,321.22,UPI
STN0460,EV Charging Station 460,Chennai,Tamil Nadu,13.044608,80.287316,Jio-bp,Public,Type 2,120,632.63,CUST01596,Lakshmi Patil,2.24,1417.09,UPI
STN0040,EV Charging Station 040,Hyderabad,Telangana,17.431992,78.461967,Tata Power,Public,Type 2,7.2,64.21,CUST01597,Arun Shetty,,173.37,Credit Card
STN0196,EV Charging Station 196,Mysuru,Karnataka,12.283531,76.652034,Statiq,Public,CCS2,7.2,,CUST01598,Anjali Shetty,2.45,140.53,Credit Card
STN0306,EV Charging Station 306,Delhi,Delhi,28.640557,77.182625,Ather Grid,Public,CCS2,30,204.22,CUST01599,Akhil Shetty,6.2,1266.16,UPI
STN0070,EV Charging Station 070,Mangaluru,Karnataka,12.910424,74.87288,Zeon Charging,Public,CHAdeMO,11,79.47,CUST01600,Amritha Shetty,3.26,259.07,Debit Card
STN0395,EV Charging Station 395,Pune,Maharashtra,18.543911,73.871396,ChargeZone,Public,GB/T,50,274.17,CUST01601,Ravi Shetty,5.72,1568.25,Credit Card
STN0265,EV Charging Station 265,Mysuru,Karnataka,12.307382,76.655298,Tata Power,Commercial,CCS2,30,127.72,CUST01602,,5.63,719.06,Credit Card
STN0331,EV Charging Station 331,Chennai,Tamil Nadu,13.102889,80.276778,Tata Power,Public,IEC 60309 3-pin,60,404.59,CUST01603,Kiran Shetty,7.6,3074.88,UPI
STN0353,EV Charging Station 353,Mysuru,Karnataka,12.28858,76.625986,Statiq,Public,CCS2,7.2,46.09,CUST01604,Sneha Shetty,5.07,233.68,UPI
STN0337,EV Charging Station 337,Mysuru,Karnataka,12.329563,76.630687,Jio-bp,Commercial,CCS2,7.2,47.96,CUST01605,Manoj Shetty,4.9,235,Cash
STN0027,EV Charging Station 027,Pune,Maharashtra,18.520407,73.896191,Jio-bp,Public,Type 2,22,90.69,CUST01606,Divya Shetty,,618.51,Credit Card
STN0270,EV Charging Station 270,Mangaluru,Karnataka,12.88136,74.821832,Statiq,Public,CCS2,11,108.26,CUST01607,Suresh Shetty,3.67,397.31,Debit Card
STN0167,EV Charging Station 167,Delhi,Delhi,28.64412,77.147294,Zeon Charging,Private,CCS2,7.2,68.18,CUST01608,Lakshmi Shetty,5.24,357.26,Credit Card
STN0473,EV Charging Station 473,Chennai,Tamil Nadu,13.078826,80.32726,ChargeZone,Commercial,Type 2,120,753.16,CUST01609,Arun Rao,5.67,4270.42,Credit Card
STN0352,EV Charging Station 352,Hubballi,Karnataka,15.367587,75.149567,,Public,IEC 60309 3-pin,11,64.88,CUST01610,Anjali Rao,3.69,239.41,UPI
STN0429,EV Charging Station 429,Kochi,Kerala,9.951861,76.234776,Jio-bp,Public,CCS2,7.2,35.68,CUST01611,Akhil Rao,7.97,284.37,UPI
STN0090,EV Charging Station 090,Chennai,Tamil Nadu,13.094787,80.2102,Statiq,Commercial,GB/T,60,403.39,CUST01612,Amritha Rao,6.52,2630.1,Debit Card
STN0218,EV Charging Station 218,Kochi,,9.871455,76.308652,Statiq,Commercial,Type 2,120,796.55,CUST01613,Ravi Rao,5.46,,Credit Card
STN0324,EV Charging Station 324,Hubballi,Karnataka,15.317622,75.15808,Statiq,Commercial,CHAdeMO,120,494.4,CUST01614,Priya Rao,5.08,2511.55,Credit Card
STN0283,EV Charging Station 283,Mysuru,Karnataka,12.294699,76.65304,Tata Power,Commercial,CCS2,22,118.47,CUST01615,Kiran Rao,3.96,469.14,Credit Card
STN0061,EV Charging Station 061,Bengaluru,Karnataka,12.927929,77.574807,Tata Power,Public,CHAdeMO,30,263.81,CUST01616,Sneha Rao,2.78,733.39,UPI
STN0276,EV Charging Station 276,Hubballi,Karnataka,15.420063,75.094159,Zeon Charging,Commercial,Type 2,11,54.58,CUST01617,Manoj Rao,2.37,129.35,Cash
STN0114,EV Charging Station 114,Bengaluru,Karnataka,12.972391,77.507804,Zeon Charging,Commercial,IEC 60309 3-pin,60,254.88,CUST01618,Divya Rao,1.35,344.09,UPI
STN0418,EV Charging Station 418,Chennai,Tamil Nadu,13.105895,80.28226,ChargeZone,Public,IEC 60309 3-pin,11,59.22,CUST01619,Suresh Rao,3.48,206.09,UPI
STN0114,EV Charging Station 114,Chennai,Tamil Nadu,13.051775,80.261901,Ather Grid,Public,CCS2,150,1293.78,CUST01620,Lakshmi Rao,6.98,9030.58,Credit Card
STN0041,,Chennai,Tamil Nadu,13.050619,80.289544,Tata Power,Private,IEC 60309 3-pin,22,163.81,CUST01621,Arun Iyer,4.38,717.49,Wallet
STN0135,EV Charging Station 135,Kochi,Kerala,,76.301712,Ather Grid,Public,Type 2,22,189.82,CUST01622,Anjali Iyer,4.67,886.46,UPI
STN0009,EV Charging Station 009,Pune,Maharashtra,18.521656,73.832259,Statiq,Public,CCS2,11,84.35,CUST01623,Akhil Iyer,5.96,502.73,UPI
STN0182,EV Charging Station 182,Delhi,Delhi,28.663771,77.245127,Jio-bp,Public,Type 2,120,830.83,CUST01624,Amritha Iyer,7.94,6596.79,Credit Card
STN0170,EV Charging Station 170,Mangaluru,Karnataka,12.873841,74.84617,Statiq,Public,Type 2,22,144.18,CUST01625,Ravi Iyer,7.08,1020.79,Credit Card
STN0061,EV Charging Station 061,Kochi,Kerala,9.969708,76.309207,ChargeZone,Public,CCS2,50,229.99,CUST01626,Priya Iyer,2.37,545.08,Credit Card
STN0237,EV Charging Station 237,Bengaluru,Karnataka,12.972966,77.559789,Zeon Charging,Public,GB/T,50,360.51,CUST01627,Kiran Iyer,7.1,2559.62,UPI
STN0103,EV Charging Station 103,Hyderabad,Telangana,17.384881,78.461034,Jio-bp,Public,Type 2,50,322.48,CUST01628,Sneha Iyer,,2031.62,UPI
STN0348,EV Charging Station 348,Chennai,Tamil Nadu,13.130874,80.274319,Zeon Charging,Public,CCS2,50,392.68,CUST01629,Manoj Iyer,1.94,761.8,Credit Card
STN0494,EV Charging Station 494,Mysuru,Karnataka,12.300027,76.676281,Tata Power,Public,IEC 60309 3-pin,3.3,,CUST01630,Divya Iyer,6.43,101.27,UPI
STN0137,EV Charging Station 137,Chennai,Tamil Nadu,13.114813,80.245579,Statiq,Private,CCS2,30,149.97,CUST01631,Suresh Iyer,6.9,1034.79,UPI
STN0443,EV Charging Station 443,Hubballi,,15.362502,75.118898,Statiq,Public,CCS2,22,108.87,CUST01632,Lakshmi Iyer,6.48,705.48,UPI
STN0460,EV Charging Station 460,Mysuru,Karnataka,12.234243,76.657592,ChargeZone,Public,,50,261.35,CUST01633,Arun Nair,5.54,1447.88,Wallet
STN0155,EV Charging Station 155,Bengaluru,Karnataka,12.927728,77.586013,Statiq,Public,CCS2,7.2,45.74,CUST01634,Anjali Nair,5.37,245.62,UPI
STN0370,EV Charging Station 370,Hubballi,Karnataka,15.42739,75.073762,Jio-bp,Public,Type 2,120,1124.99,CUST01635,Akhil Nair,1.25,1406.24,UPI
STN0238,,Delhi,Delhi,28.625902,77.154107,Jio-bp,Public,CCS2,22,195.97,CUST01636,Amritha Nair,6.85,1342.39,UPI
STN0233,EV Charging Station 233,Bengaluru,Karnataka,12.960654,77.630709,Zeon Charging,Public,Type 2,7.2,38.76,CUST01637,Ravi Nair,6.75,261.63,Credit Card
STN0013,EV Charging Station 013,Delhi,Delhi,28.573418,77.243061,Ather Grid,Public,CHAdeMO,3.3,15.52,CUST01638,Priya Nair,4.64,72.01,Credit Card
STN0050,EV Charging Station 050,Delhi,Delhi,28.588354,77.183061,Statiq,Public,Type 2,120,1009.02,CUST01639,Kiran Nair,1.81,1826.33,Wallet
STN0224,EV Charging Station 224,Delhi,Delhi,28.601989,77.216418,ChargeZone,Public,CCS2,60,585.29,CUST01640,Sneha Nair,3.99,2335.31,Debit Card
STN0208,EV Charging Station 208,Mangaluru,Karnataka,12.90567,74.85481,Ather Grid,Private,Type 2,120,699.71,CUST01641,Manoj Nair,3.29,2302.05,UPI
STN0406,EV Charging Station 406,Hubballi,Karnataka,15.406338,75.16163,Statiq,Public,CCS2,120,985.19,CUST01642,Divya Nair,3.58,3526.98,Credit Card
STN0211,EV Charging Station 211,Belagavi,Karnataka,15.892689,74.437065,Zeon Charging,Private,CHAdeMO,60,262.31,CUST01643,Suresh Nair,0.81,212.47,UPI
STN0088,EV Charging Station 088,Mangaluru,Karnataka,12.938624,74.890164,Jio-bp,Commercial,Type 2,22,217.81,CUST01644,Lakshmi Nair,2.75,598.98,Credit Card
STN0496,EV Charging Station 496,Delhi,Delhi,28.592647,77.182793,Jio-bp,Commercial,Type 2,30,123.98,CUST01645,Arun Kumar,3.8,471.12,UPI
STN0072,EV Charging Station 072,Kochi,Kerala,9.934957,76.273715,ChargeZone,Public,CCS2,50,401.88,CUST01646,Anjali Kumar,5.53,2222.4,Debit Card
STN0168,EV Charging Station 168,Mangaluru,Karnataka,12.875218,74.858215,Jio-bp,Private,Type 2,60,496.21,CUST01647,Akhil Kumar,7.73,3835.7,UPI
STN0052,EV Charging Station 052,Delhi,Delhi,28.635208,77.15862,ChargeZone,Public,Type 2,22,193.29,CUST01648,Amritha Kumar,7.66,1480.6,UPI
STN0183,EV Charging Station 183,Delhi,Delhi,28.608533,77.19533,Tata Power,Private,,22,194.78,CUST01649,Ravi Kumar,7.38,1437.48,UPI
STN0404,EV Charging Station 404,Chennai,Tamil Nadu,13.086368,80.32019,ChargeZone,Private,Type 2,50,469.91,CUST01650,Priya Kumar,3.69,1733.97,UPI
STN0103,EV Charging Station 103,Hyderabad,Telangana,17.368443,78.516125,Ather Grid,Public,CCS2,150,1410.2,CUST01651,Kiran Kumar,1.4,1974.28,Credit Card
STN0409,EV Charging Station 409,Mysuru,Karnataka,12.310451,76.634383,ChargeZone,Private,IEC 60309 3-pin,120,1025.47,CUST01652,Sneha Kumar,1.37,1404.89,Debit Card
STN0293,EV Charging Station 293,Hyderabad,Telangana,17.393314,78.505207,Ather Grid,Private,CCS2,11,83.13,CUST01653,Manoj Kumar,4.01,333.35,UPI
STN0397,EV Charging Station 397,Bengaluru,Karnataka,12.966015,77.533973,ChargeZone,Public,Type 2,50,319.29,CUST01654,Divya Kumar,0.93,,UPI
STN0361,EV Charging Station 361,Mysuru,Karnataka,12.301047,76.627166,Ather Grid,Public,CCS2,50,388.84,CUST01655,Suresh Kumar,7.32,2846.31,UPI
STN0321,EV Charging Station 321,Hubballi,Karnataka,15.286217,75.131222,Tata Power,Public,CCS2,22,159,CUST01656,Lakshmi Kumar,7.96,1265.64,UPI
STN0376,EV Charging Station 376,Delhi,Delhi,28.61702,77.256286,Tata Power,Commercial,Type 2,7.2,41.68,CUST01657,Arun Sharma,3.09,128.79,UPI
STN0494,EV Charging Station 494,Hubballi,Karnataka,15.349688,75.029262,Jio-bp,Private,CCS2,60,326.07,CUST01658,Anjali Sharma,6.57,,UPI
STN0276,EV Charging Station 276,Belagavi,Karnataka,15.882825,74.495396,Tata Power,Public,CCS2,11,83.54,CUST01659,Akhil Sharma,7.69,642.42,Credit Card
STN0136,EV Charging Station 136,Pune,Maharashtra,18.537126,73.870492,Tata Power,Private,CCS2,11,69.61,CUST01660,Amritha Sharma,3.16,219.97,UPI
STN0203,EV Charging Station 203,Bengaluru,Karnataka,12.954205,77.605148,Ather Grid,Public,Type 2,150,951.52,CUST01661,Ravi Sharma,4.37,4158.14,Credit Card
STN0120,EV Charging Station 120,Mumbai,Maharashtra,19.074883,72.918279,ChargeZone,Commercial,CCS2,11,97.88,CUST01662,Priya Sharma,3.7,362.16,Credit Card
STN0029,EV Charging Station 029,Belagavi,Karnataka,15.848354,74.471678,ChargeZone,Private,CCS2,3.3,32.38,CUST01663,Kiran Sharma,2.75,89.04,UPI
STN0391,EV Charging Station 391,Hubballi,Karnataka,15.313633,75.144711,Jio-bp,Public,CCS2,7.2,55.97,CUST01664,Sneha Sharma,7.05,394.59,UPI
STN0009,EV Charging Station 009,Belagavi,Karnataka,15.796744,74.479749,Jio-bp,Public,Type 2,30,277.98,CUST01665,Manoj Sharma,6.78,1884.7,Cash
STN0445,EV Charging Station 445,Pune,Maharashtra,18.490475,73.908945,,Public,Type 2,120,1178.84,CUST01666,Divya Sharma,5.96,7025.89,UPI
STN0389,EV Charging Station 389,Kochi,Kerala,9.954422,76.295435,Jio-bp,Public,Type 2,3.3,23.85,CUST01667,Suresh Sharma,6.24,148.82,UPI
STN0260,EV Charging Station 260,Mumbai,Maharashtra,19.07558,72.878089,ChargeZone,Public,IEC 60309 3-pin,30,192.72,CUST01668,Lakshmi Sharma,1.87,360.39,UPI
STN0433,EV Charging Station 433,Mangaluru,Karnataka,12.901742,74.85367,,Public,CHAdeMO,150,1174.56,CUST01669,Arun Reddy,5.85,6871.18,UPI
STN0244,EV Charging Station 244,,Karnataka,15.916716,74.511509,Zeon Charging,Private,Type 2,7.2,46.68,CUST01670,Anjali Reddy,6.31,294.55,Credit Card
STN0488,EV Charging Station 488,Bengaluru,Karnataka,12.971383,77.557727,Zeon Charging,Public,Type 2,30,297.57,CUST01671,Akhil Reddy,2.94,874.86,UPI
STN0394,EV Charging Station 394,Mysuru,Karnataka,12.275184,76.661463,Jio-bp,Public,,50,464.44,CUST01672,Amritha Reddy,1.53,710.59,UPI
STN0394,,Mumbai,Maharashtra,19.075985,72.952586,Zeon Charging,Private,CCS2,30,156.18,CUST01673,Ravi Reddy,4.57,713.74,UPI
STN0292,EV Charging Station 292,Belagavi,Karnataka,15.844066,74.462785,Ather Grid,Private,Type 2,22,91.65,CUST01674,Priya Reddy,4.05,371.18,Debit Card
STN0411,EV Charging Station 411,Mumbai,Maharashtra,,72.894874,Ather Grid,Public,CHAdeMO,60,438.68,CUST01675,Kiran Reddy,5.89,2583.83,Credit Card
STN0441,EV Charging Station 441,Mumbai,Maharashtra,19.100558,72.860057,Zeon Charging,Public,CHAdeMO,60,252.11,CUST01676,Sneha Reddy,1.46,368.08,UPI
STN0011,EV Charging Station 011,Mangaluru,Karnataka,12.927958,74.856265,Statiq,Public,Type 2,7.2,56.81,CUST01677,Manoj Reddy,2.53,143.73,Debit Card
STN0244,EV Charging Station 244,Mysuru,,12.302335,76.641864,Statiq,Public,Type 2,30,238.66,CUST01678,Divya Reddy,5,1193.3,UPI
STN0216,EV Charging Station 216,Mumbai,Maharashtra,19.106519,72.852839,ChargeZone,Public,Type 2,22,142.08,CUST01679,Suresh Reddy,2.24,318.26,UPI
STN0114,EV Charging Station 114,Mysuru,,12.257894,76.664076,Jio-bp,Public,Type 2,30,170.83,CUST01680,Lakshmi Reddy,2.42,413.41,UPI
STN0014,EV Charging Station 014,Kochi,Kerala,9.887967,76.28366,Statiq,Public,Type 2,22,185.01,CUST01681,Arun Patil,2.93,542.08,
STN0186,EV Charging Station 186,Mysuru,Karnataka,12.259148,76.679486,Tata Power,Private,CHAdeMO,150,1346.97,CUST01682,Anjali Patil,3.67,4943.38,UPI
STN0470,EV Charging Station 470,Mumbai,Maharashtra,19.099021,72.834459,ChargeZone,Private,Type 2,50,353.97,CUST01683,Akhil Patil,7.47,2644.16,UPI
STN0434,EV Charging Station 434,Mangaluru,,12.947103,74.86944,Ather Grid,Public,Type 2,60,549.86,CUST01684,Amritha Patil,3.55,1952,UPI
STN0042,EV Charging Station 042,Belagavi,Karnataka,15.857364,74.491835,Statiq,Public,CHAdeMO,150,1355.78,CUST01685,Ravi Patil,2.33,3158.97,Debit Card
STN0277,EV Charging Station 277,Hyderabad,Telangana,17.419822,78.488356,Zeon Charging,Public,CCS2,30,296.71,CUST01686,Priya Patil,5.89,1747.62,UPI
STN0436,EV Charging Station 436,Hyderabad,Telangana,17.390321,78.483276,Zeon Charging,Public,CCS2,120,563.96,CUST01687,Kiran Patil,6.86,3868.77,Debit Card
STN0324,EV Charging Station 324,Mysuru,Karnataka,12.251377,76.672054,Jio-bp,Public,CCS2,7.2,64.58,CUST01688,Sneha Patil,0.63,40.69,UPI
STN0233,EV Charging Station 233,Bengaluru,Karnataka,13.004812,77.644533,ChargeZone,Public,CCS2,50,280.56,CUST01689,Manoj Patil,3.03,850.1,UPI
STN0294,EV Charging Station 294,Chennai,Tamil Nadu,13.052683,80.220714,Zeon Charging,Public,Type 2,120,1067.35,CUST01690,Divya Patil,4.39,4685.67,UPI
STN0332,EV Charging Station 332,Hyderabad,Telangana,17.379968,78.43348,Ather Grid,Commercial,CHAdeMO,120,564.92,CUST01691,Suresh Patil,7.11,4016.58,Debit Card
STN0016,EV Charging Station 016,Bengaluru,Karnataka,12.9918,77.590158,Tata Power,Public,GB/T,150,1026.11,CUST01692,Lakshmi Patil,6.05,6207.97,UPI
STN0499,EV Charging Station 499,Chennai,Tamil Nadu,13.11927,80.243507,Zeon Charging,Public,IEC 60309 3-pin,7.2,61.9,CUST01693,Arun Shetty,3.45,213.56,UPI
STN0401,EV Charging Station 401,Hubballi,Karnataka,15.376345,75.140505,Statiq,Public,Type 2,30,190.96,CUST01694,Anjali Shetty,0.76,145.13,Credit Card
STN0455,EV Charging Station 455,Mysuru,Karnataka,12.287901,76.636504,Statiq,Public,Type 2,30,268.5,CUST01695,Akhil Shetty,3.92,1052.52,UPI
STN0317,EV Charging Station 317,Mumbai,Maharashtra,19.080294,72.919173,Ather Grid,Public,CCS2,22,196.95,CUST01696,Amritha Shetty,5.89,1160.04,Debit Card
STN0200,EV Charging Station 200,Bengaluru,Karnataka,12.966153,77.59629,Jio-bp,Public,CCS2,120,966.5,CUST01697,Ravi Shetty,4.11,3972.32,UPI
STN0237,EV Charging Station 237,Mumbai,Maharashtra,19.054518,72.902566,Ather Grid,Public,GB/T,11,83.82,CUST01698,Priya Shetty,3.98,333.6,Credit Card
STN0164,EV Charging Station 164,Hyderabad,Telangana,17.390907,78.471717,ChargeZone,Public,Type 2,22,206,CUST01699,Kiran Shetty,7.33,1509.98,Credit Card
STN0074,EV Charging Station 074,Belagavi,Karnataka,15.833956,74.550331,Zeon Charging,Public,Type 2,60,557.94,CUST01700,Sneha Shetty,3.02,1684.98,UPI
STN0145,EV Charging Station 145,Hyderabad,Telangana,17.355178,78.391642,Zeon Charging,Commercial,CHAdeMO,11,58.75,CUST01701,Manoj Shetty,2.42,142.17,UPI
STN0466,EV Charging Station 466,Pune,Maharashtra,18.625099,73.868927,Ather Grid,Private,Type 2,11,77.56,CUST01702,Divya Shetty,4.31,334.28,Debit Card
STN0284,EV Charging Station 284,Mumbai,Maharashtra,19.074507,72.918065,Tata Power,Public,Type 2,60,572.71,CUST01703,Suresh Shetty,0.82,469.62,Cash
STN0496,EV Charging Station 496,Kochi,Kerala,9.966192,76.281918,Zeon Charging,Public,Type 2,7.2,31.11,CUST01704,Lakshmi Shetty,7.44,231.46,UPI
STN0036,EV Charging Station 036,Mumbai,Maharashtra,19.032466,72.9092,Zeon Charging,Public,GB/T,7.2,63.53,CUST01705,Arun Rao,,155.01,UPI
STN0291,EV Charging Station 291,Hyderabad,Telangana,17.409491,78.564931,Zeon Charging,Public,Type 2,30,158.65,CUST01706,Anjali Rao,7.17,1137.52,UPI
STN0313,EV Charging Station 313,Mumbai,Maharashtra,19.086323,72.83458,ChargeZone,Private,GB/T,3.3,13.5,CUST01707,Akhil Rao,3.83,51.7,Wallet
STN0254,EV Charging Station 254,Hyderabad,Telangana,17.333593,78.477544,Jio-bp,Public,CCS2,150,1053.14,CUST01708,Amritha Rao,2.26,2380.1,Debit Card
STN0108,EV Charging Station 108,Kochi,Kerala,9.894838,76.264398,ChargeZone,Commercial,IEC 60309 3-pin,11,82.09,CUST01709,Ravi Rao,6.96,571.35,UPI
STN0367,EV Charging Station 367,Bengaluru,Karnataka,12.929096,77.577055,Tata Power,Public,CCS2,120,937,CUST01710,Priya Rao,4.93,4619.41,Cash
STN0366,EV Charging Station 366,Pune,Maharashtra,18.55433,73.838796,Ather Grid,Public,Type 2,50,446.96,CUST01711,Kiran Rao,2.28,1019.07,Credit Card
STN0208,EV Charging Station 208,Mysuru,Karnataka,12.273614,76.680848,Jio-bp,Public,,60,412.31,CUST01712,Sneha Rao,2.38,981.3,UPI
STN0432,EV Charging Station 432,Hubballi,Karnataka,15.302007,75.145685,Statiq,Commercial,Type 2,30,142.11,CUST01713,Manoj Rao,7.51,1067.25,UPI
STN0153,EV Charging Station 153,Kochi,Kerala,9.970293,76.259404,Zeon Charging,Public,IEC 60309 3-pin,30,138.4,CUST01714,Divya Rao,3.09,427.66,Credit Card
STN0116,EV Charging Station 116,Delhi,Delhi,28.692287,77.187738,Jio-bp,Public,Type 2,60,591.89,CUST01715,Suresh Rao,3.27,1935.48,Debit Card
STN0039,EV Charging Station 039,Mangaluru,Karnataka,12.937408,,Zeon Charging,Commercial,CHAdeMO,60,393.52,CUST01716,Lakshmi Rao,4.06,1597.69,UPI
STN0320,EV Charging Station 320,Hubballi,Karnataka,15.313187,75.152858,ChargeZone,Public,CHAdeMO,11,61.81,CUST01717,Arun Iyer,6.91,427.11,Debit Card
STN0326,EV Charging Station 326,Delhi,Delhi,28.578594,77.158099,Statiq,Public,CHAdeMO,11,67.85,CUST01718,Anjali Iyer,6.89,467.49,UPI
STN0125,EV Charging Station 125,Belagavi,Karnataka,15.830369,74.532056,ChargeZone,Public,CCS2,50,337.22,CUST01719,Akhil Iyer,7.04,2374.03,Credit Card
STN0448,EV Charging Station 448,Hyderabad,Telangana,17.323583,78.466365,ChargeZone,Commercial,Type 2,120,1141.44,CUST01720,Amritha Iyer,1.06,1209.93,Credit Card
STN0478,EV Charging Station 478,Mangaluru,Karnataka,12.900039,74.828076,Jio-bp,Public,CCS2,11,85.61,CUST01721,Ravi Iyer,1.81,154.95,Credit Card
STN0202,EV Charging Station 202,Kochi,Kerala,9.925982,76.272009,Tata Power,Public,GB/T,22,98.15,CUST01722,,6.19,607.55,Debit Card
STN0462,EV Charging Station 462,Belagavi,Karnataka,15.808289,74.545904,ChargeZone,Commercial,Type 2,7.2,38.57,CUST01723,Kiran Iyer,5.79,223.32,UPI
STN0115,EV Charging Station 115,Kochi,Kerala,9.891782,76.293495,Zeon Charging,Public,CCS2,50,240.58,CUST01724,Sneha Iyer,5.71,1373.71,UPI
STN0406,EV Charging Station 406,Belagavi,Karnataka,15.895985,74.483375,Statiq,Public,Type 2,60,519.79,CUST01725,Manoj Iyer,2.49,1294.28,Credit Card
STN0343,EV Charging Station 343,Bengaluru,Karnataka,12.899113,77.570829,Tata Power,Commercial,CCS2,11,89.07,CUST01726,Divya Iyer,4.63,412.39,Debit Card
STN0410,EV Charging Station 410,Pune,Maharashtra,18.5236,73.867935,ChargeZone,Private,CCS2,50,314.71,CUST01727,Suresh Iyer,1.16,365.06,Credit Card
STN0194,EV Charging Station 194,Mangaluru,Karnataka,12.915712,74.780046,ChargeZone,Commercial,CCS2,11,81.11,CUST01728,Lakshmi Iyer,3.21,,UPI
STN0447,EV Charging Station 447,Hubballi,Karnataka,15.411007,75.128757,Statiq,Private,Type 2,11,67.21,CUST01729,Arun Nair,6.94,466.44,UPI
STN0169,EV Charging Station 169,Mumbai,Maharashtra,19.089951,72.865467,ChargeZone,,IEC 60309 3-pin,11,62.82,CUST01730,Anjali Nair,2.04,128.15,UPI
STN0108,EV Charging Station 108,Hubballi,Karnataka,15.413373,75.196998,Tata Power,Public,Type 2,11,75.31,CUST01731,Akhil Nair,4.21,317.06,UPI
STN0403,EV Charging Station 403,Hyderabad,Telangana,17.389759,78.495935,Statiq,Private,Type 2,22,186.58,CUST01732,Amritha Nair,2.3,429.13,UPI
STN0215,EV Charging Station 215,Mumbai,Maharashtra,19.055242,72.842898,Tata Power,Public,CHAdeMO,7.2,36.23,CUST01733,Ravi Nair,1.55,56.16,Credit Card
STN0490,EV Charging Station 490,Chennai,Tamil Nadu,13.006189,80.301928,Zeon Charging,Public,CCS2,60,519.2,CUST01734,Priya Nair,6.37,3307.3,Debit Card
STN0072,EV Charging Station 072,Hubballi,Karnataka,15.300055,75.092871,Tata Power,Public,Type 2,60,504.43,CUST01735,Kiran Nair,3.64,1836.13,UPI
STN0148,EV Charging Station 148,Delhi,Delhi,28.629552,77.161209,Tata Power,Public,CCS2,7.2,35.84,CUST01736,Sneha Nair,5.2,186.37,Credit Card
STN0494,EV Charging Station 494,Delhi,Delhi,28.630407,77.213284,Zeon Charging,Private,CHAdeMO,3.3,16.35,CUST01737,Manoj Nair,2.79,45.62,Debit Card
STN0129,EV Charging Station 129,Belagavi,Karnataka,15.827922,74.481974,Zeon Charging,Public,GB/T,60,346.72,CUST01738,Divya Nair,3.76,1303.67,UPI
STN0359,EV Charging Station 359,Kochi,Kerala,9.9298,76.247427,Ather Grid,Public,GB/T,11,47.22,CUST01739,Suresh Nair,1.11,52.41,Debit Card
STN0137,EV Charging Station 137,Kochi,Kerala,9.905025,,Ather Grid,Public,CHAdeMO,22,113.55,CUST01740,Lakshmi Nair,7.51,852.76,Wallet
STN0262,EV Charging Station 262,Delhi,Delhi,28.640178,,Statiq,Public,Type 2,3.3,15.98,CUST01741,Arun Kumar,3.42,54.65,Debit Card
STN0492,EV Charging Station 492,Mangaluru,Karnataka,12.836003,74.888513,Ather Grid,Public,CHAdeMO,11,47.18,CUST01742,Anjali Kumar,0.78,36.8,UPI
STN0362,EV Charging Station 362,Mysuru,Karnataka,12.280098,76.591145,Zeon Charging,Commercial,CCS2,7.2,49.78,CUST01743,Akhil Kumar,5.23,260.35,Credit Card
STN0121,,Pune,Maharashtra,18.506661,73.808501,Ather Grid,Public,CCS2,22,195.18,CUST01744,Amritha Kumar,1.08,210.79,Credit Card
STN0250,EV Charging Station 250,Hubballi,Karnataka,15.32267,75.11139,Ather Grid,Public,IEC 60309 3-pin,50,365.16,CUST01745,Ravi Kumar,2.23,814.31,UPI
STN0441,EV Charging Station 441,Mumbai,Maharashtra,19.070415,72.87179,Ather Grid,Public,GB/T,150,1384.47,CUST01746,Priya Kumar,4.43,6133.2,Credit Card
STN0036,EV Charging Station 036,Chennai,Tamil Nadu,13.076727,80.280506,ChargeZone,Public,CCS2,22,175.59,CUST01747,Kiran Kumar,4.42,776.11,Wallet
STN0305,EV Charging Station 305,Mangaluru,Karnataka,12.929861,74.917426,Jio-bp,Public,Type 2,120,1149.69,CUST01748,Sneha Kumar,7.67,8818.12,Debit Card
STN0136,EV Charging Station 136,Mumbai,Maharashtra,19.086355,72.905727,ChargeZone,Public,Type 2,120,554.1,CUST01749,Manoj Kumar,1.79,991.84,Credit Card
STN0227,EV Charging Station 227,Pune,Maharashtra,18.520694,73.900495,ChargeZone,Public,Type 2,22,172.19,CUST01750,Divya Kumar,7.65,1317.25,Debit Card
STN0392,EV Charging Station 392,Pune,Maharashtra,18.504832,73.870746,Statiq,Commercial,CCS2,30,251.34,CUST01751,Suresh Kumar,2.68,673.59,Credit Card
STN0321,EV Charging Station 321,Mangaluru,Karnataka,12.950736,74.843074,Ather Grid,Public,CCS2,7.2,57.5,CUST01752,Lakshmi Kumar,2.08,119.6,Debit Card
STN0424,EV Charging Station 424,Mumbai,Maharashtra,19.04379,72.83702,Ather Grid,Public,CCS2,120,1191.46,CUST01753,Arun Sharma,1.21,1441.67,Cash
STN0295,EV Charging Station 295,Mumbai,Maharashtra,19.020175,72.926252,Jio-bp,Public,CCS2,120,573.69,CUST01754,Anjali Sharma,4.25,2438.18,UPI
STN0142,EV Charging Station 142,Hyderabad,Telangana,17.41602,78.49921,Jio-bp,Private,Type 2,60,572.27,CUST01755,Akhil Sharma,5.31,3038.75,UPI
STN0143,EV Charging Station 143,Delhi,Delhi,28.599623,77.155601,Tata Power,Private,CCS2,50,378.31,CUST01756,Amritha Sharma,4.68,1770.49,UPI
STN0404,EV Charging Station 404,Bengaluru,,12.983043,77.566344,Zeon Charging,Public,CCS2,7.2,35.07,CUST01757,Ravi Sharma,0.82,28.76,UPI
STN0441,EV Charging Station 441,Hyderabad,Telangana,17.408774,78.480782,Statiq,Public,CCS2,60,594.91,CUST01758,Priya Sharma,1.02,606.81,Debit Card
STN0264,EV Charging Station 264,Pune,Maharashtra,18.52224,73.813552,ChargeZone,Public,Type 2,50,318.93,CUST01759,Kiran Sharma,6.14,1958.23,Cash
STN0365,EV Charging Station 365,Chennai,Tamil Nadu,13.066386,80.265007,Ather Grid,Public,CCS2,60,561.57,CUST01760,Sneha Sharma,1.12,628.96,UPI
STN0058,EV Charging Station 058,Hyderabad,Telangana,17.421939,78.483192,ChargeZone,Commercial,CHAdeMO,30,216.23,CUST01761,Manoj Sharma,1.63,352.45,UPI
STN0351,EV Charging Station 351,Mangaluru,Karnataka,12.883427,74.802496,Ather Grid,Public,CCS2,120,675.76,CUST01762,Divya Sharma,2.32,1567.76,UPI
STN0408,EV Charging Station 408,Delhi,Delhi,28.641287,77.217406,Zeon Charging,Private,Type 2,7.2,28.94,CUST01763,Suresh Sharma,5.73,165.83,UPI
STN0207,EV Charging Station 207,Mysuru,Karnataka,12.304615,76.728277,Zeon Charging,,IEC 60309 3-pin,22,199.5,CUST01764,Lakshmi Sharma,7,1396.5,UPI
STN0036,EV Charging Station 036,Hyderabad,Telangana,17.447813,78.477276,Zeon Charging,Public,GB/T,50,461.02,CUST01765,Arun Reddy,7.66,3531.41,UPI
STN0337,EV Charging Station 337,Kochi,Kerala,9.939889,76.292744,Jio-bp,Public,CCS2,22,161.78,CUST01766,Anjali Reddy,6.72,1087.16,Credit Card
STN0342,EV Charging Station 342,Kochi,Kerala,9.909353,76.273733,ChargeZone,Public,Type 2,50,271.37,CUST01767,Akhil Reddy,2.26,613.3,UPI
STN0201,EV Charging Station 201,Bengaluru,Karnataka,12.926631,77.570598,Tata Power,Private,Type 2,11,109.16,CUST01768,Amritha Reddy,4.27,466.11,Cash
STN0242,EV Charging Station 242,Hubballi,Karnataka,15.418451,75.179238,Tata Power,Public,CCS2,60,561.58,CUST01769,Ravi Reddy,7.61,4273.62,UPI
STN0138,EV Charging Station 138,Bengaluru,Karnataka,12.969126,77.622307,Statiq,Public,Type 2,,917.77,CUST01770,Priya Reddy,4.46,4093.25,Credit Card
STN0209,EV Charging Station 209,Kochi,Kerala,9.949696,76.258212,Statiq,Public,CCS2,60,567.85,CUST01771,Kiran Reddy,5.65,3208.35,UPI
STN0407,EV Charging Station 407,Mysuru,Karnataka,12.340481,76.631188,Ather Grid,Public,CCS2,50,255.4,CUST01772,Sneha Reddy,2.47,630.84,Credit Card
STN0053,EV Charging Station 053,Hubballi,Karnataka,15.378417,75.097488,ChargeZone,Private,Type 2,11,51.16,CUST01773,Manoj Reddy,7.55,386.26,UPI
STN0360,EV Charging Station 360,Mysuru,Karnataka,12.249422,,Statiq,Public,CCS2,7.2,29.55,CUST01774,Divya Reddy,3.62,106.97,Credit Card
STN0351,EV Charging Station 351,Hubballi,Karnataka,15.390755,75.044849,Tata Power,Private,CCS2,30,187.55,CUST01775,Suresh Reddy,2.86,536.39,Credit Card
STN0031,EV Charging Station 031,Mangaluru,Karnataka,12.926729,74.892173,Tata Power,Public,IEC 60309 3-pin,7.2,62.88,CUST01776,Lakshmi Reddy,7.92,498.01,UPI
STN0365,EV Charging Station 365,Mumbai,Maharashtra,18.998984,72.866728,Tata Power,,Type 2,7.2,68.31,CUST01777,Arun Patil,4.96,338.82,UPI
STN0077,EV Charging Station 077,Mumbai,Maharashtra,19.084215,72.919777,Jio-bp,Commercial,Type 2,50,,CUST01778,Anjali Patil,3.46,1576.93,UPI
STN0149,EV Charging Station 149,Belagavi,Karnataka,15.803081,74.429158,Ather Grid,Public,IEC 60309 3-pin,50,312.69,CUST01779,Akhil Patil,4.29,1341.44,UPI
STN0482,EV Charging Station 482,Pune,Maharashtra,18.518154,73.889153,Jio-bp,Public,Type 2,50,299.31,CUST01780,Amritha Patil,0.8,239.45,Credit Card
STN0223,EV Charging Station 223,Pune,Maharashtra,18.553303,73.799521,Tata Power,Public,Type 2,7.2,34.57,CUST01781,Ravi Patil,4.35,150.38,UPI
STN0269,EV Charging Station 269,Hyderabad,Telangana,17.375425,78.486305,Jio-bp,Public,CCS2,7.2,46.6,CUST01782,Priya Patil,4.42,205.97,UPI
STN0173,EV Charging Station 173,Hyderabad,Telangana,17.426261,78.480469,Zeon Charging,Public,Type 2,30,281.99,CUST01783,Kiran Patil,6.43,1813.2,Debit Card
STN0012,EV Charging Station 012,Belagavi,Karnataka,15.806324,74.553271,Tata Power,Public,Type 2,120,863.31,CUST01784,Sneha Patil,3.61,3116.55,Debit Card
STN0196,EV Charging Station 196,Hyderabad,Telangana,17.335027,78.492585,Statiq,Private,CHAdeMO,3.3,28.17,CUST01785,Manoj Patil,2.56,72.12,Wallet
STN0144,EV Charging Station 144,Mysuru,Karnataka,12.289959,76.640603,Jio-bp,Private,CCS2,22,93.57,CUST01786,Divya Patil,4.15,,UPI
STN0208,EV Charging Station 208,Hyderabad,Telangana,17.411082,78.521914,Ather Grid,Public,CCS2,7.2,41.25,CUST01787,Suresh Patil,6.51,268.54,Wallet
STN0050,EV Charging Station 050,Kochi,Kerala,9.975191,76.318241,ChargeZone,Public,IEC 60309 3-pin,22,165.37,CUST01788,Lakshmi Patil,4.79,792.12,UPI
STN0365,EV Charging Station 365,Bengaluru,Karnataka,12.985142,77.574394,Tata Power,Public,GB/T,50,446.23,CUST01789,Arun Shetty,3.73,1664.44,UPI
STN0188,EV Charging Station 188,Mysuru,Karnataka,12.234932,76.653793,Statiq,Public,Type 2,3.3,26.83,CUST01790,Anjali Shetty,7.8,209.27,UPI
STN0471,EV Charging Station 471,Belagavi,Karnataka,15.826084,74.516889,Jio-bp,Private,IEC 60309 3-pin,30,270.91,CUST01791,Akhil Shetty,6.45,1747.37,UPI
STN0153,EV Charging Station 153,Belagavi,Karnataka,15.860096,74.474495,Statiq,Public,Type 2,7.2,36.47,CUST01792,Amritha Shetty,7.66,279.36,Wallet
STN0329,EV Charging Station 329,Mangaluru,Karnataka,12.899064,74.861003,Ather Grid,Public,GB/T,22,110.53,CUST01793,Ravi Shetty,1.42,156.95,Debit Card
STN0475,EV Charging Station 475,Mangaluru,Karnataka,12.916696,74.846621,Jio-bp,Private,Type 2,7.2,34.82,CUST01794,Priya Shetty,5.14,178.97,UPI
STN0379,EV Charging Station 379,Hubballi,Karnataka,15.407247,75.132585,Tata Power,Private,CCS2,22,178.44,CUST01795,Kiran Shetty,3.5,624.54,UPI
STN0461,EV Charging Station 461,Chennai,Tamil Nadu,13.052067,80.255802,Tata Power,Public,CHAdeMO,7.2,37.3,CUST01796,Sneha Shetty,,51.47,UPI
STN0183,EV Charging Station 183,Belagavi,Karnataka,15.851914,74.492228,Statiq,Private,CCS2,60,335.42,CUST01797,Manoj Shetty,0.89,298.52,UPI
STN0274,EV Charging Station 274,Mangaluru,Karnataka,12.904029,74.943433,Jio-bp,Public,,150,812.87,CUST01798,Divya Shetty,1.64,1333.11,UPI
STN0498,EV Charging Station 498,Mysuru,Karnataka,12.305568,76.664999,Tata Power,Private,GB/T,120,930.91,CUST01799,Suresh Shetty,7.08,6590.84,Debit Card
STN0188,EV Charging Station 188,Mysuru,Karnataka,12.34967,,Zeon Charging,Public,CCS2,150,907.93,CUST01800,Lakshmi Shetty,0.63,572,UPI
STN0422,EV Charging Station 422,Hyderabad,Telangana,17.357339,78.494352,Statiq,Public,CCS2,11,53.64,CUST01801,Arun Rao,3.87,207.59,Credit Card
STN0304,EV Charging Station 304,Bengaluru,Karnataka,13.056539,77.508245,ChargeZone,Public,Type 2,50,477.37,CUST01802,Anjali Rao,7.48,3570.73,UPI
STN0136,EV Charging Station 136,Mangaluru,Karnataka,12.916653,74.841045,,Public,Type 2,22,112.99,CUST01803,Akhil Rao,4.3,485.86,Wallet
STN0043,EV Charging Station 043,Hubballi,Karnataka,15.283319,75.047889,Tata Power,Private,Type 2,7.2,61.48,CUST01804,Amritha Rao,5.31,326.46,Debit Card
STN0472,EV Charging Station 472,Hyderabad,Telangana,17.470179,78.513518,Zeon Charging,Commercial,,50,349.99,CUST01805,Ravi Rao,6.93,2425.43,UPI
STN0174,EV Charging Station 174,Hubballi,Karnataka,15.344185,,Tata Power,Private,CCS2,3.3,24.92,CUST01806,Priya Rao,5.47,136.31,Wallet
STN0185,EV Charging Station 185,Kochi,Kerala,9.983173,76.28613,Jio-bp,Public,CCS2,50,370.72,CUST01807,Kiran Rao,3.09,1145.52,Credit Card
STN0437,EV Charging Station 437,Belagavi,Karnataka,15.863538,74.490921,ChargeZone,Public,CCS2,30,134.16,CUST01808,Sneha Rao,7.81,1047.79,Debit Card
STN0191,EV Charging Station 191,Mumbai,Maharashtra,19.088358,72.848632,Zeon Charging,Public,IEC 60309 3-pin,150,626.28,CUST01809,Manoj Rao,7.94,4972.66,Credit Card
STN0394,EV Charging Station 394,Hubballi,Karnataka,15.339711,75.111034,Zeon Charging,Commercial,Type 2,22,137.1,CUST01810,Divya Rao,,119.28,Credit Card
STN0491,EV Charging Station 491,Kochi,Kerala,9.931302,76.281653,Tata Power,Commercial,CCS2,,240.77,CUST01811,Suresh Rao,4.67,1124.4,UPI
STN0005,EV Charging Station 005,Delhi,Delhi,28.606077,77.228735,Ather Grid,Public,CCS2,22,146.06,CUST01812,Lakshmi Rao,3.1,452.79,Credit Card
STN0057,EV Charging Station 057,Belagavi,Karnataka,15.846608,,Tata Power,Public,CCS2,30,145.06,CUST01813,Arun Iyer,1.35,195.83,Credit Card
STN0322,EV Charging Station 322,Mysuru,Karnataka,12.307374,76.601825,Jio-bp,Public,CCS2,50,496.24,CUST01814,Anjali Iyer,6.27,3111.42,Debit Card
STN0357,EV Charging Station 357,Hubballi,Karnataka,15.363438,75.131362,Statiq,Private,GB/T,120,1122.03,CUST01815,Akhil Iyer,2.27,2547.01,UPI
STN0397,EV Charging Station 397,Belagavi,Karnataka,15.796945,74.528923,Ather Grid,Public,GB/T,150,841.42,CUST01816,Amritha Iyer,3.94,3315.19,Credit Card
STN0462,EV Charging Station 462,Bengaluru,Karnataka,12.92117,77.588575,Tata Power,Private,CCS2,30,226.4,CUST01817,Ravi Iyer,1.47,332.81,Credit Card
STN0342,EV Charging Station 342,Mangaluru,Karnataka,12.882779,74.807563,Jio-bp,Private,GB/T,50,481.42,CUST01818,Priya Iyer,0.56,269.6,UPI
STN0486,EV Charging Station 486,Mumbai,Maharashtra,19.096975,72.926498,Jio-bp,Public,CCS2,7.2,60.96,CUST01819,Kiran Iyer,7.98,,Credit Card
STN0480,EV Charging Station 480,Hyderabad,Telangana,17.347074,78.449487,Statiq,Public,CHAdeMO,30,186.62,CUST01820,Sneha Iyer,3.51,655.04,UPI
STN0304,EV Charging Station 304,Mumbai,Maharashtra,19.053978,72.874978,Jio-bp,Public,Type 2,150,792.13,CUST01821,Manoj Iyer,2.93,2320.94,UPI
STN0144,EV Charging Station 144,Mysuru,Karnataka,12.313729,76.574881,Zeon Charging,Commercial,GB/T,22,99.7,CUST01822,Divya Iyer,4.14,412.76,UPI
STN0026,EV Charging Station 026,Kochi,Kerala,9.946146,76.287909,Jio-bp,Public,IEC 60309 3-pin,22,165.81,CUST01823,Suresh Iyer,6.1,1011.44,Cash
STN0207,EV Charging Station 207,Pune,Maharashtra,18.540526,73.868857,Tata Power,Public,CCS2,30,130.37,CUST01824,Lakshmi Iyer,1.17,152.53,Debit Card
STN0400,EV Charging Station 400,Delhi,Delhi,28.686105,77.269882,Ather Grid,Public,Type 2,11,109.11,CUST01825,Arun Nair,7.49,817.23,Credit Card
STN0245,EV Charging Station 245,Bengaluru,Karnataka,13.010993,77.590378,ChargeZone,Private,GB/T,60,245.56,CUST01826,Anjali Nair,5.26,1291.65,UPI
STN0092,EV Charging Station 092,Delhi,Delhi,28.601906,77.15657,Zeon Charging,Commercial,IEC 60309 3-pin,30,170.2,CUST01827,Akhil Nair,2.81,478.26,UPI
STN0163,EV Charging Station 163,Hyderabad,Telangana,17.418199,78.433943,Zeon Charging,Public,CCS2,30,169.7,CUST01828,Amritha Nair,1.87,317.34,Wallet
STN0332,EV Charging Station 332,Belagavi,Karnataka,15.883628,74.523357,Ather Grid,Private,GB/T,120,793.49,CUST01829,Ravi Nair,4.76,3777.01,UPI
STN0398,EV Charging Station 398,Mysuru,Karnataka,12.297939,76.622212,Statiq,Public,CCS2,22,133.57,CUST01830,Priya Nair,2.67,356.63,UPI
STN0047,EV Charging Station 047,Pune,Maharashtra,18.515497,73.845878,Tata Power,Private,CCS2,30,129.98,CUST01831,Kiran Nair,6.29,817.57,UPI
STN0369,EV Charging Station 369,Delhi,Delhi,28.535665,77.122843,Statiq,Commercial,Type 2,120,848.65,CUST01832,,1.98,1680.33,Credit Card
STN0411,EV Charging Station 411,Pune,Maharashtra,18.481844,73.837069,Zeon Charging,Public,Type 2,150,889.17,CUST01833,Manoj Nair,3.08,2738.64,UPI
STN0358,EV Charging Station 358,Mumbai,Maharashtra,19.075109,72.924674,Jio-bp,Commercial,Type 2,150,1156.7,CUST01834,Divya Nair,7.98,9230.47,UPI
STN0080,EV Charging Station 080,Delhi,Delhi,,77.21524,ChargeZone,Public,Type 2,30,248.52,CUST01835,Suresh Nair,,593.96,UPI
STN0333,EV Charging Station 333,Bengaluru,Karnataka,13.007412,77.559741,Ather Grid,Public,Type 2,7.2,60.51,CUST01836,Lakshmi Nair,2.47,149.46,Credit Card
STN0019,EV Charging Station 019,Mangaluru,Karnataka,12.867434,74.84592,Statiq,Public,Type 2,50,207.2,CUST01837,Arun Kumar,5.75,1191.4,UPI
STN0409,EV Charging Station 409,Kochi,Kerala,9.898918,76.273588,Tata Power,Public,CCS2,30,153.1,CUST01838,Anjali Kumar,5.96,912.48,Debit Card
STN0161,EV Charging Station 161,Hyderabad,Telangana,17.457135,78.516234,Statiq,Public,Type 2,11,72.33,CUST01839,Akhil Kumar,2.06,149,UPI
STN0198,EV Charging Station 198,Hubballi,Karnataka,15.351067,75.111695,Ather Grid,Public,IEC 60309 3-pin,11,100.26,CUST01840,Amritha Kumar,4.03,404.05,UPI
STN0055,EV Charging Station 055,Hubballi,Karnataka,15.35898,75.096461,ChargeZone,Public,IEC 60309 3-pin,120,,CUST01841,Ravi Kumar,6.49,4933.44,Credit Card
STN0345,EV Charging Station 345,Hyderabad,Telangana,17.38866,78.45775,Statiq,Commercial,Type 2,50,416.98,CUST01842,Priya Kumar,5.89,2456.01,Debit Card
STN0263,EV Charging Station 263,Kochi,Kerala,9.948508,76.274195,ChargeZone,Public,CCS2,7.2,31.7,CUST01843,Kiran Kumar,5.71,181.01,UPI
STN0372,EV Charging Station 372,Hyderabad,Telangana,17.346908,78.49973,ChargeZone,Commercial,Type 2,120,610.53,CUST01844,Sneha Kumar,5.99,3657.07,Wallet
STN0039,EV Charging Station 039,Hyderabad,Telangana,17.343574,,Ather Grid,Public,Type 2,7.2,47.89,CUST01845,Manoj Kumar,7.91,378.81,Credit Card
STN0380,EV Charging Station 380,,Karnataka,15.854599,,Statiq,Commercial,Type 2,150,1318.88,CUST01846,Divya Kumar,7.44,9812.47,UPI
STN0343,EV Charging Station 343,Hubballi,Karnataka,15.388222,75.122065,Statiq,Commercial,Type 2,30,123.97,CUST01847,Suresh Kumar,6.83,846.72,Wallet
STN0317,EV Charging Station 317,Mangaluru,Karnataka,12.911254,74.866118,Ather Grid,Public,CCS2,50,492.33,CUST01848,Lakshmi Kumar,2.76,1358.83,UPI
STN0025,EV Charging Station 025,Mysuru,Karnataka,,76.632677,Statiq,Public,CCS2,150,768.39,CUST01849,Arun Sharma,6.24,4794.75,UPI
STN0262,EV Charging Station 262,Kochi,Kerala,9.967935,76.236081,Jio-bp,Public,Type 2,50,478.74,CUST01850,Anjali Sharma,1.9,909.61,Debit Card
STN0219,EV Charging Station 219,Hubballi,Karnataka,15.328295,75.123078,,Private,GB/T,60,278.68,CUST01851,Akhil Sharma,0.77,214.58,UPI
STN0442,EV Charging Station 442,Kochi,Kerala,9.904338,76.287535,ChargeZone,Public,IEC 60309 3-pin,150,1028.93,CUST01852,Amritha Sharma,4.35,4475.85,UPI
STN0212,EV Charging Station 212,Delhi,Delhi,28.626814,77.218909,ChargeZone,Public,Type 2,7.2,46.36,CUST01853,Ravi Sharma,0.77,35.7,UPI
STN0156,EV Charging Station 156,Kochi,Kerala,9.932041,76.284259,Statiq,Public,CCS2,7.2,49.57,CUST01854,Priya Sharma,5.08,251.82,UPI
STN0331,EV Charging Station 331,Mysuru,Karnataka,12.264219,76.669781,Ather Grid,Commercial,CCS2,30,169.64,CUST01855,Kiran Sharma,3.57,605.61,
STN0319,EV Charging Station 319,,Kerala,9.912984,76.226246,ChargeZone,Public,Type 2,120,1115.79,CUST01856,Sneha Sharma,1.7,1896.84,Wallet
STN0206,EV Charging Station 206,Pune,Maharashtra,18.551281,73.855729,Ather Grid,Commercial,IEC 60309 3-pin,60,592.16,CUST01857,Manoj Sharma,4.4,2605.5,UPI
STN0241,EV Charging Station 241,Mumbai,Maharashtra,19.082457,72.874858,Ather Grid,Public,Type 2,,290.6,CUST01858,Divya Sharma,7.16,2080.7,Debit Card
STN0148,EV Charging Station 148,Belagavi,Karnataka,15.856184,74.431544,Zeon Charging,Public,Type 2,30,187.66,CUST01859,Suresh Sharma,6.04,1133.47,UPI
STN0216,EV Charging Station 216,Chennai,Tamil Nadu,13.078609,80.244383,Jio-bp,Commercial,IEC 60309 3-pin,60,516.84,CUST01860,Lakshmi Sharma,7.56,3907.31,Wallet
STN0490,EV Charging Station 490,Hyderabad,Telangana,17.37818,78.509834,ChargeZone,Public,CCS2,11,83.42,CUST01861,Arun Reddy,2.81,234.41,UPI
STN0211,EV Charging Station 211,Hyderabad,Telangana,17.416866,78.474538,Zeon Charging,Commercial,CCS2,22,103.9,CUST01862,Anjali Reddy,2.65,275.33,Wallet
STN0330,EV Charging Station 330,Chennai,Tamil Nadu,13.094536,80.22319,Zeon Charging,Public,CCS2,50,353.27,CUST01863,Akhil Reddy,7.26,2564.74,UPI
STN0024,EV Charging Station 024,Chennai,Tamil Nadu,13.090463,80.245869,ChargeZone,Commercial,CCS2,50,336.96,CUST01864,Amritha Reddy,5.32,1792.63,Debit Card
STN0409,EV Charging Station 409,Bengaluru,Karnataka,12.979704,77.599396,Zeon Charging,Public,CHAdeMO,7.2,69.12,CUST01865,Ravi Reddy,1.15,79.49,UPI
STN0072,EV Charging Station 072,Chennai,Tamil Nadu,13.159799,80.274913,,Private,CHAdeMO,30,123.87,CUST01866,Priya Reddy,5.36,663.94,UPI
STN0382,EV Charging Station 382,Mangaluru,Karnataka,12.920275,74.877928,ChargeZone,Private,Type 2,22,120.82,CUST01867,Kiran Reddy,2.35,283.93,Credit Card
STN0098,EV Charging Station 098,Delhi,Delhi,28.647062,77.234064,Ather Grid,Public,CCS2,22,168.37,CUST01868,Sneha Reddy,7.61,1281.3,Wallet
STN0096,EV Charging Station 096,Hyderabad,Telangana,17.394416,78.485106,ChargeZone,Commercial,CCS2,22,,CUST01869,Manoj Reddy,2.32,224.92,Debit Card
STN0297,EV Charging Station 297,Hubballi,Karnataka,15.336542,75.113356,Ather Grid,Public,Type 2,22,125.58,CUST01870,Divya Reddy,,808.74,UPI
STN0196,EV Charging Station 196,Mumbai,Maharashtra,19.045374,72.800453,Tata Power,Public,GB/T,7.2,54.56,CUST01871,Suresh Reddy,2.16,117.85,UPI
STN0274,EV Charging Station 274,Mysuru,Karnataka,12.30279,76.555907,Ather Grid,Commercial,CCS2,11,72.94,CUST01872,Lakshmi Reddy,7.73,563.83,Wallet
STN0311,EV Charging Station 311,Kochi,Kerala,9.960327,76.285125,Statiq,Private,CCS2,60,419.82,CUST01873,Arun Patil,3.3,1385.41,UPI
STN0179,EV Charging Station 179,Kochi,Kerala,,76.263084,Tata Power,Public,CCS2,3.3,17.91,CUST01874,Anjali Patil,7.19,128.77,Cash
STN0135,EV Charging Station 135,Chennai,Tamil Nadu,13.145432,80.257182,Jio-bp,Public,Type 2,120,911.03,CUST01875,Akhil Patil,3.19,2906.19,UPI
STN0315,EV Charging Station 315,Mangaluru,Karnataka,,74.883126,Zeon Charging,Private,CCS2,11,54.43,CUST01876,Amritha Patil,5.88,320.05,UPI
STN0029,EV Charging Station 029,Hubballi,Karnataka,15.404465,75.155765,Statiq,Public,IEC 60309 3-pin,60,425.32,CUST01877,Ravi Patil,6.42,2730.55,Credit Card
STN0195,EV Charging Station 195,Mumbai,Maharashtra,19.007597,72.942534,Statiq,Public,IEC 60309 3-pin,120,864.91,CUST01878,Priya Patil,0.81,700.58,UPI
STN0258,EV Charging Station 258,Mumbai,Maharashtra,,72.88599,Ather Grid,Public,Type 2,22,156.08,CUST01879,Kiran Patil,1.77,276.26,Debit Card
STN0123,EV Charging Station 123,Hyderabad,Telangana,17.435238,78.409645,,Public,IEC 60309 3-pin,60,489.72,CUST01880,Sneha Patil,5.9,2889.35,UPI
STN0339,EV Charging Station 339,Hubballi,Karnataka,15.311231,75.107248,Zeon Charging,Public,Type 2,22,185.86,CUST01881,Manoj Patil,4.1,762.03,UPI
STN0238,EV Charging Station 238,Delhi,Delhi,28.529894,77.230656,Zeon Charging,Commercial,Type 2,150,791.27,CUST01882,Divya Patil,0.88,696.32,UPI
STN0225,EV Charging Station 225,Mysuru,Karnataka,12.293171,76.615051,Statiq,Private,CHAdeMO,120,976.49,CUST01883,Suresh Patil,7.7,7518.97,Wallet
STN0127,EV Charging Station 127,Hubballi,Karnataka,15.400796,75.194382,Ather Grid,Public,Type 2,30,185.78,CUST01884,Lakshmi Patil,4.79,889.89,UPI
STN0475,EV Charging Station 475,Bengaluru,Karnataka,12.953359,77.575883,Statiq,Public,CCS2,7.2,30.11,CUST01885,Arun Shetty,2.75,82.8,Debit Card
STN0173,EV Charging Station 173,Bengaluru,Karnataka,12.948673,77.533787,Statiq,,GB/T,120,1013.4,CUST01886,Anjali Shetty,5.15,5219.01,Credit Card
STN0330,EV Charging Station 330,Delhi,Delhi,28.659205,,Statiq,Public,CCS2,60,317.64,CUST01887,Akhil Shetty,,2280.66,UPI
STN0425,EV Charging Station 425,Mysuru,Karnataka,12.287474,76.618934,Ather Grid,Public,CCS2,7.2,54.41,CUST01888,Amritha Shetty,1.99,108.28,UPI
STN0049,EV Charging Station 049,Mumbai,Maharashtra,19.126122,72.879672,Statiq,Public,CHAdeMO,7.2,34.56,CUST01889,,6.25,216,UPI
STN0408,EV Charging Station 408,Pune,Maharashtra,18.581789,73.889367,Jio-bp,Public,CHAdeMO,11,84.06,CUST01890,Priya Shetty,1.29,108.44,UPI
STN0408,EV Charging Station 408,Kochi,Kerala,9.898977,76.255714,Tata Power,Private,CCS2,11,95.89,CUST01891,Kiran Shetty,3.53,338.49,Credit Card
STN0491,EV Charging Station 491,Mangaluru,Karnataka,12.947999,74.814688,Jio-bp,Private,CCS2,120,663.18,CUST01892,Sneha Shetty,1.72,1140.67,UPI
STN0257,EV Charging Station 257,Mumbai,Maharashtra,19.116405,72.88657,Jio-bp,Public,CCS2,50,457.7,CUST01893,Manoj Shetty,5.17,2366.31,UPI
STN0398,EV Charging Station 398,Delhi,Delhi,28.599715,77.224534,ChargeZone,Commercial,CHAdeMO,50,419.42,CUST01894,Divya Shetty,6.74,,Debit Card
STN0478,EV Charging Station 478,Mysuru,Karnataka,12.276909,76.652579,Jio-bp,Public,CHAdeMO,150,1385.98,CUST01895,Suresh Shetty,7.68,10644.33,Wallet
STN0374,EV Charging Station 374,Bengaluru,Karnataka,12.990413,77.57892,Zeon Charging,Commercial,CCS2,22,179.3,CUST01896,Lakshmi Shetty,3.38,606.03,UPI
STN0353,EV Charging Station 353,Delhi,Delhi,28.608017,77.166573,Zeon Charging,Public,CCS2,120,1079.14,CUST01897,Arun Rao,7.4,7985.64,Credit Card
STN0136,EV Charging Station 136,Mangaluru,Karnataka,12.975476,74.887741,Statiq,Private,CCS2,120,795.63,CUST01898,Anjali Rao,3.8,,UPI
STN0123,,Hubballi,Karnataka,,75.185904,Statiq,Public,Type 2,150,1365.6,CUST01899,Akhil Rao,6.28,8575.97,Credit Card
STN0011,EV Charging Station 011,Pune,Maharashtra,18.555674,73.850857,Tata Power,Public,Type 2,7.2,38.39,CUST01900,Amritha Rao,1.28,49.14,UPI
STN0488,EV Charging Station 488,Hyderabad,Telangana,17.425539,78.481875,ChargeZone,Private,Type 2,30,217.81,CUST01901,Ravi Rao,6.66,1450.61,Wallet
STN0035,EV Charging Station 035,Bengaluru,Karnataka,12.970716,77.619424,Tata Power,Public,Type 2,120,780.92,CUST01902,Priya Rao,3.65,2850.36,Credit Card
STN0169,EV Charging Station 169,Hyderabad,Telangana,17.408502,78.501067,Ather Grid,Commercial,CHAdeMO,30,158.98,CUST01903,Kiran Rao,6.8,1081.06,Debit Card
STN0204,EV Charging Station 204,Chennai,Tamil Nadu,13.047566,80.312713,Ather Grid,Public,IEC 60309 3-pin,11,63.15,CUST01904,Sneha Rao,3.01,190.08,Wallet
STN0330,EV Charging Station 330,Mysuru,Karnataka,12.348175,76.65137,Zeon Charging,Public,Type 2,30,121.52,CUST01905,Manoj Rao,6.5,789.88,Cash
STN0462,EV Charging Station 462,Mangaluru,Karnataka,12.913262,74.850988,,Private,Type 2,30,138.05,CUST01906,Divya Rao,3.1,427.96,UPI
STN0489,EV Charging Station 489,Bengaluru,Karnataka,12.9562,77.546711,,Public,CHAdeMO,7.2,55.98,CUST01907,Suresh Rao,,211.04,UPI
STN0338,EV Charging Station 338,Bengaluru,Karnataka,12.994889,77.5837,Jio-bp,Public,Type 2,150,690.92,CUST01908,Lakshmi Rao,5.66,3910.61,UPI
STN0136,EV Charging Station 136,Kochi,Kerala,9.949529,76.284253,Jio-bp,Commercial,CHAdeMO,22,141.34,CUST01909,Arun Iyer,0.77,108.83,Credit Card
STN0461,EV Charging Station 461,Kochi,Kerala,9.940492,76.199524,ChargeZone,Public,Type 2,150,689.74,CUST01910,Anjali Iyer,3.34,2303.73,UPI
STN0240,EV Charging Station 240,Belagavi,Karnataka,15.86691,74.479133,Jio-bp,Public,CHAdeMO,11,71.14,CUST01911,Akhil Iyer,6.16,438.22,Credit Card
STN0033,EV Charging Station 033,Mysuru,Karnataka,12.301223,76.624279,Tata Power,Private,Type 2,120,1154.14,CUST01912,Amritha Iyer,6.3,7271.08,UPI
STN0292,EV Charging Station 292,Mangaluru,Karnataka,12.906304,74.930835,Zeon Charging,Private,CCS2,120,577.33,CUST01913,Ravi Iyer,6.99,4035.54,UPI
STN0184,EV Charging Station 184,Delhi,Delhi,28.588376,77.161237,Ather Grid,Private,Type 2,7.2,33.73,CUST01914,Priya Iyer,4.28,144.36,Debit Card
STN0390,EV Charging Station 390,Hubballi,Karnataka,15.376756,75.122371,Ather Grid,Public,Type 2,120,739.27,CUST01915,Kiran Iyer,3.66,2705.73,UPI
STN0268,,Mangaluru,Karnataka,12.957646,74.929614,Ather Grid,Public,Type 2,30,207.82,CUST01916,Sneha Iyer,2.66,552.8,Wallet
STN0096,EV Charging Station 096,Hyderabad,Telangana,17.356862,78.491816,Ather Grid,Public,Type 2,22,218.31,CUST01917,Manoj Iyer,2.69,587.25,UPI
STN0500,EV Charging Station 500,Mysuru,Karnataka,12.300089,76.651863,ChargeZone,Public,Type 2,7.2,65.71,CUST01918,Divya Iyer,0.93,61.11,UPI
STN0190,EV Charging Station 190,Mysuru,Karnataka,12.300694,76.633376,Ather Grid,,IEC 60309 3-pin,7.2,35.36,CUST01919,Suresh Iyer,3.8,134.37,UPI
STN0370,EV Charging Station 370,Mumbai,Maharashtra,19.107197,72.888564,ChargeZone,Public,CCS2,7.2,40.7,CUST01920,Lakshmi Iyer,0.85,34.6,Debit Card
STN0112,EV Charging Station 112,Mangaluru,Karnataka,12.901253,74.828247,ChargeZone,Public,GB/T,7.2,68.11,CUST01921,Arun Nair,0.93,63.34,Wallet
STN0250,EV Charging Station 250,Mysuru,Karnataka,12.3146,76.661452,ChargeZone,Public,CCS2,22,97.21,CUST01922,Anjali Nair,7.43,722.27,Credit Card
STN0254,EV Charging Station 254,Hyderabad,Telangana,17.431685,78.431818,Ather Grid,Public,CCS2,7.2,39.18,CUST01923,Akhil Nair,7.89,309.13,Wallet
STN0233,EV Charging Station 233,Bengaluru,Karnataka,12.99506,77.667766,Jio-bp,Public,Type 2,60,260.94,CUST01924,Amritha Nair,7.37,1923.13,UPI
STN0337,EV Charging Station 337,Kochi,Kerala,9.885476,76.268091,Tata Power,Private,CCS2,60,266.02,CUST01925,Ravi Nair,,226.12,UPI
STN0387,EV Charging Station 387,Hubballi,Karnataka,15.36086,75.136763,,Public,IEC 60309 3-pin,120,959.72,CUST01926,Priya Nair,2.43,2332.12,Credit Card
STN0337,EV Charging Station 337,Kochi,Kerala,9.927968,76.269134,Ather Grid,Public,CHAdeMO,7.2,,CUST01927,Kiran Nair,6.45,330.5,UPI
STN0284,EV Charging Station 284,Delhi,Delhi,28.634798,77.192515,ChargeZone,Public,CCS2,30,120.13,CUST01928,Sneha Nair,2.62,314.74,UPI
STN0202,EV Charging Station 202,Pune,Maharashtra,18.50471,73.867053,ChargeZone,Public,CCS2,120,549.28,CUST01929,Manoj Nair,5.91,3246.24,Credit Card
STN0393,EV Charging Station 393,Chennai,Tamil Nadu,13.07556,80.246219,Jio-bp,Public,CCS2,50,441.36,CUST01930,Divya Nair,4.17,1840.47,UPI
STN0044,EV Charging Station 044,Mangaluru,Karnataka,12.905445,74.856086,ChargeZone,Public,CHAdeMO,7.2,62.17,CUST01931,Suresh Nair,7.54,468.76,Debit Card
STN0356,EV Charging Station 356,Chennai,Tamil Nadu,13.029629,80.316286,Jio-bp,Public,Type 2,120,1094.23,CUST01932,Lakshmi Nair,7.93,8677.24,UPI
STN0096,EV Charging Station 096,Hubballi,Karnataka,,75.108102,Tata Power,Public,GB/T,50,273.11,CUST01933,Arun Kumar,1.28,349.58,UPI
STN0437,EV Charging Station 437,Belagavi,Karnataka,15.811381,74.452663,Jio-bp,Private,CHAdeMO,7.2,31.67,CUST01934,Anjali Kumar,1.03,32.62,UPI
STN0058,EV Charging Station 058,Bengaluru,Karnataka,12.894823,77.584214,ChargeZone,Public,,11,59.21,CUST01935,Akhil Kumar,0.57,33.75,Credit Card
STN0102,EV Charging Station 102,Delhi,Delhi,28.602788,77.226955,Tata Power,Public,GB/T,30,213.25,CUST01936,Amritha Kumar,2.46,524.6,UPI
STN0456,EV Charging Station 456,Mangaluru,Karnataka,12.926055,74.883643,Zeon Charging,Public,CCS2,22,182.17,CUST01937,Ravi Kumar,3.37,613.91,UPI
STN0247,EV Charging Station 247,Bengaluru,Karnataka,12.99885,77.553671,Tata Power,Public,GB/T,7.2,62.52,CUST01938,Priya Kumar,2.94,183.81,UPI
STN0113,EV Charging Station 113,Hyderabad,Telangana,17.36114,78.514017,Jio-bp,Commercial,CHAdeMO,50,302.45,CUST01939,Kiran Kumar,1.65,499.04,Credit Card
STN0023,EV Charging Station 023,Mumbai,Maharashtra,19.074806,72.873664,ChargeZone,Private,CCS2,60,517.29,CUST01940,Sneha Kumar,1.02,527.64,Credit Card
STN0481,EV Charging Station 481,Hyderabad,Telangana,17.404026,78.454579,Statiq,Public,Type 2,11,,CUST01941,Manoj Kumar,7.36,600.65,Cash
STN0446,EV Charging Station 446,Belagavi,Karnataka,15.894082,74.509762,Jio-bp,Public,CHAdeMO,50,404.74,CUST01942,Divya Kumar,4.87,1971.08,Cash
STN0003,EV Charging Station 003,Pune,Maharashtra,18.538402,73.884783,Statiq,Public,GB/T,50,221.14,CUST01943,Suresh Kumar,6.72,1486.06,UPI
STN0227,EV Charging Station 227,Bengaluru,Karnataka,13.017914,77.654415,Zeon Charging,Private,Type 2,50,420.72,CUST01944,Lakshmi Kumar,6.71,2823.03,Credit Card
STN0195,EV Charging Station 195,Delhi,Delhi,28.597961,77.243804,Zeon Charging,Private,CCS2,50,350.11,CUST01945,Arun Sharma,1.47,514.66,Credit Card
STN0018,EV Charging Station 018,Mangaluru,Karnataka,12.857054,74.870315,ChargeZone,Private,Type 2,11,78.8,CUST01946,Anjali Sharma,2.72,214.34,Cash
STN0226,EV Charging Station 226,Mangaluru,Karnataka,12.926375,74.810042,Zeon Charging,Public,CHAdeMO,150,1365.75,CUST01947,Akhil Sharma,7.64,10434.33,Debit Card
STN0472,EV Charging Station 472,Mumbai,Maharashtra,19.064017,72.878966,Statiq,Public,Type 2,11,106.37,CUST01948,Amritha Sharma,4.91,522.28,Debit Card
STN0155,EV Charging Station 155,Hubballi,Karnataka,15.391892,75.093573,Statiq,Commercial,Type 2,22,127.37,CUST01949,Ravi Sharma,5.55,706.9,UPI
STN0440,EV Charging Station 440,Mangaluru,Karnataka,12.892993,74.828497,,Private,IEC 60309 3-pin,120,960.94,CUST01950,Priya Sharma,4.53,4353.06,Wallet
STN0065,EV Charging Station 065,Mangaluru,,12.880801,74.798654,Jio-bp,Commercial,Type 2,30,251.74,CUST01951,Kiran Sharma,7.12,1792.39,UPI
STN0110,EV Charging Station 110,Hyderabad,Telangana,17.469597,78.492422,Statiq,Public,IEC 60309 3-pin,60,242.5,CUST01952,Sneha Sharma,2.26,548.05,Debit Card
STN0184,EV Charging Station 184,Mumbai,Maharashtra,19.039682,72.820479,Zeon Charging,Public,CCS2,120,963.26,CUST01953,Manoj Sharma,3.12,3005.37,Credit Card
STN0106,EV Charging Station 106,Kochi,Kerala,9.956133,76.205224,Jio-bp,Public,Type 2,60,377.39,CUST01954,Divya Sharma,0.94,354.75,Wallet
STN0145,EV Charging Station 145,Mysuru,,12.329264,76.617644,Statiq,Public,CCS2,120,1065.9,CUST01955,Suresh Sharma,6.15,6555.29,Debit Card
STN0206,EV Charging Station 206,Mumbai,Maharashtra,19.08021,72.87433,Zeon Charging,Commercial,Type 2,30,225.34,CUST01956,Lakshmi Sharma,1.19,268.15,Credit Card
STN0287,EV Charging Station 287,Delhi,Delhi,28.641976,77.28829,Jio-bp,Private,IEC 60309 3-pin,120,861.71,CUST01957,Arun Reddy,7.57,6523.14,Debit Card
STN0007,EV Charging Station 007,Pune,Maharashtra,18.499336,73.817772,Ather Grid,Public,Type 2,22,212.24,CUST01958,Anjali Reddy,,1422.01,UPI
STN0330,EV Charging Station 330,Hyderabad,Telangana,17.427417,78.428202,ChargeZone,Private,GB/T,7.2,46.57,CUST01959,Akhil Reddy,2.9,135.05,UPI
STN0246,EV Charging Station 246,Bengaluru,Karnataka,12.939783,77.605485,Ather Grid,Public,CHAdeMO,11,102.8,CUST01960,Amritha Reddy,0.51,52.43,Credit Card
STN0367,EV Charging Station 367,Mangaluru,Karnataka,12.921724,74.841576,Zeon Charging,Public,CCS2,11,46.3,CUST01961,Ravi Reddy,,95.84,Debit Card
STN0059,EV Charging Station 059,Bengaluru,Karnataka,12.98704,77.620503,Statiq,Commercial,CCS2,50,248.81,CUST01962,Priya Reddy,4.06,1010.17,Wallet
STN0219,EV Charging Station 219,Belagavi,Karnataka,,74.553419,Zeon Charging,Public,CCS2,120,888.79,CUST01963,Kiran Reddy,6.24,5546.05,Debit Card
STN0013,EV Charging Station 013,Mumbai,,19.079887,72.863435,Statiq,Public,IEC 60309 3-pin,11,74.18,CUST01964,Sneha Reddy,7.07,524.45,Credit Card
STN0027,EV Charging Station 027,Kochi,Kerala,9.87754,76.270874,Ather Grid,Public,CCS2,11,65.79,CUST01965,Manoj Reddy,1.49,98.03,Debit Card
STN0469,EV Charging Station 469,Hyderabad,Telangana,17.408502,78.473906,Ather Grid,Commercial,CCS2,30,253.18,CUST01966,Divya Reddy,1.49,377.24,Credit Card
STN0268,EV Charging Station 268,Delhi,Delhi,28.58895,77.152281,Jio-bp,Private,CCS2,120,678.85,CUST01967,Suresh Reddy,6.84,4643.33,Wallet
STN0408,EV Charging Station 408,Delhi,Delhi,28.573412,77.155448,Jio-bp,Public,Type 2,50,342.92,CUST01968,Lakshmi Reddy,0.58,198.89,Wallet
STN0382,EV Charging Station 382,Bengaluru,Karnataka,12.936948,77.663511,Statiq,Private,CCS2,22,209.84,CUST01969,Arun Patil,5.67,1189.79,UPI
STN0102,EV Charging Station 102,Mumbai,Maharashtra,19.056894,72.831462,ChargeZone,Public,CHAdeMO,50,396.29,CUST01970,Anjali Patil,3.46,1371.16,Credit Card
STN0132,EV Charging Station 132,Chennai,Tamil Nadu,13.08566,80.26508,Ather Grid,Public,,60,263.98,CUST01971,,5.27,1391.17,Cash
STN0147,EV Charging Station 147,Kochi,Kerala,9.896789,76.260299,Zeon Charging,Public,CCS2,120,599.66,CUST01972,Amritha Patil,1.26,755.57,UPI
STN0194,EV Charging Station 194,Chennai,Tamil Nadu,13.006107,80.335308,ChargeZone,Public,CCS2,50,420.79,CUST01973,Ravi Patil,3.79,1594.79,UPI
STN0496,EV Charging Station 496,Mangaluru,Karnataka,12.987787,74.894536,ChargeZone,Commercial,Type 2,150,1257.85,CUST01974,Priya Patil,2.57,3232.67,UPI
STN0001,EV Charging Station 001,Kochi,Kerala,9.94931,76.235937,Ather Grid,Commercial,CCS2,120,1079.93,CUST01975,Kiran Patil,4.36,4708.49,Credit Card
STN0130,EV Charging Station 130,Mangaluru,Karnataka,12.879453,74.884452,Zeon Charging,Commercial,Type 2,30,214.02,CUST01976,Sneha Patil,4.25,909.58,Credit Card
STN0078,EV Charging Station 078,Kochi,Kerala,9.897347,76.221958,Zeon Charging,Private,CCS2,150,1404.47,CUST01977,Manoj Patil,7.95,11165.54,Cash
STN0033,EV Charging Station 033,Chennai,Tamil Nadu,13.038687,80.284572,Zeon Charging,Public,GB/T,7.2,42.14,CUST01978,Divya Patil,6.01,253.26,UPI
STN0278,EV Charging Station 278,Mumbai,Maharashtra,19.091994,72.832172,ChargeZone,Private,CCS2,30,272.84,CUST01979,Suresh Patil,7.7,2100.87,UPI
STN0432,EV Charging Station 432,Delhi,Delhi,28.637004,77.227887,Tata Power,Commercial,Type 2,11,74.02,CUST01980,Lakshmi Patil,5.36,396.75,UPI
STN0015,EV Charging Station 015,Delhi,Delhi,28.690826,77.232171,Statiq,Private,Type 2,120,1108.01,CUST01981,Arun Shetty,7.93,8786.52,UPI
STN0379,EV Charging Station 379,Mangaluru,Karnataka,12.996679,74.821551,Jio-bp,Public,CCS2,120,972.5,CUST01982,Anjali Shetty,,7050.62,Debit Card
STN0172,EV Charging Station 172,Mumbai,Maharashtra,19.095359,72.891371,Statiq,Public,Type 2,50,232.35,CUST01983,Akhil Shetty,1.7,395,Credit Card
STN0183,EV Charging Station 183,Kochi,Kerala,9.968495,76.235188,Ather Grid,Public,Type 2,11,79.58,CUST01984,Amritha Shetty,6.78,539.55,UPI
STN0495,EV Charging Station 495,,Maharashtra,19.072228,72.879567,Jio-bp,Private,Type 2,22,167.65,CUST01985,Ravi Shetty,5.39,903.63,Debit Card
STN0384,EV Charging Station 384,Chennai,Tamil Nadu,13.103656,80.200144,Jio-bp,Public,IEC 60309 3-pin,120,822.35,CUST01986,Priya Shetty,2.03,1669.37,UPI
STN0218,EV Charging Station 218,Kochi,Kerala,9.931738,76.292574,ChargeZone,Commercial,Type 2,50,413.59,CUST01987,Kiran Shetty,3.95,1633.68,Debit Card
STN0498,EV Charging Station 498,Chennai,Tamil Nadu,13.118845,80.301719,ChargeZone,Private,CCS2,3.3,24.75,CUST01988,Sneha Shetty,,52.22,UPI
STN0258,EV Charging Station 258,Bengaluru,Karnataka,12.952128,77.594631,Jio-bp,Public,GB/T,11,108.27,CUST01989,Manoj Shetty,1.34,145.08,UPI
STN0143,EV Charging Station 143,Kochi,Kerala,9.954296,76.257612,Tata Power,Commercial,Type 2,60,503.15,CUST01990,Divya Shetty,6.38,3210.1,Credit Card
STN0165,EV Charging Station 165,Mangaluru,Karnataka,12.880452,74.862907,Ather Grid,Private,CCS2,7.2,55.41,CUST01991,Suresh Shetty,7.92,438.85,UPI
STN0368,EV Charging Station 368,Belagavi,Karnataka,15.875879,74.497864,Jio-bp,Commercial,CHAdeMO,30,276.05,CUST01992,Lakshmi Shetty,4.04,1115.24,Credit Card
STN0220,EV Charging Station 220,Hubballi,Karnataka,15.328112,75.153866,Zeon Charging,Public,Type 2,50,226.77,CUST01993,Arun Rao,2.74,621.35,Credit Card
STN0198,EV Charging Station 198,Belagavi,Karnataka,15.835958,74.481154,Statiq,Commercial,IEC 60309 3-pin,120,837.74,CUST01994,Anjali Rao,7.06,5914.44,Cash
STN0283,EV Charging Station 283,Chennai,Tamil Nadu,13.068568,80.283458,Tata Power,Public,Type 2,7.2,44.15,CUST01995,Akhil Rao,1.26,55.63,UPI
STN0300,EV Charging Station 300,Bengaluru,Karnataka,12.968369,77.637995,Tata Power,Public,CHAdeMO,30,246.82,CUST01996,Amritha Rao,5.16,1273.59,Debit Card
STN0402,EV Charging Station 402,Delhi,Delhi,28.620724,77.168657,Statiq,Public,CCS2,30,284.99,CUST01997,Ravi Rao,5.56,,UPI
STN0126,EV Charging Station 126,,Maharashtra,18.503648,73.857807,Zeon Charging,Commercial,CCS2,120,1052.15,CUST01998,Priya Rao,2.91,3061.76,UPI
STN0187,EV Charging Station 187,Pune,Maharashtra,18.537963,73.882999,Zeon Charging,Public,CCS2,120,993.4,CUST01999,Kiran Rao,2.48,2463.63,UPI
STN0199,EV Charging Station 199,Kochi,Kerala,9.843696,76.242244,Ather Grid,Public,Type 2,60,360.62,CUST02000,Sneha Rao,6.29,2268.3,Credit Card
STN0002,EV Charging Station 002,Mangaluru,Karnataka,12.885736,74.885565,Tata Power,,Type 2,7.2,66.87,CUST02001,Manoj Rao,4.33,289.55,UPI
STN0285,EV Charging Station 285,Hyderabad,Telangana,17.408939,78.490597,Tata Power,Public,CCS2,50,378.57,CUST02002,Divya Rao,5.11,1934.49,UPI
STN0280,EV Charging Station 280,Pune,Maharashtra,18.518527,73.874267,Zeon Charging,Public,IEC 60309 3-pin,11,80.65,CUST02003,Suresh Rao,2.91,234.69,
STN0097,EV Charging Station 097,Belagavi,Karnataka,15.815357,74.476177,Statiq,Commercial,Type 2,30,183.87,CUST02004,Lakshmi Rao,3.94,724.45,Debit Card
STN0375,EV Charging Station 375,Hyderabad,Telangana,17.292153,,Zeon Charging,Commercial,Type 2,22,219,CUST02005,Arun Iyer,2.13,466.47,UPI
STN0457,EV Charging Station 457,Bengaluru,Karnataka,12.980487,77.606771,Statiq,Private,GB/T,7.2,45.65,CUST02006,Anjali Iyer,6.04,275.73,Credit Card
STN0210,EV Charging Station 210,Mangaluru,Karnataka,12.881062,74.90154,ChargeZone,Private,CCS2,60,245.21,CUST02007,Akhil Iyer,1.56,382.53,Credit Card
STN0269,EV Charging Station 269,Mumbai,Maharashtra,19.037999,72.901937,Statiq,Private,GB/T,11,81.24,CUST02008,Amritha Iyer,3.17,257.53,Debit Card
STN0351,EV Charging Station 351,Hyderabad,Telangana,17.358736,78.483662,Tata Power,Public,Type 2,30,273.21,CUST02009,Ravi Iyer,1.69,461.72,Debit Card
STN0209,EV Charging Station 209,Pune,Maharashtra,18.552641,73.867809,ChargeZone,Public,Type 2,50,439.66,CUST02010,Priya Iyer,4.08,1793.81,Credit Card
STN0349,EV Charging Station 349,Delhi,Delhi,28.586651,77.194954,Jio-bp,Private,Type 2,7.2,66.59,CUST02011,Kiran Iyer,5.72,380.89,UPI
STN0382,EV Charging Station 382,Bengaluru,Karnataka,13.019166,77.58053,Tata Power,Private,CCS2,22,211.7,CUST02012,Sneha Iyer,5.3,1122.01,Credit Card
STN0370,EV Charging Station 370,Bengaluru,Karnataka,12.977038,77.656238,Tata Power,Private,CHAdeMO,22,175.37,CUST02013,Manoj Iyer,2.9,508.57,UPI
STN0438,EV Charging Station 438,Bengaluru,Karnataka,12.937803,77.603077,Tata Power,Public,Type 2,30,177.77,CUST02014,Divya Iyer,6.65,1182.17,UPI
STN0325,EV Charging Station 325,Bengaluru,Karnataka,13.014836,77.577597,Tata Power,Public,Type 2,7.2,30.55,CUST02015,Suresh Iyer,5.92,180.86,Debit Card
STN0096,EV Charging Station 096,,Karnataka,12.897189,74.868013,Tata Power,Public,Type 2,60,429.29,CUST02016,Lakshmi Iyer,6.72,2884.83,Wallet
STN0425,EV Charging Station 425,Mumbai,Maharashtra,19.071098,72.806305,ChargeZone,Commercial,CHAdeMO,11,51.93,CUST02017,Arun Nair,7.55,392.07,UPI
STN0042,EV Charging Station 042,Hubballi,Karnataka,15.363213,75.059911,Statiq,Private,IEC 60309 3-pin,120,733.97,CUST02018,Anjali Nair,1.23,902.78,Credit Card
STN0308,EV Charging Station 308,Mysuru,Karnataka,12.344386,76.615549,Zeon Charging,Commercial,CCS2,11,98.83,CUST02019,Akhil Nair,7.87,777.79,Credit Card
STN0086,,Belagavi,Karnataka,15.835801,74.523098,Ather Grid,Commercial,CHAdeMO,30,127.03,CUST02020,Amritha Nair,0.79,100.35,UPI
STN0010,EV Charging Station 010,Chennai,Tamil Nadu,13.062819,80.237004,Ather Grid,Private,CCS2,120,654.26,CUST02021,Ravi Nair,6.72,4396.63,Wallet
STN0260,EV Charging Station 260,Pune,Maharashtra,18.474692,73.87213,Tata Power,Public,Type 2,11,69,CUST02022,Priya Nair,3.84,264.96,UPI
STN0098,EV Charging Station 098,Pune,Maharashtra,18.529776,,ChargeZone,Private,CCS2,22,113.04,CUST02023,Kiran Nair,0.66,74.61,Wallet
STN0402,EV Charging Station 402,Chennai,Tamil Nadu,13.057777,80.236835,ChargeZone,Public,GB/T,22,186.95,CUST02024,Sneha Nair,7.19,1344.17,UPI
STN0479,EV Charging Station 479,Delhi,Delhi,28.647654,77.206105,Ather Grid,Private,CHAdeMO,150,,CUST02025,,2.42,,Credit Card
STN0047,EV Charging Station 047,Mumbai,Maharashtra,19.042828,72.926907,Tata Power,Private,Type 2,60,436.42,CUST02026,Divya Nair,6.44,2810.54,UPI
STN0346,EV Charging Station 346,Mysuru,Karnataka,12.314547,76.619252,Jio-bp,Public,CCS2,22,91.26,CUST02027,Suresh Nair,4.93,449.91,UPI
STN0264,EV Charging Station 264,Belagavi,Karnataka,15.844493,74.543897,Tata Power,Public,GB/T,22,178.58,CUST02028,Lakshmi Nair,3.49,623.24,Debit Card
STN0432,EV Charging Station 432,Chennai,Tamil Nadu,13.062154,80.205833,Statiq,Commercial,CCS2,7.2,60.31,CUST02029,Arun Kumar,5.92,357.04,Debit Card
STN0243,EV Charging Station 243,Chennai,Tamil Nadu,13.086988,80.257075,Tata Power,Public,Type 2,7.2,,CUST02030,Anjali Kumar,3.49,125.85,Credit Card
STN0037,EV Charging Station 037,Delhi,Delhi,28.629738,77.18835,Ather Grid,Commercial,CCS2,50,473.84,CUST02031,Akhil Kumar,0.5,236.92,Debit Card
STN0092,EV Charging Station 092,Mumbai,Maharashtra,19.033542,72.836398,Statiq,Public,Type 2,7.2,60.4,CUST02032,Amritha Kumar,7.35,443.94,UPI
STN0042,EV Charging Station 042,Mangaluru,Karnataka,12.88956,74.881368,Tata Power,Public,CCS2,50,487.49,CUST02033,Ravi Kumar,1.35,658.11,Credit Card
STN0215,EV Charging Station 215,Mumbai,Maharashtra,19.043707,72.867316,Zeon Charging,Public,Type 2,30,268.11,CUST02034,Priya Kumar,1.94,520.13,UPI
STN0401,EV Charging Station 401,Hubballi,Karnataka,15.41631,75.056641,Jio-bp,Public,Type 2,7.2,71.04,CUST02035,Kiran Kumar,7.44,528.54,UPI
STN0307,EV Charging Station 307,Chennai,Tamil Nadu,13.076086,80.259707,Ather Grid,Public,CCS2,50,441.62,CUST02036,Sneha Kumar,6.81,3007.43,Credit Card
STN0322,EV Charging Station 322,Mumbai,Maharashtra,,72.881981,Statiq,Public,CCS2,22,211.94,CUST02037,Manoj Kumar,2.5,529.85,UPI
STN0219,EV Charging Station 219,Mumbai,Maharashtra,19.070054,72.866264,Statiq,Commercial,GB/T,50,323.84,CUST02038,Divya Kumar,6.07,1965.71,Credit Card
STN0455,EV Charging Station 455,Mangaluru,Karnataka,12.935768,74.879164,Tata Power,Public,CHAdeMO,22,186.74,CUST02039,Suresh Kumar,2.86,534.08,UPI
STN0067,EV Charging Station 067,Pune,Maharashtra,18.53384,73.865663,Jio-bp,Commercial,CHAdeMO,50,389.9,CUST02040,,5.52,2152.25,Wallet
STN0203,EV Charging Station 203,Mumbai,Maharashtra,19.078102,72.813161,Tata Power,Private,CCS2,50,462.63,CUST02041,Arun Sharma,2.64,1221.34,UPI
STN0438,EV Charging Station 438,Belagavi,Karnataka,15.817841,74.452678,Zeon Charging,Private,Type 2,7.2,41.8,CUST02042,Anjali Sharma,7.29,304.72,UPI
STN0240,EV Charging Station 240,Mumbai,Maharashtra,19.103122,72.912629,ChargeZone,Private,CCS2,50,375.18,CUST02043,Akhil Sharma,3.48,1305.63,Wallet
STN0163,EV Charging Station 163,Hubballi,Karnataka,15.388749,75.137123,Statiq,Public,CCS2,120,769.1,CUST02044,Amritha Sharma,7.38,5675.96,UPI
STN0277,EV Charging Station 277,Bengaluru,Karnataka,12.947957,77.577911,Statiq,Public,Type 2,150,1488.71,CUST02045,Ravi Sharma,6.29,9363.99,UPI
STN0203,,Chennai,Tamil Nadu,13.077977,80.215919,Jio-bp,Private,CCS2,120,576.11,CUST02046,Priya Sharma,4.42,2546.41,UPI
STN0073,EV Charging Station 073,Bengaluru,Karnataka,12.912576,77.633374,Tata Power,Public,CCS2,120,679.7,CUST02047,Kiran Sharma,0.54,367.04,Debit Card
STN0310,EV Charging Station 310,Hubballi,Karnataka,15.310894,75.145388,Ather Grid,Commercial,CCS2,150,653.96,CUST02048,Sneha Sharma,1,653.96,UPI
STN0214,EV Charging Station 214,Chennai,Tamil Nadu,13.054833,80.27979,ChargeZone,Private,GB/T,30,189.21,CUST02049,Manoj Sharma,4.74,896.86,UPI
STN0284,EV Charging Station 284,Kochi,,9.92678,76.246769,Zeon Charging,Public,IEC 60309 3-pin,22,151.25,CUST02050,Divya Sharma,4.66,,UPI
STN0403,EV Charging Station 403,Hubballi,Karnataka,15.372014,75.122827,Jio-bp,Public,Type 2,60,509.29,CUST02051,Suresh Sharma,0.96,488.92,Debit Card
STN0400,EV Charging Station 400,Mysuru,Karnataka,12.292848,76.614474,Ather Grid,Private,Type 2,30,162.93,CUST02052,Lakshmi Sharma,5.46,889.6,Credit Card
STN0260,EV Charging Station 260,Mysuru,Karnataka,12.31528,76.656382,ChargeZone,Public,,60,553.3,CUST02053,Arun Reddy,6.42,3552.19,UPI
STN0202,EV Charging Station 202,Belagavi,Karnataka,15.876841,74.461466,Tata Power,Public,GB/T,11,48.97,CUST02054,Anjali Reddy,6.05,296.27,UPI
STN0175,EV Charging Station 175,Belagavi,Karnataka,15.836891,74.470667,Ather Grid,Private,CCS2,60,369.97,CUST02055,Akhil Reddy,,965.62,UPI
STN0038,EV Charging Station 038,Hyderabad,Telangana,17.355923,78.485575,Statiq,Public,GB/T,30,154.69,CUST02056,Amritha Reddy,6.14,949.8,Credit Card
STN0293,EV Charging Station 293,Kochi,Kerala,9.95954,76.233806,Statiq,Public,Type 2,7.2,53.41,CUST02057,Ravi Reddy,1.06,56.61,UPI
STN0317,EV Charging Station 317,Delhi,Delhi,,77.168595,Tata Power,Private,Type 2,50,360.04,CUST02058,Priya Reddy,1.14,410.45,UPI
STN0465,EV Charging Station 465,Hyderabad,Telangana,17.372404,78.44488,Jio-bp,Private,Type 2,50,255.72,CUST02059,Kiran Reddy,7.77,1986.94,UPI
STN0176,EV Charging Station 176,Mysuru,Karnataka,12.303387,76.609888,Jio-bp,Public,CCS2,11,79.03,CUST02060,Sneha Reddy,2.77,218.91,UPI
STN0194,EV Charging Station 194,Mangaluru,Karnataka,12.930744,74.864851,ChargeZone,Public,Type 2,50,293.02,CUST02061,Manoj Reddy,5.78,1693.66,Credit Card
STN0042,EV Charging Station 042,Belagavi,Karnataka,15.795309,74.463424,ChargeZone,Private,CCS2,22,120.38,CUST02062,Divya Reddy,4.72,568.19,Wallet
STN0118,EV Charging Station 118,Bengaluru,Karnataka,12.952737,77.618734,Zeon Charging,Private,IEC 60309 3-pin,22,141.42,CUST02063,Suresh Reddy,3.45,487.9,UPI
STN0054,EV Charging Station 054,Mangaluru,,12.878649,74.863459,Jio-bp,Private,CCS2,22,147.46,CUST02064,Lakshmi Reddy,7.3,1076.46,Credit Card
STN0444,EV Charging Station 444,Belagavi,Karnataka,15.861623,74.477105,ChargeZone,Commercial,Type 2,11,49,CUST02065,Arun Patil,1.64,80.36,Credit Card
STN0046,EV Charging Station 046,Kochi,Kerala,9.957017,76.23725,ChargeZone,,CCS2,11,57.43,CUST02066,Anjali Patil,7.16,411.2,UPI
STN0255,EV Charging Station 255,Belagavi,Karnataka,15.85502,74.422671,ChargeZone,Private,CCS2,7.2,29.41,CUST02067,Akhil Patil,2.97,87.35,UPI
STN0318,EV Charging Station 318,Hyderabad,Telangana,17.382925,78.529216,ChargeZone,Private,Type 2,30,272.21,CUST02068,Amritha Patil,7.08,1927.25,Debit Card
STN0424,EV Charging Station 424,Mumbai,Maharashtra,19.069338,72.815345,ChargeZone,Commercial,CHAdeMO,120,974.14,CUST02069,Ravi Patil,1.69,1646.3,Credit Card
STN0265,EV Charging Station 265,Kochi,Kerala,9.881383,76.291247,Zeon Charging,Public,IEC 60309 3-pin,11,64.78,CUST02070,Priya Patil,4.37,283.09,Credit Card
STN0371,EV Charging Station 371,Delhi,Delhi,28.64188,77.199609,Zeon Charging,Private,CCS2,60,517.9,CUST02071,Kiran Patil,3.21,1662.46,Debit Card
STN0368,EV Charging Station 368,Belagavi,Karnataka,15.870773,74.549678,Zeon Charging,Public,CCS2,22,115.44,CUST02072,Sneha Patil,4.07,469.84,UPI
STN0347,EV Charging Station 347,Hubballi,Karnataka,15.346441,75.180352,Jio-bp,Public,CHAdeMO,30,196.8,CUST02073,Manoj Patil,1.95,383.76,UPI
STN0349,EV Charging Station 349,Chennai,Tamil Nadu,13.094417,80.289614,Jio-bp,Private,Type 2,7.2,64.76,CUST02074,Divya Patil,3.5,226.66,UPI
STN0072,EV Charging Station 072,Mumbai,Maharashtra,19.161438,72.862678,Tata Power,Private,IEC 60309 3-pin,11,47.1,CUST02075,Suresh Patil,1.76,,Wallet
STN0477,EV Charging Station 477,Mumbai,Maharashtra,19.135847,72.862269,Statiq,Private,CCS2,11,79.66,CUST02076,Lakshmi Patil,4.48,356.88,Debit Card
STN0320,EV Charging Station 320,Belagavi,Karnataka,15.853654,74.464492,Jio-bp,Private,IEC 60309 3-pin,50,481.5,CUST02077,Arun Shetty,0.57,274.46,Debit Card
STN0413,EV Charging Station 413,Mumbai,Maharashtra,19.091112,72.908847,Zeon Charging,Public,CCS2,150,786.04,CUST02078,Anjali Shetty,5.23,4110.99,Debit Card
STN0114,EV Charging Station 114,Kochi,Kerala,9.914729,76.282722,Statiq,Private,Type 2,22,96.64,CUST02079,Akhil Shetty,6.02,581.77,UPI
STN0027,EV Charging Station 027,Delhi,Delhi,28.678987,77.271701,Jio-bp,Public,Type 2,150,850.24,CUST02080,Amritha Shetty,6.42,5458.54,UPI
STN0003,EV Charging Station 003,Belagavi,Karnataka,15.790372,74.453188,Jio-bp,Public,CCS2,120,584.42,CUST02081,Ravi Shetty,3.94,2302.61,UPI
STN0086,EV Charging Station 086,Pune,Maharashtra,18.571705,73.871371,Tata Power,Public,CCS2,11,85,CUST02082,Priya Shetty,5.91,502.35,UPI
STN0203,EV Charging Station 203,Bengaluru,Karnataka,12.959922,77.568511,Jio-bp,Public,Type 2,50,398.27,CUST02083,Kiran Shetty,4.66,1855.94,Debit Card
STN0144,EV Charging Station 144,Bengaluru,Karnataka,13.0703,77.616034,Statiq,Private,CCS2,50,238.65,CUST02084,Sneha Shetty,7.9,1885.34,Debit Card
STN0103,EV Charging Station 103,Chennai,Tamil Nadu,13.120359,80.250742,ChargeZone,Public,GB/T,60,329.37,CUST02085,Manoj Shetty,4.89,1610.62,UPI
STN0182,EV Charging Station 182,Kochi,Kerala,9.947232,76.283236,Tata Power,Private,CCS2,22,150.12,CUST02086,Divya Shetty,0.67,100.58,UPI
STN0427,EV Charging Station 427,Pune,Maharashtra,18.466987,73.839275,Jio-bp,Public,CCS2,7.2,55.67,CUST02087,Suresh Shetty,7.75,431.44,UPI
STN0494,EV Charging Station 494,Hyderabad,Telangana,17.383879,78.424242,Zeon Charging,Private,Type 2,30,,CUST02088,Lakshmi Shetty,5.28,761.8,UPI
STN0090,EV Charging Station 090,Belagavi,Karnataka,15.822971,74.468956,Zeon Charging,Public,CCS2,30,124.64,CUST02089,Arun Rao,4.19,522.24,UPI
STN0248,EV Charging Station 248,Chennai,,13.08952,80.231204,Ather Grid,Private,GB/T,60,529.21,CUST02090,Anjali Rao,5.73,3032.37,Credit Card
STN0244,EV Charging Station 244,Delhi,Delhi,28.578495,77.205486,Statiq,Public,CCS2,7.2,52.71,CUST02091,Akhil Rao,4.23,222.96,Credit Card
STN0388,EV Charging Station 388,Belagavi,Karnataka,15.839223,74.429347,Ather Grid,Public,CCS2,22,122.16,CUST02092,Amritha Rao,1.37,167.36,UPI
STN0426,EV Charging Station 426,Pune,Maharashtra,18.482016,73.86119,Ather Grid,Public,CCS2,30,,CUST02093,Ravi Rao,1.5,347.13,UPI
STN0233,EV Charging Station 233,Mysuru,Karnataka,12.338517,76.678965,ChargeZone,Public,CCS2,50,461.18,CUST02094,Priya Rao,6.66,3071.46,UPI
STN0005,EV Charging Station 005,Chennai,Tamil Nadu,13.069759,80.209465,Statiq,Public,CCS2,60,286.88,CUST02095,Kiran Rao,5.23,1500.38,UPI
STN0142,EV Charging Station 142,Chennai,Tamil Nadu,13.117337,80.284301,Ather Grid,Public,CCS2,11,50.75,CUST02096,Sneha Rao,5.38,273.03,Credit Card
STN0125,EV Charging Station 125,Belagavi,Karnataka,15.787334,74.491785,Ather Grid,Public,CCS2,50,212.29,CUST02097,Manoj Rao,7.87,1670.72,UPI
STN0011,EV Charging Station 011,Mysuru,Karnataka,12.324052,76.558035,Zeon Charging,Public,GB/T,30,122.97,CUST02098,Divya Rao,6.25,768.56,Credit Card
STN0274,EV Charging Station 274,Delhi,Delhi,28.644415,77.215293,ChargeZone,Commercial,IEC 60309 3-pin,150,1050.18,CUST02099,Suresh Rao,7.62,8002.37,Wallet
STN0178,EV Charging Station 178,Belagavi,Karnataka,15.773263,74.45119,Zeon Charging,Public,CCS2,50,276.84,CUST02100,Lakshmi Rao,6.24,1727.48,UPI
STN0057,EV Charging Station 057,Hyderabad,Telangana,17.403258,78.537477,Statiq,Public,Type 2,7.2,68.3,CUST02101,Arun Iyer,2.28,155.72,UPI
STN0281,EV Charging Station 281,Hyderabad,Telangana,17.35181,78.493258,Jio-bp,Private,IEC 60309 3-pin,60,302.87,CUST02102,Anjali Iyer,5.94,1799.05,UPI
STN0409,EV Charging Station 409,Belagavi,Karnataka,15.844697,74.53132,Tata Power,Public,CCS2,11,85.56,CUST02103,Akhil Iyer,4.37,373.9,UPI
STN0243,EV Charging Station 243,Mysuru,Karnataka,12.306676,76.630039,ChargeZone,Public,IEC 60309 3-pin,3.3,16.78,CUST02104,Amritha Iyer,3.97,66.62,Credit Card
STN0111,EV Charging Station 111,Bengaluru,Karnataka,12.947505,77.545399,Ather Grid,Public,Type 2,22,148.7,CUST02105,,2.41,358.37,Debit Card
STN0362,EV Charging Station 362,Delhi,Delhi,28.62563,77.228454,Ather Grid,Public,GB/T,120,915.95,CUST02106,Priya Iyer,5.23,4790.42,UPI
STN0422,EV Charging Station 422,Hubballi,Karnataka,15.275126,75.123872,ChargeZone,Public,GB/T,7.2,63.15,CUST02107,Kiran Iyer,4.76,300.59,UPI
STN0017,EV Charging Station 017,Belagavi,Karnataka,15.808312,74.44824,Jio-bp,Public,CHAdeMO,7.2,37.17,CUST02108,Sneha Iyer,4.44,165.03,UPI
STN0332,EV Charging Station 332,Kochi,Kerala,9.953631,76.294524,Tata Power,Public,CCS2,3.3,23.02,CUST02109,Manoj Iyer,4.6,105.89,UPI
STN0468,EV Charging Station 468,Hubballi,Karnataka,15.30661,75.172917,Tata Power,Private,IEC 60309 3-pin,3.3,24.12,CUST02110,Divya Iyer,1.98,47.76,UPI
STN0044,EV Charging Station 044,Pune,Maharashtra,18.526811,73.924792,Tata Power,Public,CCS2,50,354.86,CUST02111,Suresh Iyer,7.7,2732.42,Wallet
STN0234,EV Charging Station 234,Kochi,Kerala,9.96738,76.303587,,Private,IEC 60309 3-pin,3.3,31.07,CUST02112,Lakshmi Iyer,6.38,198.23,Debit Card
STN0147,EV Charging Station 147,Hyderabad,Telangana,17.342407,78.43577,Tata Power,Public,Type 2,30,190.19,CUST02113,Arun Nair,5.49,1044.14,Credit Card
STN0174,EV Charging Station 174,Mangaluru,Karnataka,12.92684,74.820279,Jio-bp,Public,Type 2,11,99.32,CUST02114,Anjali Nair,4.62,458.86,Credit Card
STN0347,EV Charging Station 347,Kochi,Kerala,9.92449,76.257799,Ather Grid,Commercial,CCS2,7.2,68.85,CUST02115,Akhil Nair,4.31,296.74,
STN0423,EV Charging Station 423,Belagavi,Karnataka,15.883915,74.530517,Tata Power,Private,CCS2,120,831.29,CUST02116,Amritha Nair,7.32,6085.04,Credit Card
STN0256,EV Charging Station 256,Mangaluru,Karnataka,12.920016,74.85724,Ather Grid,Private,IEC 60309 3-pin,60,589.75,CUST02117,Ravi Nair,1.65,973.09,Debit Card
STN0050,EV Charging Station 050,Mysuru,Karnataka,12.273364,76.674869,Statiq,Public,CCS2,50,321.66,CUST02118,Priya Nair,3.91,1257.69,Debit Card
STN0108,EV Charging Station 108,Mumbai,Maharashtra,19.025569,72.865959,Jio-bp,Commercial,CCS2,60,545.58,CUST02119,Kiran Nair,0.8,436.46,Debit Card
STN0052,EV Charging Station 052,Mysuru,Karnataka,12.295911,76.631943,ChargeZone,Private,CCS2,150,1249.58,CUST02120,Sneha Nair,4.32,5398.19,Debit Card
STN0182,EV Charging Station 182,Kochi,Kerala,9.886402,76.286162,Zeon Charging,Public,Type 2,120,1037.01,CUST02121,Manoj Nair,,6242.8,UPI
STN0471,EV Charging Station 471,Hubballi,Karnataka,15.375649,75.137439,,Public,Type 2,3.3,16.68,CUST02122,Divya Nair,1.04,17.35,Wallet
STN0354,EV Charging Station 354,Mangaluru,Karnataka,12.903981,74.841727,Jio-bp,Public,Type 2,22,211.7,CUST02123,Suresh Nair,3.1,656.27,UPI
STN0496,EV Charging Station 496,Belagavi,,15.873798,74.534299,ChargeZone,Private,Type 2,30,216.55,CUST02124,Lakshmi Nair,1.48,320.49,UPI
STN0038,EV Charging Station 038,Chennai,Tamil Nadu,13.034092,80.361788,Statiq,Commercial,CCS2,30,167.82,CUST02125,Arun Kumar,3.29,552.13,Credit Card
STN0122,EV Charging Station 122,Belagavi,Karnataka,15.834168,74.516181,Tata Power,Public,CCS2,7.2,43.21,CUST02126,Anjali Kumar,6.98,301.61,Credit Card
STN0246,EV Charging Station 246,Mysuru,Karnataka,12.313742,76.629927,Ather Grid,Public,CCS2,120,627.46,CUST02127,Akhil Kumar,2.23,1399.24,UPI
STN0197,EV Charging Station 197,Kochi,Kerala,9.885382,76.272907,Ather Grid,Public,IEC 60309 3-pin,50,399.81,CUST02128,Amritha Kumar,2.61,1043.5,UPI
STN0398,EV Charging Station 398,Hyderabad,Telangana,17.350826,78.482215,Zeon Charging,Private,IEC 60309 3-pin,60,518.2,CUST02129,Ravi Kumar,7.5,3886.5,UPI
STN0250,EV Charging Station 250,Hubballi,Karnataka,15.361938,75.142291,Statiq,Public,GB/T,120,1080.98,CUST02130,Priya Kumar,1.95,2107.91,UPI
STN0366,EV Charging Station 366,Mumbai,Maharashtra,19.079494,72.898113,Statiq,Public,Type 2,11,92.58,CUST02131,Kiran Kumar,3.59,332.36,Wallet
STN0145,EV Charging Station 145,Mysuru,Karnataka,12.340571,76.652848,ChargeZone,Public,CCS2,7.2,40.27,CUST02132,Sneha Kumar,2.02,81.35,Credit Card
STN0093,EV Charging Station 093,Mumbai,Maharashtra,19.103716,72.869407,Zeon Charging,Public,Type 2,22,196.01,CUST02133,Manoj Kumar,3.38,662.51,Credit Card
STN0441,EV Charging Station 441,Chennai,Tamil Nadu,13.044378,80.246392,Jio-bp,Private,IEC 60309 3-pin,120,498.55,CUST02134,Divya Kumar,2.07,1032,Credit Card
STN0497,EV Charging Station 497,Chennai,Tamil Nadu,13.064638,80.306354,ChargeZone,Commercial,Type 2,150,976.08,CUST02135,Suresh Kumar,7.84,7652.47,Debit Card
STN0137,EV Charging Station 137,Chennai,Tamil Nadu,13.059822,80.295233,Statiq,Public,CCS2,50,389.25,CUST02136,Lakshmi Kumar,5.18,2016.31,Wallet
STN0140,EV Charging Station 140,Hyderabad,Telangana,17.411867,78.515272,ChargeZone,Public,Type 2,60,499.1,CUST02137,Arun Sharma,5.36,2675.18,UPI
STN0187,EV Charging Station 187,Kochi,Kerala,9.904254,76.304552,ChargeZone,Public,GB/T,60,526.12,CUST02138,Anjali Sharma,2.17,1141.68,Cash
STN0411,EV Charging Station 411,Bengaluru,Karnataka,13.032108,77.614532,Ather Grid,Public,GB/T,7.2,52.57,CUST02139,Akhil Sharma,2.53,133,Credit Card
STN0429,EV Charging Station 429,Hubballi,Karnataka,15.343206,,Tata Power,Public,IEC 60309 3-pin,11,72.62,CUST02140,Amritha Sharma,1.39,100.94,UPI
STN0356,EV Charging Station 356,Bengaluru,Karnataka,12.960179,77.623243,Tata Power,Public,CCS2,150,971.63,CUST02141,Ravi Sharma,,7180.35,UPI
STN0282,EV Charging Station 282,Pune,Maharashtra,18.540252,73.871372,Ather Grid,Public,IEC 60309 3-pin,22,214.43,CUST02142,Priya Sharma,1.61,345.23,UPI
STN0041,EV Charging Station 041,Delhi,Delhi,28.623079,77.188851,Jio-bp,Public,GB/T,120,867.6,CUST02143,Kiran Sharma,2.7,2342.52,Debit Card
STN0166,EV Charging Station 166,Belagavi,Karnataka,15.827146,74.473535,Statiq,Public,CCS2,50,363.74,CUST02144,Sneha Sharma,0.53,192.78,UPI
STN0176,EV Charging Station 176,Hubballi,Karnataka,15.408684,75.158665,Statiq,Public,Type 2,7.2,42.77,CUST02145,Manoj Sharma,4.62,197.6,UPI
STN0219,EV Charging Station 219,Mangaluru,Karnataka,12.923603,74.82041,Tata Power,Public,GB/T,11,58.71,CUST02146,Divya Sharma,6.54,383.96,Credit Card
STN0193,EV Charging Station 193,Mumbai,Maharashtra,19.09993,72.890088,Jio-bp,Commercial,Type 2,50,202.42,CUST02147,Suresh Sharma,6.12,1238.81,Debit Card
STN0253,EV Charging Station 253,Bengaluru,Karnataka,12.97649,77.634195,Zeon Charging,Public,CCS2,30,298.8,CUST02148,Lakshmi Sharma,3.81,1138.43,Credit Card
STN0026,EV Charging Station 026,Hyderabad,Telangana,17.354867,78.541317,Statiq,Public,GB/T,30,138.74,CUST02149,Arun Reddy,5.48,760.3,UPI
STN0300,EV Charging Station 300,Mysuru,Karnataka,12.295266,76.617303,Zeon Charging,Public,CCS2,50,353.57,CUST02150,Anjali Reddy,1.52,537.43,Debit Card
STN0231,EV Charging Station 231,Mysuru,Karnataka,,76.651859,Tata Power,Commercial,GB/T,150,1324.8,CUST02151,Akhil Reddy,0.99,1311.55,Debit Card
STN0069,EV Charging Station 069,Bengaluru,Karnataka,12.974908,77.558995,Jio-bp,Commercial,CCS2,22,98.26,CUST02152,Amritha Reddy,7.76,762.5,Credit Card
STN0435,EV Charging Station 435,Mumbai,Maharashtra,19.061042,72.870085,Ather Grid,Public,IEC 60309 3-pin,50,255.23,CUST02153,Ravi Reddy,6.97,1778.95,UPI
STN0090,EV Charging Station 090,Belagavi,Karnataka,15.842667,74.467234,Jio-bp,Private,Type 2,60,448.3,CUST02154,Priya Reddy,1.2,537.96,Credit Card
STN0325,EV Charging Station 325,Hyderabad,Telangana,17.429906,78.481351,Tata Power,Private,CCS2,11,80.91,CUST02155,Kiran Reddy,4.21,340.63,UPI
STN0241,EV Charging Station 241,Chennai,Tamil Nadu,13.047101,80.263299,ChargeZone,Commercial,GB/T,120,819.23,CUST02156,Sneha Reddy,6.05,4956.34,Credit Card
STN0199,EV Charging Station 199,Mangaluru,Karnataka,12.91842,74.844407,Statiq,Public,CHAdeMO,150,1303.26,CUST02157,Manoj Reddy,1.14,1485.72,Credit Card
STN0364,EV Charging Station 364,Hyderabad,Telangana,17.405073,78.519236,Ather Grid,Private,Type 2,3.3,26.12,CUST02158,Divya Reddy,2.69,70.26,Credit Card
STN0348,EV Charging Station 348,Mumbai,Maharashtra,19.116292,72.898764,Tata Power,Public,Type 2,22,185.98,CUST02159,Suresh Reddy,2.17,403.58,Credit Card
STN0226,EV Charging Station 226,Kochi,Kerala,9.960677,76.237645,ChargeZone,Public,CHAdeMO,22,173.24,CUST02160,Lakshmi Reddy,7.4,1281.98,Wallet
STN0282,EV Charging Station 282,Kochi,Kerala,9.928261,76.260248,ChargeZone,Commercial,,50,443.96,CUST02161,Arun Patil,3.11,1380.72,Credit Card
STN0371,EV Charging Station 371,Pune,Maharashtra,18.524667,73.902059,Jio-bp,Public,Type 2,50,313.9,CUST02162,Anjali Patil,6.37,1999.54,UPI
STN0289,EV Charging Station 289,,Karnataka,15.30282,75.100635,ChargeZone,Private,GB/T,30,204.6,CUST02163,Akhil Patil,3.44,703.82,UPI
STN0487,EV Charging Station 487,Bengaluru,Karnataka,12.943729,77.613801,Zeon Charging,Public,IEC 60309 3-pin,120,1144.42,CUST02164,Amritha Patil,2.77,3170.04,UPI
STN0497,EV Charging Station 497,Chennai,Tamil Nadu,13.143665,80.281564,Tata Power,Public,Type 2,30,281.88,CUST02165,Ravi Patil,1.79,504.57,Credit Card
STN0042,EV Charging Station 042,Bengaluru,Karnataka,13.005507,77.635876,Statiq,Commercial,GB/T,120,585.05,CUST02166,Priya Patil,1.68,982.88,Wallet
STN0144,,Chennai,Tamil Nadu,13.084701,80.24949,Tata Power,Commercial,CHAdeMO,60,591.52,CUST02167,Kiran Patil,2.52,1490.63,Debit Card
STN0447,EV Charging Station 447,Delhi,Delhi,28.583968,77.209481,Ather Grid,Public,CCS2,150,1121,CUST02168,Sneha Patil,7.61,8530.81,Credit Card
STN0112,EV Charging Station 112,Mysuru,Karnataka,12.317513,76.682631,ChargeZone,Commercial,Type 2,11,88.1,CUST02169,Manoj Patil,1.58,139.2,UPI
STN0365,EV Charging Station 365,Hubballi,Karnataka,15.336561,75.140295,Jio-bp,Public,CCS2,3.3,14.62,CUST02170,Divya Patil,0.84,12.28,Debit Card
STN0467,EV Charging Station 467,Belagavi,Karnataka,15.85592,74.453919,Tata Power,Commercial,GB/T,60,389.38,CUST02171,Suresh Patil,,533.45,UPI
STN0226,EV Charging Station 226,Mysuru,Karnataka,12.246718,76.62666,Ather Grid,Private,CCS2,7.2,47.87,CUST02172,Lakshmi Patil,7.86,376.26,UPI
STN0431,EV Charging Station 431,Delhi,Delhi,28.636059,77.183558,Jio-bp,Public,Type 2,22,210.71,CUST02173,Arun Shetty,4.04,851.27,UPI
STN0255,EV Charging Station 255,Belagavi,Karnataka,15.856329,74.525209,Tata Power,Public,CCS2,7.2,63.74,CUST02174,Anjali Shetty,2.16,137.68,UPI
STN0196,EV Charging Station 196,Chennai,Tamil Nadu,13.12655,80.199395,Jio-bp,Private,CCS2,3.3,24.59,CUST02175,Akhil Shetty,7.41,182.21,UPI
STN0379,EV Charging Station 379,Chennai,Tamil Nadu,13.148882,80.249466,Statiq,Public,Type 2,50,318.61,CUST02176,Amritha Shetty,5.86,1867.05,Debit Card
STN0311,EV Charging Station 311,Mysuru,Karnataka,12.260653,76.638272,ChargeZone,Public,CHAdeMO,11,57.9,CUST02177,Ravi Shetty,2.85,165.02,UPI
STN0375,EV Charging Station 375,Belagavi,Karnataka,15.831815,74.533742,ChargeZone,Private,GB/T,22,169.02,CUST02178,Priya Shetty,7.1,1200.04,UPI
STN0166,EV Charging Station 166,Mysuru,Karnataka,12.265387,76.667937,Zeon Charging,Commercial,CHAdeMO,,166.93,CUST02179,Kiran Shetty,3.01,502.46,Credit Card
STN0028,EV Charging Station 028,Kochi,Kerala,9.996921,76.276514,Zeon Charging,Public,CCS2,7.2,53,CUST02180,Sneha Shetty,2.96,156.88,Wallet
STN0350,EV Charging Station 350,Kochi,Kerala,9.969971,76.278183,Zeon Charging,Public,GB/T,50,469.13,CUST02181,Manoj Shetty,1.83,858.51,Debit Card
STN0365,EV Charging Station 365,Hubballi,Karnataka,15.459686,75.098298,Jio-bp,Private,Type 2,7.2,41.3,CUST02182,Divya Shetty,1.56,64.43,Cash
STN0052,EV Charging Station 052,Pune,Maharashtra,18.532888,73.796005,Zeon Charging,Public,CCS2,30,254.79,CUST02183,Suresh Shetty,1.9,484.1,UPI
STN0420,EV Charging Station 420,Bengaluru,Karnataka,12.972797,77.587416,Statiq,Public,Type 2,120,742.62,CUST02184,Lakshmi Shetty,3.56,2643.73,Wallet
STN0095,EV Charging Station 095,Pune,Maharashtra,18.531794,73.847142,Tata Power,Public,Type 2,7.2,69.42,CUST02185,Arun Rao,2.78,192.99,Credit Card
STN0024,EV Charging Station 024,Delhi,Delhi,28.552545,77.161719,ChargeZone,Public,CCS2,22,190.63,CUST02186,Anjali Rao,6.97,1328.69,UPI
STN0193,EV Charging Station 193,Mysuru,Karnataka,12.352188,76.586751,Tata Power,Public,Type 2,50,437.06,CUST02187,Akhil Rao,5.32,2325.16,Debit Card
STN0467,EV Charging Station 467,Mysuru,Karnataka,12.313772,76.649565,Statiq,Private,CCS2,60,562.5,CUST02188,Amritha Rao,5.27,2964.37,UPI
STN0350,EV Charging Station 350,Hyderabad,Telangana,17.29686,78.425641,Tata Power,Public,CCS2,11,46.76,CUST02189,Ravi Rao,5.58,260.92,
STN0182,EV Charging Station 182,Pune,Maharashtra,18.441128,73.884704,Jio-bp,Public,GB/T,22,182.04,CUST02190,Priya Rao,1.71,311.29,Debit Card
STN0098,EV Charging Station 098,Bengaluru,Karnataka,13.062692,77.641576,Tata Power,Public,CCS2,22,95.67,CUST02191,Kiran Rao,3.18,304.23,UPI
STN0390,EV Charging Station 390,Chennai,Tamil Nadu,13.050538,80.306278,ChargeZone,Public,CCS2,11,79.36,CUST02192,Sneha Rao,7.31,580.12,
STN0460,EV Charging Station 460,Hubballi,Karnataka,15.404474,75.097733,Statiq,Public,CCS2,50,261.34,CUST02193,Manoj Rao,1.17,305.77,UPI
STN0305,EV Charging Station 305,Mangaluru,Karnataka,12.869844,,Statiq,Public,Type 2,50,414.53,CUST02194,Divya Rao,7.45,3088.25,Wallet
STN0260,EV Charging Station 260,Hubballi,Karnataka,15.402045,75.089203,Zeon Charging,Public,Type 2,7.2,41.09,CUST02195,Suresh Rao,5.9,242.43,Credit Card
STN0449,EV Charging Station 449,Mysuru,Karnataka,12.317372,76.601983,Tata Power,Commercial,Type 2,30,277.37,CUST02196,Lakshmi Rao,7.8,2163.49,Wallet
STN0473,EV Charging Station 473,Delhi,Delhi,28.577442,77.201261,Zeon Charging,Public,GB/T,50,290.91,CUST02197,Arun Iyer,6.27,1824.01,UPI
STN0028,EV Charging Station 028,Kochi,Kerala,9.896315,76.232091,Ather Grid,Public,CCS2,30,153.29,CUST02198,Anjali Iyer,1.41,,Cash
STN0369,EV Charging Station 369,Mysuru,Karnataka,12.261133,76.679593,Zeon Charging,Public,CCS2,3.3,20.32,CUST02199,Akhil Iyer,7.2,146.3,UPI
STN0209,EV Charging Station 209,Hyderabad,Telangana,17.350085,78.406853,Jio-bp,Private,,50,362.06,CUST02200,Amritha Iyer,6.61,2393.22,UPI
STN0366,EV Charging Station 366,Kochi,Kerala,9.95452,76.273859,Jio-bp,Commercial,IEC 60309 3-pin,22,113.93,CUST02201,Ravi Iyer,1.78,202.8,Wallet
STN0487,EV Charging Station 487,Mysuru,Karnataka,12.31265,76.684555,Tata Power,Public,GB/T,7.2,51.39,CUST02202,Priya Iyer,5.71,293.44,UPI
STN0076,EV Charging Station 076,Delhi,Delhi,28.654625,77.18891,Ather Grid,Private,Type 2,30,273.51,CUST02203,Kiran Iyer,7.44,2034.91,Wallet
STN0094,EV Charging Station 094,Mumbai,Maharashtra,19.030162,72.938648,Jio-bp,Commercial,Type 2,50,233.56,CUST02204,Sneha Iyer,6.86,1602.22,UPI
STN0008,EV Charging Station 008,Mysuru,Karnataka,12.311,76.632125,ChargeZone,Private,CCS2,3.3,18.74,CUST02205,Manoj Iyer,,16.49,Debit Card
STN0094,EV Charging Station 094,Mysuru,Karnataka,12.303505,76.574075,Jio-bp,Private,CCS2,7.2,47.3,CUST02206,Divya Iyer,2.23,105.48,Wallet
STN0309,EV Charging Station 309,Mangaluru,,12.949064,74.823463,Zeon Charging,Public,,120,1046.33,CUST02207,Suresh Iyer,,2950.65,Credit Card
STN0300,EV Charging Station 300,Hyderabad,Telangana,17.433264,78.513956,Zeon Charging,Private,Type 2,22,117.01,CUST02208,Lakshmi Iyer,4.96,,UPI
STN0148,EV Charging Station 148,Hubballi,Karnataka,15.357064,75.101932,ChargeZone,Public,GB/T,50,,CUST02209,Arun Nair,7.74,2524.09,Credit Card
STN0460,EV Charging Station 460,Pune,Maharashtra,18.546476,73.851053,Tata Power,Private,GB/T,120,562.04,CUST02210,Anjali Nair,0.74,415.91,UPI
STN0321,EV Charging Station 321,Delhi,Delhi,28.61115,77.22638,Statiq,Public,CHAdeMO,60,479.92,CUST02211,Akhil Nair,4.55,2183.64,Debit Card
STN0182,EV Charging Station 182,Kochi,Kerala,9.952554,,Tata Power,Public,CCS2,60,579.69,CUST02212,Amritha Nair,6.77,3924.5,Debit Card
STN0047,EV Charging Station 047,Delhi,Delhi,28.668811,77.211188,Statiq,Commercial,CCS2,11,51.09,CUST02213,Ravi Nair,2.99,152.76,Credit Card
STN0356,EV Charging Station 356,Hyderabad,Telangana,17.323303,78.527113,Statiq,Commercial,Type 2,150,945.16,CUST02214,Priya Nair,4.84,4574.57,UPI
STN0311,EV Charging Station 311,Bengaluru,Karnataka,12.887483,77.62253,ChargeZone,Private,CHAdeMO,50,361.12,CUST02215,Kiran Nair,6.42,2318.39,UPI
STN0083,EV Charging Station 083,Pune,Maharashtra,18.481023,73.817079,ChargeZone,Public,CCS2,50,462.89,CUST02216,Sneha Nair,1.59,736,Debit Card
STN0436,EV Charging Station 436,Delhi,Delhi,28.629376,77.234826,Zeon Charging,Private,CHAdeMO,120,1192.2,CUST02217,Manoj Nair,5.12,6104.06,Credit Card
STN0369,EV Charging Station 369,Hubballi,Karnataka,15.366569,75.086166,Tata Power,Public,IEC 60309 3-pin,50,291.63,CUST02218,Divya Nair,1.69,492.85,UPI
STN0160,EV Charging Station 160,Hyderabad,Telangana,17.362165,78.500643,Statiq,Commercial,CHAdeMO,11,81.18,CUST02219,Suresh Nair,1.3,105.53,Credit Card
STN0307,EV Charging Station 307,Chennai,Tamil Nadu,13.115942,80.296281,Statiq,Public,Type 2,7.2,69.22,CUST02220,Lakshmi Nair,6.8,470.7,Credit Card
STN0364,EV Charging Station 364,Kochi,Kerala,9.914427,76.291175,,Private,CHAdeMO,50,318.89,CUST02221,Arun Kumar,4.83,1540.24,Wallet
STN0351,EV Charging Station 351,Mumbai,Maharashtra,19.008797,72.830269,Statiq,Private,CCS2,60,499.76,CUST02222,Anjali Kumar,3.62,1809.13,Cash
STN0311,EV Charging Station 311,Mumbai,Maharashtra,19.086024,72.895097,Tata Power,Public,Type 2,120,1132.84,CUST02223,Akhil Kumar,2.68,3036.01,Credit Card
STN0493,EV Charging Station 493,Bengaluru,Karnataka,12.963449,77.581801,Statiq,Private,CCS2,150,962.33,CUST02224,Amritha Kumar,7.82,7525.42,UPI
STN0494,EV Charging Station 494,Mangaluru,Karnataka,12.922218,74.907211,Ather Grid,Private,Type 2,60,560.72,CUST02225,Ravi Kumar,2.47,1384.98,Credit Card
STN0064,EV Charging Station 064,Delhi,Delhi,28.543269,77.202935,Tata Power,Public,Type 2,7.2,29.78,CUST02226,Priya Kumar,3.86,114.95,UPI
STN0025,EV Charging Station 025,Mysuru,Karnataka,12.286412,76.647476,Statiq,Private,Type 2,3.3,20.14,CUST02227,Kiran Kumar,1.02,20.54,UPI
STN0068,EV Charging Station 068,Delhi,Delhi,28.670316,77.196021,ChargeZone,Public,Type 2,120,836.96,CUST02228,Sneha Kumar,2.98,2494.14,Credit Card
STN0371,EV Charging Station 371,Mysuru,Karnataka,12.288857,76.656406,ChargeZone,Private,CCS2,120,1028.18,CUST02229,Manoj Kumar,1.46,1501.14,Debit Card
STN0036,EV Charging Station 036,Delhi,,28.614701,77.218122,ChargeZone,Public,IEC 60309 3-pin,7.2,36.29,CUST02230,Divya Kumar,4.6,166.93,Debit Card
STN0157,EV Charging Station 157,Hyderabad,Telangana,17.432051,78.533181,Jio-bp,Public,CCS2,30,174.27,CUST02231,Suresh Kumar,4.48,780.73,UPI
STN0307,EV Charging Station 307,Hyderabad,Telangana,17.35329,78.463223,Zeon Charging,Public,Type 2,22,175.94,CUST02232,Lakshmi Kumar,5.6,985.26,UPI
STN0365,EV Charging Station 365,Kochi,Kerala,9.927641,76.267327,Ather Grid,Private,Type 2,30,215.37,CUST02233,Arun Sharma,6.16,1326.68,UPI
STN0150,EV Charging Station 150,Hubballi,Karnataka,15.373595,75.201157,Zeon Charging,Private,GB/T,11,71.43,CUST02234,Anjali Sharma,2.01,143.57,UPI
STN0224,EV Charging Station 224,Belagavi,Karnataka,15.880059,74.435892,Tata Power,Public,CCS2,60,377.68,CUST02235,Akhil Sharma,1.21,456.99,UPI
STN0150,EV Charging Station 150,Chennai,Tamil Nadu,13.06929,80.289741,Statiq,Public,,60,394.03,CUST02236,Amritha Sharma,6.23,2454.81,UPI
STN0056,EV Charging Station 056,Bengaluru,Karnataka,12.959993,77.612605,Jio-bp,Public,CCS2,7.2,47.02,CUST02237,Ravi Sharma,3.91,183.85,UPI
STN0242,EV Charging Station 242,Bengaluru,Karnataka,12.997819,77.566491,Ather Grid,Public,CCS2,30,140.42,CUST02238,Priya Sharma,3.78,530.79,UPI
STN0357,EV Charging Station 357,Mysuru,Karnataka,12.305885,76.646599,,,CCS2,30,187.37,CUST02239,Kiran Sharma,3.63,680.15,Credit Card
STN0096,EV Charging Station 096,Hyderabad,Telangana,17.427742,78.495473,Jio-bp,Public,Type 2,11,83.92,CUST02240,Sneha Sharma,6.52,547.16,Debit Card
STN0107,EV Charging Station 107,Delhi,Delhi,28.619363,77.236637,Ather Grid,Public,CCS2,120,510.07,CUST02241,Manoj Sharma,3.12,1591.42,UPI
STN0433,EV Charging Station 433,Pune,Maharashtra,18.529977,73.916337,ChargeZone,Public,IEC 60309 3-pin,50,328.6,CUST02242,Divya Sharma,3.84,1261.82,UPI
STN0368,EV Charging Station 368,Pune,Maharashtra,18.494031,73.93638,ChargeZone,Public,Type 2,22,176.98,CUST02243,Suresh Sharma,2.39,422.98,Debit Card
STN0353,EV Charging Station 353,Chennai,Tamil Nadu,13.09567,80.245001,Jio-bp,Private,CCS2,11,55.8,CUST02244,Lakshmi Sharma,1.73,96.53,Debit Card
STN0448,EV Charging Station 448,Chennai,Tamil Nadu,13.145052,80.251321,Ather Grid,Commercial,,11,89.31,CUST02245,Arun Reddy,1.41,125.93,UPI
STN0386,EV Charging Station 386,Hubballi,Karnataka,15.429132,75.129154,Zeon Charging,Public,CCS2,,99.67,CUST02246,Anjali Reddy,1.02,101.66,Debit Card
STN0268,EV Charging Station 268,Bengaluru,Karnataka,,77.594021,Statiq,Public,CCS2,22,163.66,CUST02247,Akhil Reddy,6.97,1140.71,UPI
STN0079,EV Charging Station 079,Hubballi,Karnataka,15.314246,75.149739,Jio-bp,Public,Type 2,7.2,62.11,CUST02248,Amritha Reddy,2.21,137.26,UPI
STN0072,EV Charging Station 072,Mysuru,Karnataka,12.301717,76.63807,Jio-bp,Commercial,Type 2,7.2,45.14,CUST02249,Ravi Reddy,7.61,343.52,UPI
STN0081,EV Charging Station 081,Mangaluru,Karnataka,,74.859033,Tata Power,Public,CCS2,60,597.18,CUST02250,Priya Reddy,5.82,3475.59,UPI
STN0287,EV Charging Station 287,Pune,Maharashtra,18.572446,73.919642,ChargeZone,Public,CCS2,150,1463.31,CUST02251,Kiran Reddy,2.67,3907.04,Credit Card
STN0048,EV Charging Station 048,Mysuru,Karnataka,12.268622,76.633431,ChargeZone,Private,Type 2,7.2,38.27,CUST02252,Sneha Reddy,6.17,236.13,Credit Card
STN0370,EV Charging Station 370,Chennai,Tamil Nadu,13.07306,80.290996,ChargeZone,Public,Type 2,150,835.26,CUST02253,Manoj Reddy,0.54,451.04,Cash
STN0053,EV Charging Station 053,Belagavi,Karnataka,,74.468495,ChargeZone,Public,Type 2,7.2,36.29,CUST02254,Divya Reddy,2.16,78.39,Debit Card
STN0463,EV Charging Station 463,Delhi,Delhi,28.617379,77.219217,,Public,IEC 60309 3-pin,7.2,51.45,CUST02255,Suresh Reddy,4.73,243.36,Wallet
STN0414,EV Charging Station 414,Mangaluru,Karnataka,12.895728,74.859852,Jio-bp,Public,CCS2,22,159.81,CUST02256,Lakshmi Reddy,6.49,1037.17,Credit Card
STN0186,EV Charging Station 186,Belagavi,Karnataka,15.861322,74.543491,Statiq,Public,Type 2,60,581.81,CUST02257,Arun Patil,4.26,2478.51,UPI
STN0175,EV Charging Station 175,Hubballi,Karnataka,15.295089,75.11756,Zeon Charging,Public,CCS2,7.2,39.32,CUST02258,Anjali Patil,5.52,217.05,Cash
STN0147,EV Charging Station 147,Chennai,Tamil Nadu,13.062831,80.25814,Zeon Charging,Public,GB/T,50,296.85,CUST02259,Akhil Patil,2.29,679.79,Credit Card
STN0201,EV Charging Station 201,Chennai,Tamil Nadu,13.030557,80.30547,ChargeZone,Private,CCS2,50,414.65,CUST02260,Amritha Patil,2.75,1140.29,UPI
STN0086,EV Charging Station 086,Hubballi,Karnataka,15.359601,75.140755,Ather Grid,Private,Type 2,7.2,61.59,CUST02261,Ravi Patil,2.3,141.66,UPI
STN0071,EV Charging Station 071,Mysuru,Karnataka,12.2955,76.634485,Jio-bp,Public,CCS2,150,1463.26,CUST02262,Priya Patil,3.4,4975.08,Credit Card
STN0287,EV Charging Station 287,Kochi,Kerala,9.907888,76.27458,Jio-bp,Public,CCS2,22,191.69,CUST02263,Kiran Patil,2.76,529.06,UPI
STN0079,EV Charging Station 079,Mumbai,Maharashtra,19.077059,72.863853,Statiq,Public,GB/T,22,185.19,CUST02264,Sneha Patil,2.7,500.01,Credit Card
STN0131,EV Charging Station 131,Hubballi,Karnataka,15.295774,75.081631,Jio-bp,Public,IEC 60309 3-pin,50,453.18,CUST02265,Manoj Patil,7.81,3539.34,Credit Card
STN0497,EV Charging Station 497,Bengaluru,Karnataka,,77.592771,Statiq,Private,Type 2,7.2,57.01,CUST02266,Divya Patil,,391.09,Credit Card
STN0322,EV Charging Station 322,Hubballi,Karnataka,15.382871,75.15201,Jio-bp,,CCS2,11,97.96,CUST02267,Suresh Patil,1.73,169.47,Wallet
STN0394,EV Charging Station 394,Kochi,Kerala,9.961869,76.213466,Zeon Charging,Public,CCS2,11,50.12,CUST02268,Lakshmi Patil,7.61,381.41,Credit Card
STN0182,EV Charging Station 182,Pune,Maharashtra,18.516991,73.849322,Zeon Charging,Public,CCS2,150,1381.64,CUST02269,Arun Shetty,1.12,1547.44,Credit Card
STN0293,EV Charging Station 293,Kochi,Kerala,9.914819,76.229148,Ather Grid,Private,CCS2,11,106.6,CUST02270,Anjali Shetty,6.6,703.56,Wallet
STN0013,EV Charging Station 013,Kochi,,9.909639,76.282369,Statiq,Private,CCS2,150,1062.82,CUST02271,Akhil Shetty,0.53,563.29,Wallet
STN0065,EV Charging Station 065,Kochi,Kerala,9.962379,76.284199,Tata Power,Public,CCS2,22,153.54,CUST02272,Amritha Shetty,6.07,931.99,Debit Card
STN0403,EV Charging Station 403,Mysuru,Karnataka,12.316904,76.624344,Ather Grid,Public,Type 2,11,50.88,CUST02273,Ravi Shetty,2.49,126.69,
STN0357,EV Charging Station 357,Chennai,Tamil Nadu,13.053089,80.258369,Zeon Charging,,GB/T,3.3,14.58,CUST02274,Priya Shetty,0.79,11.52,UPI
STN0484,EV Charging Station 484,Kochi,Kerala,9.896168,76.297438,ChargeZone,Public,GB/T,150,1496.62,CUST02275,Kiran Shetty,4.65,6959.28,UPI
STN0015,EV Charging Station 015,Hubballi,Karnataka,15.377403,75.130116,Jio-bp,Public,CHAdeMO,11,59.14,CUST02276,Sneha Shetty,6.72,397.42,UPI
STN0320,EV Charging Station 320,Kochi,Kerala,9.874724,76.273789,ChargeZone,,CCS2,30,253.76,CUST02277,Manoj Shetty,2.83,718.14,Credit Card
STN0286,EV Charging Station 286,Hyderabad,Telangana,17.406194,78.555094,Zeon Charging,Public,CCS2,50,433.19,CUST02278,Divya Shetty,3.76,1628.79,UPI
STN0311,EV Charging Station 311,Kochi,Kerala,9.919674,76.249787,Zeon Charging,Public,CCS2,30,210.86,CUST02279,Suresh Shetty,1.11,234.05,Cash
STN0062,EV Charging Station 062,Mysuru,Karnataka,12.28679,76.649185,Zeon Charging,Commercial,Type 2,60,533.08,CUST02280,Lakshmi Shetty,6.43,3427.7,Debit Card
STN0368,EV Charging Station 368,Belagavi,Karnataka,15.869648,74.532374,Statiq,Public,GB/T,30,158.27,CUST02281,Arun Rao,4.38,693.22,UPI
STN0059,EV Charging Station 059,Chennai,Tamil Nadu,13.116067,80.261082,Statiq,,IEC 60309 3-pin,3.3,18.24,CUST02282,,7.15,130.42,UPI
STN0347,EV Charging Station 347,Hyderabad,Telangana,17.392341,78.536405,Zeon Charging,Private,IEC 60309 3-pin,7.2,50.81,CUST02283,Akhil Rao,4.56,231.69,Credit Card
STN0306,EV Charging Station 306,,Delhi,28.57881,77.201754,Statiq,Public,CCS2,30,219.16,CUST02284,Amritha Rao,3.79,830.62,UPI
STN0157,EV Charging Station 157,Kochi,Kerala,9.909888,76.278436,Zeon Charging,Public,CCS2,22,209.71,CUST02285,Ravi Rao,7.72,1618.96,Credit Card
STN0038,EV Charging Station 038,Belagavi,Karnataka,15.892089,74.555886,Zeon Charging,Public,GB/T,30,281.5,CUST02286,Priya Rao,2.27,639,
STN0197,EV Charging Station 197,Kochi,Kerala,9.959359,76.274685,ChargeZone,Public,IEC 60309 3-pin,60,381.91,CUST02287,Kiran Rao,1.28,488.84,Cash
STN0449,EV Charging Station 449,Belagavi,Karnataka,15.852848,74.523433,Tata Power,Public,CCS2,7.2,53.53,CUST02288,Sneha Rao,7.46,399.33,UPI
STN0294,EV Charging Station 294,Mangaluru,Karnataka,12.882836,74.807251,Tata Power,Private,CHAdeMO,50,211.13,CUST02289,Manoj Rao,4.18,882.52,Debit Card
STN0104,EV Charging Station 104,Hubballi,Karnataka,15.352844,75.160631,Tata Power,Commercial,Type 2,60,462.82,CUST02290,Divya Rao,0.57,263.81,Cash
STN0410,EV Charging Station 410,Pune,Maharashtra,18.554648,73.863363,Zeon Charging,Public,CCS2,22,176.77,CUST02291,Suresh Rao,2.19,387.13,Credit Card
STN0485,EV Charging Station 485,Chennai,Tamil Nadu,13.132524,80.212928,ChargeZone,Commercial,CCS2,30,128.95,CUST02292,Lakshmi Rao,3.96,510.64,Credit Card
STN0461,EV Charging Station 461,Delhi,Delhi,28.616662,77.208721,Ather Grid,Commercial,Type 2,150,948.36,CUST02293,Arun Iyer,0.74,701.79,UPI
STN0050,EV Charging Station 050,Mangaluru,Karnataka,12.934176,74.878926,Jio-bp,Commercial,GB/T,11,55.89,CUST02294,Anjali Iyer,4.12,230.27,
STN0088,EV Charging Station 088,Bengaluru,Karnataka,12.955305,77.540708,Ather Grid,Public,GB/T,60,599.28,CUST02295,Akhil Iyer,1.73,1036.75,Debit Card
STN0193,EV Charging Station 193,Bengaluru,Karnataka,12.936225,77.59007,ChargeZone,Public,CCS2,,35.49,CUST02296,Amritha Iyer,4.6,163.25,Credit Card
STN0131,EV Charging Station 131,Kochi,Kerala,9.923841,76.270507,ChargeZone,Commercial,Type 2,11,77.53,CUST02297,Ravi Iyer,6.52,505.5,Debit Card
STN0324,EV Charging Station 324,Hyderabad,Telangana,17.413389,78.499728,Tata Power,Public,CHAdeMO,7.2,33.53,CUST02298,Priya Iyer,3,100.59,Credit Card
STN0273,EV Charging Station 273,Hubballi,Karnataka,15.3645,75.068561,Statiq,Public,Type 2,11,58.59,CUST02299,Kiran Iyer,1.18,69.14,UPI
STN0183,EV Charging Station 183,Delhi,Delhi,28.595642,77.227069,Jio-bp,Commercial,Type 2,7.2,55.93,CUST02300,Sneha Iyer,1.25,69.91,Credit Card
STN0339,EV Charging Station 339,Chennai,Tamil Nadu,13.092097,80.283433,Statiq,Private,Type 2,7.2,59.91,CUST02301,Manoj Iyer,5.53,331.3,UPI
STN0396,EV Charging Station 396,Chennai,Tamil Nadu,13.017074,80.2781,Tata Power,Public,Type 2,60,584.56,CUST02302,Divya Iyer,2.55,1490.63,Credit Card
STN0316,EV Charging Station 316,Hyderabad,Telangana,17.334421,78.430746,ChargeZone,Public,CHAdeMO,7.2,52.41,CUST02303,,1.49,78.09,Credit Card
STN0027,EV Charging Station 027,Mysuru,Karnataka,12.292447,76.634072,ChargeZone,Public,CCS2,7.2,52.73,CUST02304,Lakshmi Iyer,6.44,339.58,Debit Card
STN0310,EV Charging Station 310,Mysuru,Karnataka,12.344694,76.644388,ChargeZone,Private,Type 2,150,1141.63,CUST02305,Arun Nair,3.5,3995.71,Credit Card
STN0223,EV Charging Station 223,Belagavi,Karnataka,15.800333,74.503993,ChargeZone,Public,,22,145.05,CUST02306,Anjali Nair,0.73,105.89,Credit Card
STN0329,EV Charging Station 329,Pune,Maharashtra,18.487985,73.881697,Jio-bp,Private,Type 2,50,481.5,CUST02307,Akhil Nair,5.77,2778.25,UPI
STN0218,EV Charging Station 218,Mumbai,Maharashtra,19.077344,72.821644,Zeon Charging,Commercial,IEC 60309 3-pin,11,78.31,CUST02308,Amritha Nair,3.5,274.09,UPI
STN0363,EV Charging Station 363,Pune,Maharashtra,18.433721,73.851586,ChargeZone,Public,CCS2,30,223.51,CUST02309,Ravi Nair,5.46,1220.36,UPI
STN0398,EV Charging Station 398,Mangaluru,Karnataka,12.926354,74.89572,Tata Power,Private,CHAdeMO,30,153.03,CUST02310,Priya Nair,0.85,130.08,Debit Card
STN0315,EV Charging Station 315,Mumbai,Maharashtra,19.054995,72.912963,Statiq,Public,,60,280.12,CUST02311,Kiran Nair,4.32,1210.12,Debit Card
STN0272,,Hubballi,Karnataka,15.383437,,Tata Power,Public,CCS2,50,451.56,CUST02312,Sneha Nair,1.52,686.37,Debit Card
STN0045,EV Charging Station 045,Delhi,Delhi,28.641451,77.199457,Statiq,Commercial,Type 2,120,1115.77,CUST02313,Manoj Nair,5.78,6449.15,UPI
STN0050,EV Charging Station 050,Hyderabad,Telangana,17.380694,78.500619,Zeon Charging,Public,GB/T,50,433.16,CUST02314,Divya Nair,7.93,3434.96,UPI
STN0061,EV Charging Station 061,Mumbai,Maharashtra,19.088206,72.870358,ChargeZone,Public,GB/T,60,320.66,CUST02315,Suresh Nair,5.78,1853.41,Wallet
STN0234,EV Charging Station 234,Pune,Maharashtra,18.545298,73.808777,Jio-bp,Public,CCS2,3.3,14.08,CUST02316,Lakshmi Nair,3.58,50.41,Debit Card
STN0121,EV Charging Station 121,Bengaluru,Karnataka,12.890905,77.539046,Zeon Charging,,GB/T,,57.08,CUST02317,Arun Kumar,1.08,61.65,UPI
STN0130,EV Charging Station 130,Mumbai,Maharashtra,19.037069,72.867818,Jio-bp,Public,IEC 60309 3-pin,60,402.06,CUST02318,Anjali Kumar,2.37,952.88,UPI
STN0327,EV Charging Station 327,Pune,Maharashtra,18.534603,73.845168,ChargeZone,Commercial,Type 2,11,101.01,CUST02319,Akhil Kumar,7.7,777.78,Credit Card
STN0112,EV Charging Station 112,Chennai,Tamil Nadu,13.037681,80.237559,Statiq,Private,CCS2,3.3,19.51,CUST02320,Amritha Kumar,6.18,120.57,Debit Card
STN0016,EV Charging Station 016,Hyderabad,Telangana,17.382531,78.49624,Ather Grid,Public,CCS2,7.2,71.04,CUST02321,Ravi Kumar,1.57,111.53,Wallet
STN0338,EV Charging Station 338,Mumbai,Maharashtra,19.078847,72.881163,ChargeZone,Public,CCS2,7.2,46.85,CUST02322,Priya Kumar,7.67,359.34,UPI
STN0089,EV Charging Station 089,Mumbai,Maharashtra,19.077584,72.895143,Jio-bp,Public,CCS2,50,,CUST02323,Kiran Kumar,1.4,314.92,UPI
STN0272,EV Charging Station 272,Delhi,Delhi,28.617495,77.214011,ChargeZone,Public,CHAdeMO,11,101.2,CUST02324,Sneha Kumar,2.19,221.63,UPI
STN0070,EV Charging Station 070,,Tamil Nadu,13.112411,80.239665,Tata Power,Public,,3.3,26.31,CUST02325,Manoj Kumar,0.73,19.21,UPI
STN0379,EV Charging Station 379,Kochi,,9.912992,76.192839,Tata Power,Public,CCS2,22,109.94,CUST02326,Divya Kumar,1.69,185.8,UPI
STN0241,EV Charging Station 241,Belagavi,Karnataka,15.840847,74.499663,Statiq,Public,CCS2,7.2,29.1,CUST02327,Suresh Kumar,3.1,90.21,Credit Card
STN0451,EV Charging Station 451,Mysuru,,12.309283,76.553904,Zeon Charging,Public,Type 2,30,232.02,CUST02328,Lakshmi Kumar,0.74,171.69,Credit Card
STN0442,EV Charging Station 442,Hyderabad,Telangana,17.425015,78.51781,Zeon Charging,Private,Type 2,120,1041.44,CUST02329,Arun Sharma,1.43,1489.26,Credit Card
STN0156,EV Charging Station 156,Mangaluru,Karnataka,12.863548,74.902476,Jio-bp,Public,Type 2,30,189.24,CUST02330,Anjali Sharma,5.2,984.05,Debit Card
STN0071,EV Charging Station 071,Kochi,Kerala,9.927518,76.253933,Statiq,Public,CCS2,22,196.86,CUST02331,Akhil Sharma,2.42,476.4,Debit Card
STN0328,EV Charging Station 328,Delhi,Delhi,28.597506,77.156066,Tata Power,Public,GB/T,50,487.24,CUST02332,Amritha Sharma,3.96,1929.47,Wallet
STN0177,EV Charging Station 177,Chennai,Tamil Nadu,13.067279,80.292179,Statiq,Public,GB/T,150,1348.2,CUST02333,Ravi Sharma,4.84,6525.29,UPI
STN0431,EV Charging Station 431,Bengaluru,Karnataka,12.98688,77.585815,Jio-bp,Private,CCS2,22,129.79,CUST02334,Priya Sharma,3.71,481.52,UPI
STN0235,EV Charging Station 235,Mysuru,Karnataka,12.36647,76.633634,Tata Power,Public,CCS2,11,94.98,CUST02335,Kiran Sharma,5.94,564.18,UPI
STN0387,EV Charging Station 387,Chennai,Tamil Nadu,13.106582,80.211263,Tata Power,Public,Type 2,22,169.45,CUST02336,Sneha Sharma,,364.32,Credit Card
STN0199,EV Charging Station 199,Belagavi,Karnataka,15.81703,74.427117,Ather Grid,,CCS2,150,749.79,CUST02337,Manoj Sharma,4.28,3209.1,Cash
STN0047,EV Charging Station 047,Chennai,Tamil Nadu,13.099409,80.291409,Ather Grid,Public,CCS2,22,168.07,CUST02338,Divya Sharma,1.02,171.43,UPI
STN0031,EV Charging Station 031,Mumbai,Maharashtra,19.050026,72.891547,,Public,GB/T,7.2,48.74,CUST02339,Suresh Sharma,4.18,203.73,UPI
STN0104,EV Charging Station 104,Delhi,Delhi,28.619257,77.127661,Jio-bp,Public,Type 2,30,210.14,CUST02340,Lakshmi Sharma,6.46,1357.5,UPI
STN0248,EV Charging Station 248,Mysuru,Karnataka,12.291638,76.644499,ChargeZone,Public,Type 2,50,446.06,CUST02341,Arun Reddy,6.98,3113.5,UPI
STN0254,EV Charging Station 254,Belagavi,Karnataka,15.886834,74.465398,Zeon Charging,Public,CCS2,7.2,30.3,CUST02342,Anjali Reddy,8,242.4,Credit Card
STN0256,EV Charging Station 256,Pune,Maharashtra,18.478286,73.80265,Jio-bp,Private,Type 2,22,201.64,CUST02343,Akhil Reddy,7.75,1562.71,Debit Card
STN0094,EV Charging Station 094,Hyderabad,Telangana,17.433039,78.481581,Zeon Charging,Public,Type 2,120,628.68,CUST02344,Amritha Reddy,2.26,1420.82,Debit Card
STN0449,EV Charging Station 449,Belagavi,Karnataka,15.898382,74.523303,Statiq,Public,IEC 60309 3-pin,50,346.3,CUST02345,Ravi Reddy,5.15,1783.45,Debit Card
STN0043,EV Charging Station 043,Hubballi,Karnataka,15.355481,75.10542,Statiq,Public,Type 2,7.2,,CUST02346,Priya Reddy,0.95,30.2,Credit Card
STN0432,EV Charging Station 432,Pune,Maharashtra,18.529072,73.87595,Tata Power,Public,,7.2,37.81,CUST02347,Kiran Reddy,7.27,,UPI
STN0206,EV Charging Station 206,Hubballi,Karnataka,15.383553,75.070069,Tata Power,Commercial,Type 2,50,465.67,CUST02348,Sneha Reddy,5.4,2514.62,UPI
STN0479,EV Charging Station 479,Bengaluru,Karnataka,12.938002,77.597665,Tata Power,Commercial,CCS2,150,1173.03,CUST02349,Manoj Reddy,,4727.31,UPI
STN0226,EV Charging Station 226,Mysuru,Karnataka,12.267758,76.647483,Tata Power,Commercial,IEC 60309 3-pin,120,1198.82,CUST02350,Divya Reddy,6.12,7336.78,Debit Card
STN0190,EV Charging Station 190,Mumbai,Maharashtra,19.102406,72.89591,Jio-bp,Public,CCS2,11,90.6,CUST02351,Suresh Reddy,2.41,218.35,UPI
STN0343,EV Charging Station 343,Hyderabad,Telangana,17.471451,78.456204,Zeon Charging,,IEC 60309 3-pin,22,199.64,CUST02352,Lakshmi Reddy,3.61,720.7,UPI
STN0223,EV Charging Station 223,Mumbai,Maharashtra,19.070403,72.862236,Statiq,Public,CCS2,50,372.84,CUST02353,Arun Patil,5.68,2117.73,UPI
STN0203,EV Charging Station 203,Delhi,Delhi,28.553037,77.160676,Statiq,Public,,7.2,35.63,CUST02354,Anjali Patil,0.92,32.78,Debit Card
STN0125,EV Charging Station 125,Kochi,Kerala,9.909405,76.271436,ChargeZone,Public,Type 2,7.2,41.1,CUST02355,Akhil Patil,4.84,198.92,Credit Card
STN0425,EV Charging Station 425,Delhi,Delhi,28.641321,77.248559,Statiq,Public,GB/T,22,186.84,CUST02356,Amritha Patil,2.74,511.94,UPI
STN0188,EV Charging Station 188,Delhi,,28.604553,,Tata Power,Commercial,CCS2,150,934.01,CUST02357,Ravi Patil,3.52,3287.72,UPI
STN0088,EV Charging Station 088,Hyderabad,Telangana,,78.588858,Jio-bp,Public,Type 2,22,148.13,CUST02358,Priya Patil,,115.54,Debit Card
STN0287,EV Charging Station 287,Mangaluru,Karnataka,12.863517,74.871456,ChargeZone,Private,CCS2,150,1056.95,CUST02359,Kiran Patil,5.95,6288.85,UPI
STN0106,EV Charging Station 106,Mysuru,Karnataka,12.314001,76.615835,Ather Grid,Commercial,CCS2,11,91.26,CUST02360,Sneha Patil,6.57,599.58,Debit Card
STN0122,EV Charging Station 122,Mumbai,Maharashtra,19.115826,72.870543,Ather Grid,Private,IEC 60309 3-pin,11,59.32,CUST02361,Manoj Patil,5.72,339.31,Wallet
STN0388,EV Charging Station 388,Belagavi,Karnataka,15.842707,74.514462,Jio-bp,Public,Type 2,22,184.11,CUST02362,Divya Patil,2.37,436.34,Debit Card
STN0466,EV Charging Station 466,Chennai,Tamil Nadu,13.167727,80.295729,Tata Power,Private,CHAdeMO,60,298.55,CUST02363,Suresh Patil,3.17,946.4,Cash
STN0387,EV Charging Station 387,Bengaluru,Karnataka,12.981697,,Zeon Charging,Public,Type 2,22,136.45,CUST02364,Lakshmi Patil,,543.07,UPI
STN0116,EV Charging Station 116,Hyderabad,Telangana,17.393075,78.492084,Jio-bp,Private,GB/T,11,78.16,CUST02365,Arun Shetty,1.61,125.84,Debit Card
STN0074,EV Charging Station 074,Pune,Maharashtra,18.485326,73.883525,Zeon Charging,Private,Type 2,150,1122.16,CUST02366,Anjali Shetty,3.01,3377.7,UPI
STN0130,EV Charging Station 130,Hubballi,Karnataka,15.319388,75.14621,Statiq,Private,CCS2,22,184.78,CUST02367,Akhil Shetty,0.61,112.72,UPI
STN0248,EV Charging Station 248,Kochi,Kerala,9.988302,76.257313,Ather Grid,,Type 2,50,332.1,CUST02368,Amritha Shetty,2.25,747.22,UPI
STN0159,EV Charging Station 159,Mysuru,Karnataka,12.318377,76.658974,Statiq,Public,CCS2,11,48.84,CUST02369,Ravi Shetty,7.08,345.79,Cash
STN0307,EV Charging Station 307,Hyderabad,Telangana,17.406185,78.520267,Statiq,Public,CHAdeMO,7.2,60.29,CUST02370,Priya Shetty,4.52,272.51,Credit Card
STN0020,EV Charging Station 020,Pune,Maharashtra,18.509499,73.865327,Zeon Charging,Public,GB/T,50,212.88,CUST02371,Kiran Shetty,5.72,,UPI
STN0045,EV Charging Station 045,Hubballi,Karnataka,15.383084,75.150714,Zeon Charging,Private,Type 2,11,86.24,CUST02372,Sneha Shetty,1.21,104.35,Credit Card
STN0414,EV Charging Station 414,Mumbai,Maharashtra,19.056665,72.885578,Jio-bp,Commercial,CCS2,120,816.2,CUST02373,Manoj Shetty,4.8,3917.76,UPI
STN0289,EV Charging Station 289,Belagavi,Karnataka,15.826301,74.522574,Statiq,Public,IEC 60309 3-pin,7.2,43.8,CUST02374,Divya Shetty,6.7,293.46,Wallet
STN0186,EV Charging Station 186,Mysuru,Karnataka,12.269553,76.62701,Ather Grid,Private,CCS2,11,76.09,CUST02375,Suresh Shetty,2.34,178.05,UPI
STN0174,EV Charging Station 174,Hubballi,Karnataka,15.365823,75.2047,Zeon Charging,Public,Type 2,11,73.01,CUST02376,Lakshmi Shetty,4.39,320.51,UPI
STN0208,EV Charging Station 208,Hyderabad,Telangana,17.370158,78.460467,Zeon Charging,Public,CCS2,11,83.64,CUST02377,Arun Rao,4.94,413.18,UPI
STN0025,EV Charging Station 025,Kochi,Kerala,9.911176,76.298471,Zeon Charging,Public,Type 2,7.2,66.8,CUST02378,Anjali Rao,1.23,82.16,Wallet
STN0271,EV Charging Station 271,Hyderabad,Telangana,17.393241,78.500968,Jio-bp,Commercial,IEC 60309 3-pin,30,279.57,CUST02379,Akhil Rao,,1204.95,UPI
STN0304,EV Charging Station 304,Bengaluru,Karnataka,12.950546,77.646396,Tata Power,Commercial,CCS2,60,253.3,CUST02380,Amritha Rao,7.16,1813.63,Credit Card
STN0120,EV Charging Station 120,Mumbai,Maharashtra,19.11006,72.876294,Tata Power,Public,Type 2,30,,CUST02381,Ravi Rao,2.75,548.62,UPI
STN0420,EV Charging Station 420,Chennai,Tamil Nadu,13.057429,80.28644,Tata Power,Public,Type 2,22,124.11,CUST02382,Priya Rao,3.32,412.05,Credit Card
STN0107,EV Charging Station 107,Mangaluru,Karnataka,12.885236,74.910725,Statiq,Public,GB/T,30,122.48,CUST02383,Kiran Rao,4.2,514.42,UPI
STN0181,EV Charging Station 181,Kochi,Kerala,9.991558,76.213165,Statiq,Public,Type 2,7.2,35.42,CUST02384,Sneha Rao,6.82,241.56,Credit Card
STN0404,EV Charging Station 404,Kochi,Kerala,9.882678,76.283922,Zeon Charging,Public,GB/T,22,115.2,CUST02385,,5.54,638.21,Cash
STN0176,EV Charging Station 176,Bengaluru,Karnataka,12.898101,77.624872,,Public,CCS2,7.2,68.45,CUST02386,Divya Rao,3.6,246.42,Credit Card
STN0001,EV Charging Station 001,Mangaluru,Karnataka,12.940601,74.842036,Statiq,Public,CCS2,22,124.21,CUST02387,Suresh Rao,0.78,96.88,UPI
STN0149,EV Charging Station 149,Hubballi,Karnataka,15.352037,75.123872,Jio-bp,Commercial,CHAdeMO,60,418.55,CUST02388,Lakshmi Rao,7.29,3051.23,UPI
STN0456,EV Charging Station 456,Delhi,Delhi,28.634797,77.191957,Ather Grid,Public,CCS2,50,239.53,CUST02389,Arun Iyer,7.98,1911.45,Credit Card
STN0210,EV Charging Station 210,Mysuru,Karnataka,12.293774,76.671734,Ather Grid,Public,IEC 60309 3-pin,11,71.05,CUST02390,Anjali Iyer,1.86,132.15,Debit Card
STN0068,EV Charging Station 068,Mysuru,Karnataka,12.354463,76.697162,Statiq,Commercial,Type 2,11,78.4,CUST02391,Akhil Iyer,3.35,262.64,
STN0136,EV Charging Station 136,Hyderabad,Telangana,17.35786,78.426571,Jio-bp,Public,Type 2,7.2,69.72,CUST02392,Amritha Iyer,4.89,340.93,Debit Card
STN0084,EV Charging Station 084,Mumbai,Maharashtra,19.033414,72.899869,Jio-bp,Private,Type 2,30,229.05,CUST02393,Ravi Iyer,3.18,728.38,Credit Card
STN0216,EV Charging Station 216,Mumbai,Maharashtra,19.055724,72.888557,Jio-bp,Public,Type 2,150,984.5,CUST02394,Priya Iyer,7.44,7324.68,UPI
STN0184,EV Charging Station 184,Pune,Maharashtra,18.489985,73.938882,Tata Power,Private,CCS2,50,386.22,CUST02395,Kiran Iyer,5.22,2016.07,Credit Card
STN0360,EV Charging Station 360,Hyderabad,Telangana,17.343542,78.534642,Jio-bp,Public,Type 2,7.2,42.25,CUST02396,Sneha Iyer,3.8,160.55,UPI
STN0074,EV Charging Station 074,Bengaluru,Karnataka,13.014282,77.564261,Ather Grid,Commercial,Type 2,11,89.46,CUST02397,Manoj Iyer,7.45,666.48,UPI
STN0040,EV Charging Station 040,Chennai,Tamil Nadu,13.077569,80.26476,Zeon Charging,Public,Type 2,150,701.84,CUST02398,Divya Iyer,3.06,2147.63,Debit Card
STN0067,EV Charging Station 067,Mumbai,Maharashtra,19.119823,72.794182,Jio-bp,Public,Type 2,22,154.63,CUST02399,Suresh Iyer,0.76,117.52,Wallet
STN0276,EV Charging Station 276,Kochi,Kerala,9.959901,76.213293,ChargeZone,Public,CCS2,7.2,52.07,CUST02400,Lakshmi Iyer,3.04,158.29,Credit Card
STN0097,EV Charging Station 097,Hyderabad,Telangana,17.361555,78.474644,Statiq,Public,GB/T,7.2,51.97,CUST02401,Arun Nair,1.59,82.63,Credit Card
STN0345,EV Charging Station 345,Pune,Maharashtra,18.577155,73.858145,Ather Grid,Public,CCS2,11,93.74,CUST02402,Anjali Nair,2.62,245.6,UPI
STN0133,EV Charging Station 133,Bengaluru,Karnataka,12.97135,77.62279,Statiq,Private,CCS2,7.2,56.76,CUST02403,Akhil Nair,4.74,269.04,Debit Card
STN0287,EV Charging Station 287,Pune,Maharashtra,,73.779533,Statiq,Public,GB/T,7.2,40.02,CUST02404,Amritha Nair,1.46,58.43,Credit Card
STN0160,EV Charging Station 160,Mumbai,Maharashtra,19.116978,72.884345,Jio-bp,Private,IEC 60309 3-pin,30,180.85,CUST02405,Ravi Nair,5.19,938.61,UPI
STN0097,EV Charging Station 097,Kochi,Kerala,9.926958,76.232215,Ather Grid,Private,Type 2,11,98.1,CUST02406,Priya Nair,7.51,736.73,UPI
STN0018,EV Charging Station 018,Mysuru,Karnataka,12.253222,76.647937,Tata Power,Private,IEC 60309 3-pin,11,,CUST02407,Kiran Nair,3.78,365.68,UPI
STN0176,EV Charging Station 176,Kochi,Kerala,9.959831,76.276156,Ather Grid,Private,Type 2,11,100.79,CUST02408,Sneha Nair,6.66,671.26,Debit Card
STN0423,EV Charging Station 423,Hubballi,Karnataka,15.440947,75.118818,Zeon Charging,Private,Type 2,11,102.38,CUST02409,Manoj Nair,2.58,264.14,Credit Card
STN0394,EV Charging Station 394,Mysuru,,12.298008,76.636999,ChargeZone,Public,GB/T,11,47.39,CUST02410,Divya Nair,5,236.95,UPI
STN0007,EV Charging Station 007,Belagavi,Karnataka,15.880645,74.482177,Ather Grid,Public,CCS2,30,151.18,CUST02411,Suresh Nair,3.3,498.89,Credit Card
STN0452,EV Charging Station 452,Belagavi,Karnataka,15.863792,74.497262,Statiq,Commercial,CHAdeMO,7.2,64.02,CUST02412,Lakshmi Nair,0.55,35.21,UPI
STN0016,EV Charging Station 016,Mangaluru,Karnataka,12.937006,74.898663,Jio-bp,Public,IEC 60309 3-pin,30,249.13,CUST02413,Arun Kumar,5.65,1407.58,Cash
STN0399,EV Charging Station 399,,Karnataka,12.255247,76.631923,Statiq,Public,CCS2,120,864.65,CUST02414,Anjali Kumar,5.18,4478.89,Debit Card
STN0364,EV Charging Station 364,Hyderabad,Telangana,17.374562,,Zeon Charging,Public,CCS2,11,103.93,CUST02415,Akhil Kumar,5.59,580.97,Credit Card
STN0123,EV Charging Station 123,Bengaluru,Karnataka,12.96069,77.539346,Jio-bp,Private,CCS2,7.2,62.29,CUST02416,Amritha Kumar,1.66,103.4,UPI
STN0010,EV Charging Station 010,Mangaluru,Karnataka,12.896391,74.83821,Zeon Charging,Public,CCS2,22,210.01,CUST02417,Ravi Kumar,6.64,1394.47,UPI
STN0165,EV Charging Station 165,Mysuru,Karnataka,12.24771,76.64714,Statiq,Private,GB/T,22,141.89,CUST02418,Priya Kumar,3.35,475.33,Wallet
STN0085,EV Charging Station 085,Bengaluru,Karnataka,12.939673,77.55689,Jio-bp,Commercial,CCS2,7.2,42.45,CUST02419,Kiran Kumar,7.81,331.53,UPI
STN0246,EV Charging Station 246,Hyderabad,Telangana,17.422861,78.533438,ChargeZone,Public,Type 2,7.2,49.76,CUST02420,Sneha Kumar,7.82,389.12,Credit Card
STN0281,EV Charging Station 281,,Karnataka,15.860603,74.468091,ChargeZone,Public,CCS2,22,210.03,CUST02421,Manoj Kumar,7.69,1615.13,
STN0431,EV Charging Station 431,Belagavi,Karnataka,15.844768,74.520137,Tata Power,Public,GB/T,22,191.3,CUST02422,Divya Kumar,3.87,740.33,Wallet
STN0283,EV Charging Station 283,Pune,,18.520559,73.863659,Zeon Charging,Public,Type 2,11,81.92,CUST02423,Suresh Kumar,7.79,638.16,Debit Card
STN0299,EV Charging Station 299,Hyderabad,Telangana,17.40881,78.523807,ChargeZone,Public,Type 2,7.2,44.38,CUST02424,Lakshmi Kumar,7.3,323.97,UPI
STN0122,EV Charging Station 122,Pune,Maharashtra,18.577513,73.834742,Jio-bp,Public,CCS2,7.2,59.71,CUST02425,Arun Sharma,5,298.55,Wallet
STN0387,EV Charging Station 387,Mumbai,Maharashtra,19.050969,72.868986,Statiq,Private,Type 2,150,832.45,CUST02426,Anjali Sharma,0.61,507.79,Debit Card
STN0386,EV Charging Station 386,Mumbai,Maharashtra,19.052757,72.846485,Ather Grid,Commercial,CCS2,7.2,37.47,CUST02427,Akhil Sharma,4.42,165.62,
STN0377,EV Charging Station 377,Delhi,Delhi,28.620272,77.20856,Tata Power,Public,GB/T,150,1429.11,CUST02428,Amritha Sharma,6.74,9632.2,Wallet
STN0022,EV Charging Station 022,Bengaluru,Karnataka,13.015206,77.660098,Statiq,Public,IEC 60309 3-pin,22,149.86,CUST02429,Ravi Sharma,1.36,203.81,UPI
STN0393,EV Charging Station 393,Mysuru,Karnataka,12.342157,76.633319,ChargeZone,Public,GB/T,22,158.76,CUST02430,Priya Sharma,3.8,603.29,Debit Card
STN0212,EV Charging Station 212,Mumbai,Maharashtra,19.008077,72.8737,Statiq,Commercial,CCS2,,21.5,CUST02431,Kiran Sharma,1.05,,Debit Card
STN0268,EV Charging Station 268,Pune,Maharashtra,18.459693,73.832107,Ather Grid,Private,Type 2,120,880.62,CUST02432,Sneha Sharma,3.64,3205.46,Cash
STN0444,EV Charging Station 444,Pune,Maharashtra,18.43528,73.826796,Jio-bp,Private,CCS2,30,219.74,CUST02433,Manoj Sharma,7.28,1599.71,Credit Card
STN0145,EV Charging Station 145,Pune,Maharashtra,18.560402,73.799031,,Private,Type 2,22,103.87,CUST02434,Divya Sharma,5.09,528.7,UPI
STN0003,EV Charging Station 003,Pune,Maharashtra,18.523887,73.865129,Tata Power,Public,CCS2,60,366.68,CUST02435,Suresh Sharma,1.21,443.68,Debit Card
STN0381,EV Charging Station 381,Hyderabad,Telangana,17.383943,78.526185,Ather Grid,Public,Type 2,7.2,38.38,CUST02436,Lakshmi Sharma,1.85,71,Credit Card
STN0493,EV Charging Station 493,Mumbai,Maharashtra,19.090598,72.860282,Ather Grid,Public,Type 2,120,908.32,CUST02437,Arun Reddy,4.8,4359.94,Wallet
STN0086,EV Charging Station 086,Bengaluru,Karnataka,12.949336,77.609502,Statiq,Public,CCS2,150,919.23,CUST02438,Anjali Reddy,3.99,3667.73,UPI
STN0235,EV Charging Station 235,Chennai,Tamil Nadu,13.057795,80.252317,Statiq,Private,CCS2,120,578.49,CUST02439,Akhil Reddy,3.48,2013.15,Credit Card
STN0291,EV Charging Station 291,Bengaluru,Karnataka,12.969089,77.57591,Tata Power,Public,CCS2,11,46,CUST02440,Amritha Reddy,7.48,344.08,UPI
STN0301,EV Charging Station 301,Pune,Maharashtra,18.536608,73.859973,Zeon Charging,Commercial,CCS2,60,598.64,CUST02441,Ravi Reddy,7.92,4741.23,UPI
STN0070,EV Charging Station 070,Belagavi,Karnataka,15.876802,74.508106,Zeon Charging,Public,Type 2,150,746.66,CUST02442,Priya Reddy,,3539.17,Wallet
STN0432,EV Charging Station 432,Belagavi,Karnataka,15.901691,74.490653,Tata Power,Public,,22,168.6,CUST02443,Kiran Reddy,4.86,819.4,Debit Card
STN0162,EV Charging Station 162,Delhi,Delhi,28.596356,77.161243,ChargeZone,Private,CCS2,60,514.46,CUST02444,Sneha Reddy,7.03,3616.65,UPI
STN0017,EV Charging Station 017,Hubballi,Karnataka,15.393489,75.100568,Statiq,Public,Type 2,60,333.84,CUST02445,Manoj Reddy,4.22,1408.8,UPI
STN0146,EV Charging Station 146,Mangaluru,Karnataka,12.981657,74.881905,Tata Power,Public,Type 2,22,144,CUST02446,Divya Reddy,3.45,496.8,Wallet
STN0456,EV Charging Station 456,Chennai,Tamil Nadu,13.115889,,Zeon Charging,Public,CCS2,3.3,25.02,CUST02447,Suresh Reddy,2.75,68.8,UPI
STN0290,EV Charging Station 290,Pune,Maharashtra,18.519496,73.869955,Ather Grid,Public,Type 2,120,641.97,CUST02448,Lakshmi Reddy,,1810.36,UPI
STN0176,EV Charging Station 176,Mumbai,Maharashtra,19.071889,72.887754,Tata Power,Public,Type 2,60,421.53,CUST02449,Arun Patil,4.79,2019.13,Debit Card
STN0021,EV Charging Station 021,Delhi,Delhi,28.660405,77.188667,Zeon Charging,Private,CCS2,150,1361.83,CUST02450,Anjali Patil,6.15,8375.25,UPI
STN0211,EV Charging Station 211,Mumbai,Maharashtra,19.050222,72.854755,Jio-bp,Public,GB/T,30,251.64,CUST02451,Akhil Patil,1.65,415.21,Cash
STN0345,EV Charging Station 345,Mumbai,Maharashtra,19.088621,72.832553,Jio-bp,Public,CCS2,3.3,27.5,CUST02452,Amritha Patil,3.21,88.28,Debit Card
STN0137,EV Charging Station 137,Mumbai,Maharashtra,19.13336,72.896825,Ather Grid,Public,Type 2,11,88.45,CUST02453,Ravi Patil,1.7,150.36,UPI
STN0300,EV Charging Station 300,Mysuru,Karnataka,12.335879,76.68289,Zeon Charging,Public,Type 2,60,264.24,CUST02454,Priya Patil,6.12,1617.15,Debit Card
STN0090,EV Charging Station 090,Bengaluru,Karnataka,13.028346,77.621122,Ather Grid,Private,Type 2,7.2,60.83,CUST02455,Kiran Patil,3.27,198.91,
STN0144,EV Charging Station 144,Chennai,,13.107832,80.272297,Statiq,Public,Type 2,50,344.94,CUST02456,Sneha Patil,5.87,2024.8,Debit Card
STN0499,EV Charging Station 499,Belagavi,Karnataka,15.837911,74.449581,Tata Power,Public,CHAdeMO,60,355.21,CUST02457,Manoj Patil,7.81,2774.19,Wallet
STN0490,EV Charging Station 490,Hyderabad,Telangana,17.408839,78.462542,Tata Power,Commercial,GB/T,7.2,32.54,CUST02458,Divya Patil,7.02,228.43,Cash
STN0032,EV Charging Station 032,Mumbai,Maharashtra,19.010411,72.894095,Jio-bp,Public,Type 2,120,1051.2,CUST02459,Suresh Patil,7.75,8146.8,
STN0140,EV Charging Station 140,Mangaluru,Karnataka,12.946413,74.896443,Jio-bp,Public,CCS2,50,467.5,CUST02460,Lakshmi Patil,4.69,2192.58,Debit Card
STN0366,EV Charging Station 366,Delhi,Delhi,28.579891,77.266841,ChargeZone,Public,CCS2,150,1275.79,CUST02461,Arun Shetty,6.32,8062.99,UPI
STN0360,EV Charging Station 360,Kochi,Kerala,9.939791,76.239031,ChargeZone,Public,CCS2,7.2,35.25,CUST02462,Anjali Shetty,3.34,117.74,Debit Card
STN0424,EV Charging Station 424,Pune,Maharashtra,18.585859,73.854704,Jio-bp,Commercial,CCS2,120,1008.43,CUST02463,Akhil Shetty,4.7,4739.62,Debit Card
STN0468,,Hyderabad,Telangana,17.404972,78.488851,Tata Power,Public,GB/T,30,193.25,CUST02464,Amritha Shetty,5.12,989.44,Credit Card
STN0299,EV Charging Station 299,Chennai,Tamil Nadu,13.093357,80.215162,Jio-bp,Public,CHAdeMO,60,429.67,CUST02465,Ravi Shetty,4.84,2079.6,UPI
STN0199,EV Charging Station 199,Mumbai,Maharashtra,19.067403,72.887505,ChargeZone,Private,CCS2,22,137.33,CUST02466,Priya Shetty,5.41,742.96,Wallet
STN0490,EV Charging Station 490,Hubballi,Karnataka,15.331636,75.145874,Zeon Charging,Public,Type 2,60,254.45,CUST02467,Kiran Shetty,4.39,1117.04,UPI
STN0384,EV Charging Station 384,Mangaluru,Karnataka,12.924351,74.816301,ChargeZone,Public,Type 2,120,601.4,CUST02468,Sneha Shetty,6.39,3842.95,Credit Card
STN0420,EV Charging Station 420,Kochi,Kerala,9.890453,76.277416,Ather Grid,Commercial,Type 2,50,200.06,CUST02469,Manoj Shetty,7.89,1578.47,Debit Card
STN0001,EV Charging Station 001,Delhi,Delhi,28.635359,77.185257,ChargeZone,Commercial,CCS2,150,1412.07,CUST02470,Divya Shetty,2.52,3558.42,UPI
STN0463,EV Charging Station 463,Chennai,Tamil Nadu,13.112656,80.203395,ChargeZone,Private,Type 2,150,1297.02,CUST02471,Suresh Shetty,6.29,8158.26,UPI
STN0391,EV Charging Station 391,Mysuru,Karnataka,12.279058,76.702615,Zeon Charging,Public,Type 2,7.2,70.59,CUST02472,Lakshmi Shetty,7.41,523.07,UPI
STN0470,EV Charging Station 470,Kochi,Kerala,9.922365,76.294695,Statiq,Private,CCS2,50,330.99,CUST02473,Arun Rao,1.3,430.29,Credit Card
STN0293,EV Charging Station 293,Hyderabad,Telangana,17.411075,78.48801,Tata Power,Public,Type 2,30,129.83,CUST02474,Anjali Rao,5.28,685.5,Debit Card
STN0144,EV Charging Station 144,Mangaluru,Karnataka,12.875462,74.852815,Statiq,Public,IEC 60309 3-pin,150,1184.63,CUST02475,Akhil Rao,5.94,7036.7,UPI
STN0192,EV Charging Station 192,Pune,Maharashtra,18.593397,73.857753,ChargeZone,Private,Type 2,150,1433.82,CUST02476,Amritha Rao,6.52,9348.51,Credit Card
STN0368,EV Charging Station 368,Mumbai,Maharashtra,19.053216,72.809914,Zeon Charging,Public,Type 2,30,268.57,CUST02477,Ravi Rao,2.61,700.97,UPI
STN0407,EV Charging Station 407,Mumbai,Maharashtra,19.10756,72.894898,Statiq,Public,GB/T,50,329,CUST02478,Priya Rao,1.62,,Cash
STN0348,EV Charging Station 348,Delhi,Delhi,28.613348,77.182101,ChargeZone,Public,CCS2,120,953.39,CUST02479,Kiran Rao,2.03,1935.38,UPI
STN0400,EV Charging Station 400,,Delhi,28.611071,77.2201,Zeon Charging,Public,Type 2,30,131.39,CUST02480,Sneha Rao,7.57,994.62,Wallet
STN0477,EV Charging Station 477,Kochi,Kerala,9.888187,76.26588,Jio-bp,Commercial,IEC 60309 3-pin,7.2,41.21,CUST02481,Manoj Rao,2.41,99.32,Credit Card
STN0283,EV Charging Station 283,Hyderabad,Telangana,17.377059,78.452409,Statiq,Private,CCS2,150,1206.01,CUST02482,Divya Rao,0.6,723.61,Cash
STN0448,EV Charging Station 448,Belagavi,Karnataka,15.885636,74.543449,Statiq,Private,IEC 60309 3-pin,50,215.25,CUST02483,Suresh Rao,7.63,1642.36,Debit Card
STN0444,EV Charging Station 444,Hyderabad,Telangana,17.336072,78.49494,Jio-bp,Public,Type 2,120,947.27,CUST02484,Lakshmi Rao,3.88,3675.41,Credit Card
STN0029,EV Charging Station 029,Delhi,Delhi,28.589746,77.211039,Jio-bp,Private,Type 2,3.3,25.36,CUST02485,Arun Iyer,4.36,110.57,Credit Card
STN0246,EV Charging Station 246,Mangaluru,Karnataka,12.948239,74.835,Zeon Charging,Private,CCS2,7.2,67.33,CUST02486,Anjali Iyer,6.32,425.53,UPI
STN0157,EV Charging Station 157,Hubballi,Karnataka,15.381217,75.104567,Ather Grid,Public,Type 2,150,762.55,CUST02487,Akhil Iyer,2.3,1753.86,Wallet
STN0404,EV Charging Station 404,Hubballi,Karnataka,15.369845,75.11332,Tata Power,Public,IEC 60309 3-pin,11,69.71,CUST02488,Amritha Iyer,7.74,539.56,UPI
STN0254,EV Charging Station 254,Kochi,Kerala,9.890571,76.338709,Tata Power,Private,CCS2,11,,CUST02489,Ravi Iyer,7.96,762.73,Credit Card
STN0279,EV Charging Station 279,Mumbai,Maharashtra,19.089656,72.85732,ChargeZone,Private,CCS2,11,67.12,CUST02490,Priya Iyer,1.73,116.12,Credit Card
STN0304,EV Charging Station 304,Belagavi,Karnataka,15.882347,74.4409,Ather Grid,Commercial,Type 2,60,294.95,CUST02491,Kiran Iyer,5.41,1595.68,UPI
STN0418,EV Charging Station 418,Hubballi,Karnataka,15.439526,75.067483,Tata Power,Public,IEC 60309 3-pin,50,216.36,CUST02492,Sneha Iyer,6.92,1497.21,UPI
STN0178,EV Charging Station 178,Mangaluru,Karnataka,12.925501,74.814626,Zeon Charging,Private,Type 2,120,785.3,CUST02493,Manoj Iyer,2.69,2112.46,Debit Card
STN0217,EV Charging Station 217,Kochi,Kerala,9.887525,76.266578,Statiq,Public,GB/T,7.2,39.74,CUST02494,Divya Iyer,5.31,211.02,UPI
STN0035,EV Charging Station 035,Hubballi,Karnataka,15.414107,75.094542,Tata Power,Public,Type 2,11,79.45,CUST02495,Suresh Iyer,7.2,572.04,UPI
STN0241,EV Charging Station 241,Pune,Maharashtra,18.542445,73.867953,Ather Grid,Private,Type 2,22,163.12,CUST02496,Lakshmi Iyer,1.57,256.1,Wallet
STN0459,EV Charging Station 459,Hubballi,Karnataka,15.389429,75.069785,Zeon Charging,Public,IEC 60309 3-pin,120,1174.09,CUST02497,Arun Nair,7.28,8547.38,UPI
STN0154,EV Charging Station 154,Chennai,Tamil Nadu,13.052422,80.238007,ChargeZone,Public,CCS2,22,218.38,CUST02498,Anjali Nair,1.15,251.14,Debit Card
STN0374,EV Charging Station 374,Chennai,Tamil Nadu,13.064944,80.243948,Tata Power,Public,Type 2,7.2,67.27,CUST02499,Akhil Nair,0.95,63.91,UPI
STN0345,EV Charging Station 345,Delhi,Delhi,28.58217,77.143807,Tata Power,Private,CHAdeMO,7.2,39.38,CUST02500,Amritha Nair,7.03,276.84,UPI
STN0117,EV Charging Station 117,Kochi,Kerala,9.94636,76.268076,Jio-bp,Commercial,Type 2,30,204,CUST02501,Ravi Nair,5.98,1219.92,Credit Card
STN0039,EV Charging Station 039,Bengaluru,Karnataka,12.994899,77.638056,Tata Power,Commercial,Type 2,120,799.26,CUST02502,Priya Nair,5.57,4451.88,Credit Card
STN0139,EV Charging Station 139,Delhi,Delhi,28.596425,77.192622,Tata Power,Public,CCS2,150,895.11,CUST02503,Kiran Nair,3.02,2703.23,UPI
STN0486,EV Charging Station 486,Bengaluru,Karnataka,12.954586,77.605834,Statiq,Public,GB/T,60,501.09,CUST02504,Sneha Nair,2.99,1498.26,Wallet
STN0172,EV Charging Station 172,Mysuru,Karnataka,12.277942,76.658353,Tata Power,Commercial,Type 2,30,215.15,CUST02505,Manoj Nair,6.9,1484.54,UPI
STN0038,EV Charging Station 038,Chennai,Tamil Nadu,13.07484,80.219571,Ather Grid,Public,GB/T,30,228.34,CUST02506,Divya Nair,6.81,1555,Debit Card
STN0183,EV Charging Station 183,Hyderabad,Telangana,17.376508,78.499588,Jio-bp,Private,CCS2,11,109.3,CUST02507,Suresh Nair,2.06,225.16,Credit Card
STN0244,EV Charging Station 244,Chennai,Tamil Nadu,13.143303,80.242016,Tata Power,Private,CCS2,50,398.09,CUST02508,Lakshmi Nair,5.76,2293,Wallet
STN0297,EV Charging Station 297,Mangaluru,Karnataka,12.903427,74.881798,Statiq,Public,CCS2,7.2,62.24,CUST02509,Arun Kumar,6.36,395.85,Wallet
STN0252,EV Charging Station 252,Hyderabad,Telangana,17.364426,78.432671,Statiq,Commercial,CHAdeMO,60,249.77,CUST02510,Anjali Kumar,5.47,1366.24,Cash
STN0254,EV Charging Station 254,Hubballi,Karnataka,15.396931,75.140454,Zeon Charging,Public,CCS2,30,274.08,CUST02511,,1.29,353.56,Credit Card
STN0311,EV Charging Station 311,Mumbai,Maharashtra,19.123456,72.833622,ChargeZone,Public,CCS2,30,231.94,CUST02512,Amritha Kumar,1.55,359.51,UPI
STN0124,EV Charging Station 124,Mumbai,Maharashtra,19.116257,72.843702,Zeon Charging,Private,CCS2,50,470.74,CUST02513,Ravi Kumar,6.24,2937.42,UPI
STN0351,EV Charging Station 351,Delhi,Delhi,28.681777,77.226589,Tata Power,Public,CCS2,11,84,CUST02514,Priya Kumar,5.4,453.6,Wallet
STN0406,EV Charging Station 406,Hubballi,Karnataka,15.351349,75.146302,Jio-bp,Public,CCS2,11,59,CUST02515,Kiran Kumar,6.27,369.93,Cash
STN0459,EV Charging Station 459,Mangaluru,Karnataka,12.908816,74.866419,Tata Power,Public,IEC 60309 3-pin,7.2,58.5,CUST02516,Sneha Kumar,7.18,420.03,UPI
STN0222,EV Charging Station 222,Pune,Maharashtra,18.540968,73.862399,ChargeZone,Public,CCS2,120,1034.49,CUST02517,Manoj Kumar,7.17,7417.29,UPI
STN0197,EV Charging Station 197,Kochi,Kerala,9.931418,76.27862,ChargeZone,Public,Type 2,7.2,42.24,CUST02518,Divya Kumar,2.6,109.82,Credit Card
STN0441,EV Charging Station 441,Kochi,Kerala,9.918418,76.260703,Tata Power,Private,Type 2,7.2,48.45,CUST02519,Suresh Kumar,6.7,324.62,UPI
STN0178,EV Charging Station 178,Mumbai,Maharashtra,19.054469,72.79522,Jio-bp,Public,CCS2,50,413.74,CUST02520,Lakshmi Kumar,6.8,2813.43,Wallet
STN0421,EV Charging Station 421,Delhi,Delhi,28.592898,77.189721,Tata Power,Public,CCS2,50,465.92,CUST02521,Arun Sharma,0.75,349.44,UPI
STN0008,EV Charging Station 008,Kochi,Kerala,9.924335,76.240907,Tata Power,Public,CHAdeMO,30,238.45,CUST02522,Anjali Sharma,3.1,,UPI
STN0334,EV Charging Station 334,Delhi,Delhi,28.613749,77.182776,Zeon Charging,Public,Type 2,7.2,34.94,CUST02523,Akhil Sharma,3.96,138.36,UPI
STN0223,EV Charging Station 223,Bengaluru,Karnataka,12.909376,77.620054,Tata Power,Public,Type 2,50,433.03,CUST02524,Amritha Sharma,1.43,619.23,Debit Card
STN0326,,Pune,Maharashtra,18.495952,73.798072,ChargeZone,Commercial,CCS2,22,94.7,CUST02525,,5.43,514.22,Credit Card
STN0095,EV Charging Station 095,Belagavi,Karnataka,15.846773,,Statiq,Public,Type 2,7.2,36.89,CUST02526,Priya Sharma,3.59,132.44,UPI
STN0021,EV Charging Station 021,Kochi,Kerala,9.941307,76.311492,ChargeZone,Public,Type 2,7.2,43.83,CUST02527,Kiran Sharma,1.63,71.44,Debit Card
STN0144,EV Charging Station 144,Pune,Maharashtra,18.544907,73.860852,Zeon Charging,Private,CCS2,120,1068.18,CUST02528,Sneha Sharma,7.25,7744.3,UPI
STN0251,EV Charging Station 251,Pune,Maharashtra,18.555764,73.84018,Tata Power,Private,CCS2,7.2,40.57,CUST02529,Manoj Sharma,5.02,,UPI
STN0059,EV Charging Station 059,Mumbai,Maharashtra,19.06176,72.855744,ChargeZone,Private,CCS2,150,1178.53,CUST02530,Divya Sharma,2.86,3370.6,UPI
STN0324,EV Charging Station 324,Hubballi,Karnataka,15.402727,75.121798,Ather Grid,Public,CCS2,30,126.39,CUST02531,Suresh Sharma,3.47,438.57,Wallet
STN0294,EV Charging Station 294,Hubballi,Karnataka,15.41052,75.118047,Zeon Charging,Public,IEC 60309 3-pin,120,772.5,CUST02532,Lakshmi Sharma,0.92,710.7,UPI
STN0099,EV Charging Station 099,Chennai,Tamil Nadu,13.146892,80.294248,Tata Power,Public,Type 2,120,1152.73,CUST02533,Arun Reddy,4.39,5060.48,Credit Card
STN0052,EV Charging Station 052,Chennai,Tamil Nadu,13.068828,80.265673,Statiq,Public,IEC 60309 3-pin,7.2,68.28,CUST02534,Anjali Reddy,3.84,262.2,UPI
STN0444,EV Charging Station 444,Hubballi,Karnataka,15.357809,75.137854,Statiq,Private,CCS2,22,160.23,CUST02535,Akhil Reddy,5.14,823.58,UPI
STN0172,EV Charging Station 172,Bengaluru,Karnataka,13.009739,77.652907,Jio-bp,Public,Type 2,120,521.4,CUST02536,Amritha Reddy,1.96,1021.94,UPI
STN0486,EV Charging Station 486,Hubballi,Karnataka,15.351041,75.126353,Ather Grid,Public,Type 2,120,1042.17,CUST02537,Ravi Reddy,5.71,5950.79,UPI
STN0117,EV Charging Station 117,Hyderabad,Telangana,17.338032,78.51183,Jio-bp,Public,CCS2,50,417.94,CUST02538,Priya Reddy,1.17,,UPI
STN0019,EV Charging Station 019,Kochi,Kerala,9.875009,76.233724,Statiq,Public,Type 2,7.2,51.15,CUST02539,Kiran Reddy,3.87,197.95,Credit Card
STN0435,EV Charging Station 435,Chennai,Tamil Nadu,13.043247,80.236514,ChargeZone,Public,Type 2,7.2,57.9,CUST02540,Sneha Reddy,1.38,79.9,Debit Card
STN0343,EV Charging Station 343,Bengaluru,Karnataka,12.974262,77.559465,Tata Power,Public,GB/T,60,302.58,CUST02541,Manoj Reddy,2.65,801.84,UPI
STN0357,EV Charging Station 357,Kochi,Kerala,9.948947,76.322866,Statiq,Commercial,Type 2,30,141.73,CUST02542,Divya Reddy,4.27,605.19,Credit Card
STN0200,EV Charging Station 200,Hyderabad,Telangana,17.365558,78.481859,Tata Power,Public,Type 2,60,247.29,CUST02543,Suresh Reddy,2.22,548.98,Debit Card
STN0304,EV Charging Station 304,Pune,Maharashtra,18.541521,73.860507,Statiq,Commercial,GB/T,22,183.12,CUST02544,Lakshmi Reddy,5.85,1071.25,Credit Card
STN0183,,Bengaluru,Karnataka,13.03954,,Zeon Charging,Private,Type 2,3.3,,CUST02545,Arun Patil,0.75,10.11,UPI
STN0244,EV Charging Station 244,Mumbai,Maharashtra,19.064678,72.874623,Tata Power,,IEC 60309 3-pin,3.3,16.76,CUST02546,Anjali Patil,3.44,57.65,Cash
STN0369,EV Charging Station 369,Kochi,Kerala,9.906601,76.195361,Statiq,Public,CCS2,7.2,63.51,CUST02547,Akhil Patil,7.11,,UPI
STN0439,EV Charging Station 439,Hyderabad,Telangana,17.383203,78.478255,Ather Grid,Public,Type 2,22,,CUST02548,Amritha Patil,3.53,,UPI
STN0182,EV Charging Station 182,Belagavi,Karnataka,15.826849,74.401718,Jio-bp,Commercial,Type 2,3.3,22.93,CUST02549,Ravi Patil,4.13,94.7,Cash
STN0087,EV Charging Station 087,Mumbai,Maharashtra,19.114054,72.859285,Zeon Charging,Public,CCS2,30,182.36,CUST02550,Priya Patil,3.94,,UPI
STN0345,EV Charging Station 345,Mangaluru,Karnataka,12.931777,74.859439,Tata Power,Public,CCS2,3.3,22.59,CUST02551,Kiran Patil,4.64,104.82,Wallet
STN0483,EV Charging Station 483,Delhi,Delhi,28.720542,77.175441,ChargeZone,Public,GB/T,,885.1,CUST02552,Sneha Patil,3.9,3451.89,Debit Card
STN0154,EV Charging Station 154,Hubballi,Karnataka,15.451323,75.115279,Statiq,Public,Type 2,120,1132.98,CUST02553,Manoj Patil,5.39,6106.76,Cash
STN0148,EV Charging Station 148,Delhi,Delhi,28.627659,77.182725,Tata Power,Public,GB/T,120,623.22,CUST02554,Divya Patil,4.95,3084.94,Credit Card
STN0283,EV Charging Station 283,Mangaluru,Karnataka,12.921384,74.884393,ChargeZone,Private,GB/T,11,59.5,CUST02555,Suresh Patil,2.5,148.75,UPI
STN0410,EV Charging Station 410,Mumbai,Maharashtra,19.067365,72.882867,Tata Power,Commercial,IEC 60309 3-pin,22,139.07,CUST02556,Lakshmi Patil,,305.95,UPI
STN0474,EV Charging Station 474,Kochi,Kerala,9.953163,76.262518,Ather Grid,Public,CHAdeMO,7.2,53.53,CUST02557,Arun Shetty,1.58,84.58,Credit Card
STN0156,EV Charging Station 156,Delhi,Delhi,28.622226,77.253364,Jio-bp,Private,CHAdeMO,30,130.62,CUST02558,Anjali Shetty,5.96,778.5,UPI
STN0478,EV Charging Station 478,Hyderabad,Telangana,17.367543,78.424579,Zeon Charging,Public,IEC 60309 3-pin,120,1063.66,CUST02559,Akhil Shetty,4.73,5031.11,UPI
STN0289,EV Charging Station 289,Pune,Maharashtra,18.553949,73.87555,Ather Grid,Public,Type 2,120,1153.92,CUST02560,Amritha Shetty,2.71,3127.12,UPI
STN0464,EV Charging Station 464,Delhi,Delhi,28.606268,77.199285,Ather Grid,Commercial,CCS2,7.2,41.4,CUST02561,Ravi Shetty,4.06,168.08,Credit Card
STN0145,EV Charging Station 145,Kochi,Kerala,9.881805,,ChargeZone,Private,CCS2,7.2,50.05,CUST02562,Priya Shetty,4.85,242.74,
STN0369,EV Charging Station 369,Mysuru,Karnataka,12.308659,76.632294,ChargeZone,Public,Type 2,50,412.73,CUST02563,Kiran Shetty,6.92,2856.09,Credit Card
STN0359,EV Charging Station 359,,Karnataka,12.906333,77.604819,Ather Grid,Commercial,CCS2,120,483.51,CUST02564,Sneha Shetty,3.38,1634.26,UPI
STN0282,EV Charging Station 282,Mangaluru,Karnataka,12.952036,74.860562,Tata Power,Public,CCS2,150,1087.67,CUST02565,Manoj Shetty,3.96,4307.17,Debit Card
STN0029,EV Charging Station 029,Mysuru,Karnataka,12.258299,76.593016,Jio-bp,Public,CCS2,11,92.23,CUST02566,Divya Shetty,7.22,665.9,Credit Card
STN0317,EV Charging Station 317,Mysuru,Karnataka,12.223406,76.547819,Statiq,Public,Type 2,150,949.18,CUST02567,Suresh Shetty,3.92,3720.79,Debit Card
STN0419,EV Charging Station 419,Kochi,Kerala,9.932186,76.188719,ChargeZone,Public,CCS2,7.2,69.79,CUST02568,Lakshmi Shetty,1.17,81.65,Debit Card
STN0078,EV Charging Station 078,Belagavi,Karnataka,15.886308,74.501726,ChargeZone,Private,,3.3,16.06,CUST02569,Arun Rao,2.94,47.22,Credit Card
STN0022,EV Charging Station 022,Bengaluru,Karnataka,13.029072,77.682884,Jio-bp,Commercial,CHAdeMO,30,275.68,CUST02570,Anjali Rao,3.59,989.69,Debit Card
STN0229,EV Charging Station 229,Bengaluru,Karnataka,12.970883,77.571419,Tata Power,Public,CHAdeMO,22,98.86,CUST02571,Akhil Rao,3.03,299.55,Wallet
STN0002,EV Charging Station 002,Pune,Maharashtra,18.558276,,ChargeZone,Private,Type 2,7.2,32.44,CUST02572,Amritha Rao,1.43,46.39,UPI
STN0440,EV Charging Station 440,Delhi,Delhi,,77.265915,Statiq,Private,Type 2,11,44.05,CUST02573,Ravi Rao,6.05,266.5,Credit Card
STN0077,EV Charging Station 077,Mangaluru,,12.840836,74.809826,Zeon Charging,Private,IEC 60309 3-pin,7.2,66.75,CUST02574,,2.47,164.87,UPI
STN0291,EV Charging Station 291,Kochi,Kerala,9.947238,76.298741,Tata Power,Public,CCS2,7.2,29.05,CUST02575,Kiran Rao,1.86,54.03,UPI
STN0067,EV Charging Station 067,Bengaluru,Karnataka,13.018257,77.568604,Tata Power,Public,CCS2,11,98.01,CUST02576,Sneha Rao,5.34,523.37,Debit Card
STN0350,EV Charging Station 350,Mangaluru,Karnataka,12.976679,74.827365,Tata Power,Public,Type 2,120,653.79,CUST02577,Manoj Rao,5.07,3314.72,Wallet
STN0234,EV Charging Station 234,Hyderabad,Telangana,17.374441,78.493598,Statiq,Private,GB/T,150,1382.3,CUST02578,Divya Rao,7.05,9745.22,Credit Card
STN0073,EV Charging Station 073,Bengaluru,Karnataka,12.945341,77.627098,Tata Power,Public,CHAdeMO,7.2,55.71,CUST02579,Suresh Rao,1.43,79.67,UPI
STN0144,EV Charging Station 144,Belagavi,Karnataka,15.861312,74.437709,Jio-bp,Private,IEC 60309 3-pin,30,181.42,CUST02580,Lakshmi Rao,7.44,,UPI
STN0352,EV Charging Station 352,Delhi,Delhi,28.572092,77.20084,Jio-bp,Private,CCS2,60,599.42,CUST02581,Arun Iyer,1.15,689.33,Wallet
STN0385,EV Charging Station 385,Hubballi,Karnataka,15.378376,75.137077,Ather Grid,Public,CCS2,150,1374.89,CUST02582,Anjali Iyer,3.68,5059.6,UPI
STN0420,EV Charging Station 420,Kochi,Kerala,9.914293,76.326521,Jio-bp,,Type 2,22,214.59,CUST02583,Akhil Iyer,3.89,834.76,Credit Card
STN0343,EV Charging Station 343,Chennai,Tamil Nadu,13.082726,80.274904,Statiq,Commercial,Type 2,60,577.03,CUST02584,Amritha Iyer,4.52,2608.18,UPI
STN0129,EV Charging Station 129,Hubballi,Karnataka,15.345416,75.124302,Tata Power,Public,CHAdeMO,50,213.93,CUST02585,Ravi Iyer,5.43,1161.64,UPI
STN0084,EV Charging Station 084,Bengaluru,Karnataka,12.947592,77.669275,Tata Power,Commercial,CCS2,120,697.37,CUST02586,Priya Iyer,1.48,1032.11,Credit Card
STN0491,EV Charging Station 491,Chennai,Tamil Nadu,13.103495,80.239913,Statiq,Private,IEC 60309 3-pin,7.2,43.99,CUST02587,Kiran Iyer,4.84,212.91,Debit Card
STN0062,EV Charging Station 062,Mangaluru,Karnataka,12.853802,74.895113,Jio-bp,Public,CCS2,50,450.19,CUST02588,Sneha Iyer,2.82,1269.54,UPI
STN0083,EV Charging Station 083,Hubballi,Karnataka,15.388412,75.144319,Ather Grid,Public,Type 2,11,80.76,CUST02589,Manoj Iyer,7.85,633.97,UPI
STN0021,EV Charging Station 021,Kochi,Kerala,9.94441,76.312783,Statiq,,CCS2,150,1325.85,CUST02590,Divya Iyer,1.54,2041.81,UPI
STN0096,EV Charging Station 096,Mangaluru,Karnataka,12.889982,74.829921,ChargeZone,Public,CCS2,60,491.07,CUST02591,Suresh Iyer,1.07,525.44,UPI
STN0454,EV Charging Station 454,Bengaluru,Karnataka,12.958799,77.597416,Statiq,Public,Type 2,7.2,36.38,CUST02592,Lakshmi Iyer,5.43,197.54,UPI
STN0222,EV Charging Station 222,Mumbai,Maharashtra,19.074784,72.885643,Ather Grid,Public,GB/T,150,729.72,CUST02593,Arun Nair,,2809.42,Cash
STN0464,EV Charging Station 464,Kochi,,9.93707,76.272695,Tata Power,Public,CCS2,50,332.38,CUST02594,Anjali Nair,4.89,1625.34,Wallet
STN0199,EV Charging Station 199,Hubballi,Karnataka,15.38609,75.112478,ChargeZone,Private,GB/T,7.2,52.07,CUST02595,Akhil Nair,4.52,235.36,Credit Card
STN0258,EV Charging Station 258,Mysuru,Karnataka,12.313761,76.624653,Zeon Charging,Public,CCS2,60,393.08,CUST02596,Amritha Nair,6.88,2704.39,UPI
STN0061,EV Charging Station 061,Hubballi,Karnataka,15.373354,75.184852,Jio-bp,Private,CHAdeMO,150,686.62,CUST02597,Ravi Nair,5.78,3968.66,UPI
STN0183,EV Charging Station 183,Delhi,Delhi,28.599621,77.185351,Zeon Charging,Private,Type 2,30,128.73,CUST02598,Priya Nair,6.76,870.21,UPI
STN0381,EV Charging Station 381,Belagavi,Karnataka,15.869246,74.454298,ChargeZone,Commercial,GB/T,60,513.69,CUST02599,Kiran Nair,7.87,4042.74,UPI
STN0025,EV Charging Station 025,Hubballi,Karnataka,15.289134,75.086104,Jio-bp,Public,Type 2,7.2,30.3,CUST02600,Sneha Nair,3.09,93.63,Credit Card
STN0093,EV Charging Station 093,Kochi,Kerala,9.917767,76.234324,Ather Grid,Private,Type 2,50,433.14,CUST02601,Manoj Nair,6.45,2793.75,Debit Card
STN0016,EV Charging Station 016,Mysuru,Karnataka,12.332306,76.617767,Jio-bp,Commercial,CCS2,11,85.51,CUST02602,Divya Nair,1.03,88.08,Credit Card
STN0429,EV Charging Station 429,Pune,Maharashtra,18.505932,73.847093,,Public,CCS2,11,76.25,CUST02603,Suresh Nair,3.28,250.1,Debit Card
STN0373,EV Charging Station 373,Mysuru,Karnataka,12.348206,76.621594,Statiq,Public,CCS2,30,122.57,CUST02604,Lakshmi Nair,1.75,214.5,Debit Card
STN0320,EV Charging Station 320,Delhi,Delhi,28.670622,77.214831,Tata Power,Private,Type 2,22,113.29,CUST02605,Arun Kumar,1.07,121.22,UPI
STN0341,EV Charging Station 341,Kochi,Kerala,9.953774,76.289657,Tata Power,,CCS2,22,98.34,CUST02606,Anjali Kumar,5.4,531.04,Debit Card
STN0096,EV Charging Station 096,Hubballi,Karnataka,15.392891,75.101367,ChargeZone,Commercial,CCS2,30,158.65,CUST02607,Akhil Kumar,5.32,844.02,UPI
STN0209,EV Charging Station 209,Mumbai,Maharashtra,19.05082,72.886417,Jio-bp,Public,CHAdeMO,50,321.32,CUST02608,Amritha Kumar,3.71,1192.1,Wallet
STN0246,,Chennai,Tamil Nadu,13.072714,80.271072,Ather Grid,Public,CCS2,120,767.99,CUST02609,Ravi Kumar,1.15,883.19,UPI
STN0342,EV Charging Station 342,Delhi,Delhi,28.574795,77.187789,Tata Power,Public,CCS2,30,129.03,CUST02610,Priya Kumar,1.55,200,UPI
STN0251,EV Charging Station 251,Mangaluru,Karnataka,12.863571,74.822319,,Private,IEC 60309 3-pin,11,97.44,CUST02611,Kiran Kumar,4.19,408.27,Credit Card
STN0136,EV Charging Station 136,Delhi,Delhi,28.648718,77.158013,Zeon Charging,Public,Type 2,11,58.91,CUST02612,Sneha Kumar,5.01,295.14,UPI
STN0425,EV Charging Station 425,Bengaluru,Karnataka,12.995737,77.594321,ChargeZone,Public,Type 2,120,892.58,CUST02613,Manoj Kumar,6.54,5837.47,UPI
STN0363,EV Charging Station 363,Delhi,Delhi,28.573537,77.220492,Tata Power,Public,IEC 60309 3-pin,22,173.24,CUST02614,Divya Kumar,5.67,982.27,UPI
STN0035,EV Charging Station 035,Belagavi,Karnataka,15.815113,74.516801,ChargeZone,Public,Type 2,60,429.91,CUST02615,Suresh Kumar,2.92,1255.34,Wallet
STN0163,EV Charging Station 163,Mysuru,Karnataka,12.303546,76.65807,Tata Power,Commercial,CCS2,30,268.33,CUST02616,Lakshmi Kumar,4.68,1255.78,Credit Card
STN0275,EV Charging Station 275,Hubballi,Karnataka,15.437227,75.167233,Ather Grid,Public,CHAdeMO,7.2,46.57,CUST02617,Arun Sharma,4.14,192.8,Credit Card
STN0166,EV Charging Station 166,Kochi,Kerala,9.975572,76.248341,Jio-bp,Private,CCS2,7.2,68.44,CUST02618,Anjali Sharma,4.04,276.5,UPI
STN0279,EV Charging Station 279,Hyderabad,Telangana,17.351517,78.488884,ChargeZone,Commercial,CHAdeMO,11,80.89,CUST02619,Akhil Sharma,7.96,643.88,Credit Card
STN0093,EV Charging Station 093,Bengaluru,Karnataka,13.006394,77.614251,Zeon Charging,Commercial,CCS2,150,1313.74,CUST02620,Amritha Sharma,2.56,3363.17,Credit Card
STN0325,EV Charging Station 325,Delhi,Delhi,28.613218,77.244818,Ather Grid,Public,Type 2,7.2,55.44,CUST02621,Ravi Sharma,2.2,121.97,Debit Card
STN0385,EV Charging Station 385,Chennai,Tamil Nadu,13.183293,80.297793,Statiq,Public,Type 2,3.3,21.23,CUST02622,Priya Sharma,3.03,64.33,Debit Card
STN0270,EV Charging Station 270,Mysuru,Karnataka,12.227484,76.591816,Zeon Charging,Commercial,Type 2,50,317.21,CUST02623,Kiran Sharma,2,634.42,Wallet
STN0083,EV Charging Station 083,Belagavi,Karnataka,15.842582,74.485872,Ather Grid,Public,IEC 60309 3-pin,7.2,38.61,CUST02624,Sneha Sharma,1.94,74.9,UPI
STN0121,EV Charging Station 121,Bengaluru,Karnataka,13.019239,77.607176,Tata Power,Public,IEC 60309 3-pin,60,,CUST02625,Manoj Sharma,0.85,224.99,UPI
STN0460,EV Charging Station 460,Delhi,Delhi,28.540742,77.163377,Ather Grid,Commercial,CCS2,22,112.37,CUST02626,Divya Sharma,0.97,109,UPI
STN0355,EV Charging Station 355,Belagavi,Karnataka,15.865056,74.447144,Zeon Charging,Public,CCS2,50,431.17,CUST02627,Suresh Sharma,2.54,1095.17,Debit Card
STN0029,EV Charging Station 029,Delhi,Delhi,28.645401,77.191883,Statiq,Private,GB/T,30,228.21,CUST02628,Lakshmi Sharma,5.4,1232.33,Debit Card
STN0023,EV Charging Station 023,Bengaluru,Karnataka,12.968433,77.5811,Jio-bp,Public,CCS2,120,1117.32,CUST02629,Arun Reddy,3.49,3899.45,UPI
STN0179,EV Charging Station 179,Pune,Maharashtra,18.566115,73.792255,Jio-bp,Public,Type 2,120,613.87,CUST02630,Anjali Reddy,3.15,1933.69,UPI
STN0393,EV Charging Station 393,Bengaluru,Karnataka,12.939219,77.602321,Tata Power,Private,Type 2,7.2,29.43,CUST02631,Akhil Reddy,7,206.01,Credit Card
STN0185,EV Charging Station 185,Delhi,Delhi,28.542508,77.228303,Ather Grid,Commercial,CCS2,7.2,32.46,CUST02632,Amritha Reddy,2.19,71.09,Credit Card
STN0434,EV Charging Station 434,Hyderabad,Telangana,17.361603,78.460548,Ather Grid,Public,CCS2,7.2,51.64,CUST02633,Ravi Reddy,2.66,137.36,UPI
STN0117,EV Charging Station 117,Bengaluru,Karnataka,12.983345,77.639564,Ather Grid,Commercial,GB/T,22,112.3,CUST02634,Priya Reddy,3.3,370.59,Cash
STN0365,EV Charging Station 365,Hubballi,Karnataka,15.35907,75.139662,Ather Grid,Public,Type 2,7.2,31.65,CUST02635,Kiran Reddy,3.56,112.67,Wallet
STN0385,EV Charging Station 385,Belagavi,Karnataka,15.890336,74.495524,Statiq,Public,Type 2,11,93.37,CUST02636,Sneha Reddy,6.97,650.79,Cash
STN0339,EV Charging Station 339,Kochi,Kerala,9.92186,76.256402,Tata Power,Public,GB/T,22,211.7,CUST02637,Manoj Reddy,1.56,330.25,Credit Card
STN0216,EV Charging Station 216,Pune,Maharashtra,18.550222,73.910108,Zeon Charging,Public,CHAdeMO,50,431.29,CUST02638,Divya Reddy,3.52,1518.14,Debit Card
STN0324,EV Charging Station 324,Bengaluru,Karnataka,12.870524,77.538527,ChargeZone,Private,Type 2,7.2,71.42,CUST02639,Suresh Reddy,7.82,558.5,Debit Card
STN0325,EV Charging Station 325,Chennai,Tamil Nadu,13.107538,80.210807,Zeon Charging,Public,CCS2,11,48.56,CUST02640,Lakshmi Reddy,1.93,93.72,UPI
STN0046,EV Charging Station 046,Pune,Maharashtra,18.549803,73.866497,ChargeZone,Public,Type 2,22,148.19,CUST02641,Arun Patil,7.26,1075.86,UPI
STN0301,EV Charging Station 301,Pune,,18.453284,73.827258,Jio-bp,Public,Type 2,30,260.1,CUST02642,Anjali Patil,3.8,988.38,Credit Card
STN0273,EV Charging Station 273,Mumbai,Maharashtra,19.095091,72.890534,ChargeZone,Public,Type 2,120,852.44,CUST02643,Akhil Patil,4.42,3767.78,UPI
STN0174,EV Charging Station 174,Belagavi,Karnataka,15.942389,74.499243,Jio-bp,Commercial,CCS2,50,252.71,CUST02644,Amritha Patil,6.14,1551.64,UPI
STN0177,EV Charging Station 177,Mysuru,Karnataka,12.213786,76.640872,Zeon Charging,Public,CCS2,60,454.18,CUST02645,Ravi Patil,2.66,1208.12,Cash
STN0348,EV Charging Station 348,Bengaluru,Karnataka,12.967385,77.57892,Statiq,Public,CHAdeMO,150,1270.05,CUST02646,Priya Patil,2.2,2794.11,Debit Card
STN0008,EV Charging Station 008,Delhi,Delhi,28.615801,77.250707,Jio-bp,Public,CHAdeMO,60,416.7,CUST02647,Kiran Patil,2.72,1133.42,Cash
STN0434,EV Charging Station 434,Bengaluru,Karnataka,12.891734,77.60892,,Public,Type 2,30,134.06,CUST02648,Sneha Patil,3,402.18,Credit Card
STN0289,EV Charging Station 289,Chennai,Tamil Nadu,13.093979,80.264858,Ather Grid,Private,CCS2,22,176.39,CUST02649,Manoj Patil,4.58,807.87,Debit Card
STN0062,EV Charging Station 062,Belagavi,Karnataka,15.83712,74.468237,Tata Power,Private,CCS2,120,1080.46,CUST02650,Divya Patil,2.86,3090.12,UPI
STN0397,EV Charging Station 397,Mysuru,Karnataka,12.276775,76.619123,Zeon Charging,Private,CCS2,,165.86,CUST02651,Suresh Patil,1.67,276.99,Debit Card
STN0428,EV Charging Station 428,Kochi,Kerala,9.8958,76.260419,Statiq,Private,Type 2,120,670.29,CUST02652,Lakshmi Patil,6.68,4477.54,Credit Card
STN0325,EV Charging Station 325,Hubballi,Karnataka,15.331606,75.116616,Tata Power,Private,CCS2,150,1114.93,CUST02653,Arun Shetty,5.09,5674.99,Debit Card
STN0141,EV Charging Station 141,Kochi,Kerala,9.943885,76.220777,Statiq,Public,Type 2,120,717.86,CUST02654,Anjali Shetty,2.28,1636.72,UPI
STN0438,EV Charging Station 438,Mangaluru,Karnataka,12.909907,74.876383,ChargeZone,Public,CCS2,120,579.7,CUST02655,Akhil Shetty,3.71,,Credit Card
STN0029,EV Charging Station 029,Belagavi,Karnataka,15.85139,74.528883,Tata Power,Public,CHAdeMO,30,222.91,CUST02656,Amritha Shetty,2.28,508.23,Credit Card
STN0398,EV Charging Station 398,Hubballi,Karnataka,15.382556,75.193803,ChargeZone,Public,CHAdeMO,11,69.81,CUST02657,Ravi Shetty,1.51,105.41,
STN0175,EV Charging Station 175,Hubballi,Karnataka,15.362929,75.153421,Statiq,Public,GB/T,60,326.75,CUST02658,Priya Shetty,2.06,673.1,Debit Card
STN0461,EV Charging Station 461,Mangaluru,Karnataka,12.941808,74.843807,Zeon Charging,Public,Type 2,120,1097.74,CUST02659,Kiran Shetty,0.55,603.76,Debit Card
STN0152,EV Charging Station 152,Mysuru,Karnataka,12.302609,76.631827,ChargeZone,,Type 2,120,489.08,CUST02660,Sneha Shetty,3.37,1648.2,Credit Card
STN0309,EV Charging Station 309,Delhi,Delhi,28.606019,77.303382,Ather Grid,Public,GB/T,120,1169.9,CUST02661,Manoj Shetty,6.86,8025.51,UPI
STN0260,EV Charging Station 260,Mumbai,Maharashtra,19.104518,72.844451,Ather Grid,Private,Type 2,22,178.48,CUST02662,Divya Shetty,4.87,869.2,Debit Card
STN0314,EV Charging Station 314,Hyderabad,Telangana,17.46039,78.522855,Ather Grid,Commercial,IEC 60309 3-pin,7.2,52.6,CUST02663,Suresh Shetty,5.56,292.46,Credit Card
STN0013,EV Charging Station 013,Delhi,Delhi,28.596834,77.197735,Jio-bp,Public,Type 2,50,,CUST02664,Lakshmi Shetty,5.72,2644.87,UPI
STN0397,EV Charging Station 397,Pune,Maharashtra,18.528285,73.884917,Jio-bp,Private,Type 2,7.2,62.02,CUST02665,Arun Rao,2.42,150.09,Credit Card
STN0214,EV Charging Station 214,Delhi,Delhi,28.668587,77.200209,Statiq,Commercial,Type 2,22,192.49,CUST02666,Anjali Rao,3.07,590.94,Debit Card
STN0390,EV Charging Station 390,Belagavi,Karnataka,15.827618,74.492044,Statiq,Private,GB/T,120,498.74,CUST02667,Akhil Rao,2.83,1411.43,UPI
STN0304,EV Charging Station 304,Mangaluru,Karnataka,12.906175,74.896054,ChargeZone,Public,Type 2,7.2,55.55,CUST02668,Amritha Rao,4.48,248.86,Credit Card
STN0055,EV Charging Station 055,Mumbai,,19.12538,72.883675,Zeon Charging,Public,Type 2,30,225.57,CUST02669,Ravi Rao,7.31,1648.92,Credit Card
STN0148,EV Charging Station 148,Delhi,,28.635348,77.192684,Ather Grid,Public,CHAdeMO,,44.39,CUST02670,Priya Rao,7.11,315.61,Credit Card
STN0236,EV Charging Station 236,Bengaluru,Karnataka,12.989977,77.604252,Statiq,Public,GB/T,7.2,42.24,CUST02671,Kiran Rao,,100.11,UPI
STN0034,EV Charging Station 034,Bengaluru,Karnataka,12.951073,77.601143,Zeon Charging,Public,Type 2,60,559.9,CUST02672,Sneha Rao,4.4,2463.56,UPI
STN0449,EV Charging Station 449,Belagavi,Karnataka,15.91309,74.525268,Statiq,Private,CCS2,60,366.44,CUST02673,Manoj Rao,2.76,1011.37,UPI
STN0216,EV Charging Station 216,Kochi,Kerala,9.952136,76.255344,Jio-bp,Public,CCS2,120,1195.38,CUST02674,Divya Rao,6.77,8092.72,Debit Card
STN0359,EV Charging Station 359,Delhi,Delhi,28.63802,77.149936,Jio-bp,Public,CHAdeMO,7.2,48.73,CUST02675,Suresh Rao,2.15,104.77,Wallet
STN0423,EV Charging Station 423,Kochi,Kerala,10.014077,76.242503,Tata Power,Public,CCS2,60,277.65,CUST02676,Lakshmi Rao,3.17,880.15,UPI
STN0334,EV Charging Station 334,Hyderabad,Telangana,17.380723,78.471869,ChargeZone,Private,Type 2,50,391.87,CUST02677,Arun Iyer,0.64,,UPI
STN0340,EV Charging Station 340,Mysuru,Karnataka,12.312919,76.557689,Ather Grid,Commercial,CCS2,120,919.21,CUST02678,Anjali Iyer,1.18,1084.67,Debit Card
STN0023,,,Karnataka,15.840652,74.488698,Jio-bp,Public,GB/T,150,1159.66,CUST02679,Akhil Iyer,5.98,6934.77,Debit Card
STN0320,EV Charging Station 320,Mangaluru,Karnataka,12.967463,74.841872,Zeon Charging,Public,Type 2,120,1072.23,CUST02680,Amritha Iyer,5.03,5393.32,Credit Card
STN0061,EV Charging Station 061,Chennai,Tamil Nadu,13.071152,80.244343,ChargeZone,Public,IEC 60309 3-pin,30,267.84,CUST02681,Ravi Iyer,6.23,1668.64,UPI
STN0190,EV Charging Station 190,Chennai,Tamil Nadu,13.078057,80.237709,Tata Power,Public,Type 2,150,977.58,CUST02682,Priya Iyer,4.02,3929.87,Wallet
STN0388,EV Charging Station 388,Delhi,Delhi,28.543714,77.250663,Statiq,Public,CCS2,30,282.88,CUST02683,Kiran Iyer,6.94,1963.19,Debit Card
STN0069,EV Charging Station 069,Delhi,Delhi,28.638295,77.244494,Ather Grid,Private,CCS2,7.2,60.5,CUST02684,Sneha Iyer,7.95,480.98,UPI
STN0423,EV Charging Station 423,Mysuru,Karnataka,12.281841,76.678946,,Public,Type 2,11,57.91,CUST02685,Manoj Iyer,3.39,196.31,Cash
STN0336,EV Charging Station 336,Hyderabad,Telangana,17.424153,78.506534,Ather Grid,Public,CCS2,7.2,58.22,CUST02686,Divya Iyer,2.08,121.1,Credit Card
STN0106,EV Charging Station 106,Pune,Maharashtra,18.478889,73.807155,Jio-bp,Public,CCS2,7.2,29.85,CUST02687,Suresh Iyer,6.73,200.89,Credit Card
STN0173,EV Charging Station 173,Mumbai,Maharashtra,19.015333,72.811059,Ather Grid,Public,IEC 60309 3-pin,7.2,61.6,CUST02688,Lakshmi Iyer,3.98,245.17,Debit Card
STN0263,EV Charging Station 263,Chennai,Tamil Nadu,13.055529,80.301605,Jio-bp,Public,CHAdeMO,150,1273.79,CUST02689,Arun Nair,4.29,5464.56,Credit Card
STN0085,EV Charging Station 085,Hyderabad,Telangana,17.384648,78.523479,Statiq,Public,CCS2,30,137.51,CUST02690,Anjali Nair,3.68,506.04,UPI
STN0409,EV Charging Station 409,Pune,Maharashtra,18.497756,73.851934,Statiq,Public,GB/T,7.2,68.72,CUST02691,Akhil Nair,5.12,351.85,Wallet
STN0216,EV Charging Station 216,Mumbai,Maharashtra,19.094621,72.872095,Jio-bp,Private,Type 2,120,1021.45,CUST02692,Amritha Nair,3.1,3166.5,UPI
STN0091,EV Charging Station 091,Delhi,Delhi,28.598171,77.234591,Statiq,Public,IEC 60309 3-pin,150,1214.47,CUST02693,Ravi Nair,5.04,,UPI
STN0098,EV Charging Station 098,Hyderabad,Telangana,17.389735,78.518754,Zeon Charging,Public,GB/T,30,196,CUST02694,Priya Nair,7.62,1493.52,Debit Card
STN0310,EV Charging Station 310,Hubballi,Karnataka,15.471874,75.063475,Statiq,Public,Type 2,150,706.46,CUST02695,Kiran Nair,5.39,3807.82,Debit Card
STN0028,EV Charging Station 028,Bengaluru,Karnataka,13.000494,77.59975,Statiq,Commercial,GB/T,60,590.48,CUST02696,Sneha Nair,1.67,986.1,Cash
STN0458,EV Charging Station 458,Bengaluru,Karnataka,13.012842,77.529457,Ather Grid,Public,GB/T,7.2,66.59,CUST02697,Manoj Nair,7.32,487.44,UPI
STN0193,EV Charging Station 193,Mysuru,Karnataka,,76.607873,Statiq,Private,CCS2,30,265.86,CUST02698,Divya Nair,7.39,1964.71,Credit Card
STN0460,EV Charging Station 460,Chennai,Tamil Nadu,13.121037,80.277269,Jio-bp,Private,CCS2,7.2,47.62,CUST02699,Suresh Nair,0.96,45.72,UPI
STN0052,EV Charging Station 052,Chennai,,13.059519,80.320988,Ather Grid,Public,CCS2,7.2,53,CUST02700,Lakshmi Nair,2.78,147.34,Credit Card
STN0022,EV Charging Station 022,Mangaluru,Karnataka,,74.829776,Jio-bp,Private,CCS2,120,615.27,CUST02701,Arun Kumar,7.22,4442.25,UPI
STN0346,EV Charging Station 346,Mangaluru,Karnataka,12.882771,74.809297,Ather Grid,Public,CCS2,120,1185.12,CUST02702,Anjali Kumar,6.82,8082.52,UPI
STN0311,EV Charging Station 311,Belagavi,Karnataka,15.915144,74.458719,Jio-bp,Private,GB/T,120,948.83,CUST02703,Akhil Kumar,1.42,1347.34,Wallet
STN0067,EV Charging Station 067,Chennai,Tamil Nadu,13.127617,80.306602,Jio-bp,Public,CCS2,11,51.81,CUST02704,Amritha Kumar,7.91,409.82,Credit Card
STN0334,EV Charging Station 334,Delhi,Delhi,28.574393,77.174856,Tata Power,Public,IEC 60309 3-pin,60,566.09,CUST02705,Ravi Kumar,4.48,2536.08,Wallet
STN0252,EV Charging Station 252,Bengaluru,Karnataka,12.964697,77.619344,Jio-bp,Public,Type 2,120,1072.39,CUST02706,Priya Kumar,1.96,2101.88,Debit Card
STN0386,EV Charging Station 386,Delhi,Delhi,28.621248,77.128932,Ather Grid,Public,CCS2,60,398.73,CUST02707,Kiran Kumar,2.08,829.36,Credit Card
STN0358,EV Charging Station 358,Mangaluru,,12.920713,74.875119,Ather Grid,Public,CCS2,50,229.57,CUST02708,Sneha Kumar,3.79,870.07,Wallet
STN0278,EV Charging Station 278,Hyderabad,Telangana,17.334898,78.530924,Jio-bp,Public,Type 2,22,137.4,CUST02709,Manoj Kumar,4.88,670.51,UPI
STN0034,EV Charging Station 034,Bengaluru,Karnataka,12.981452,77.621423,Statiq,Public,CCS2,7.2,31.8,CUST02710,Divya Kumar,5.13,163.13,Debit Card
STN0490,EV Charging Station 490,Hubballi,Karnataka,15.36029,75.184333,ChargeZone,Public,CHAdeMO,150,1265.88,CUST02711,Suresh Kumar,1.93,2443.15,Credit Card
STN0014,EV Charging Station 014,Mysuru,Karnataka,12.300982,76.633079,Tata Power,Public,Type 2,60,459.29,CUST02712,Lakshmi Kumar,1.13,519,Wallet
STN0058,EV Charging Station 058,Belagavi,Karnataka,15.86776,74.493427,Ather Grid,Public,Type 2,7.2,65.56,CUST02713,Arun Sharma,4.12,270.11,Credit Card
STN0464,EV Charging Station 464,Mumbai,Maharashtra,19.141489,72.928324,Statiq,Private,CCS2,11,78.24,CUST02714,Anjali Sharma,3.82,298.88,Debit Card
STN0087,EV Charging Station 087,Belagavi,Karnataka,15.9008,74.511663,Jio-bp,Public,CHAdeMO,30,128.34,CUST02715,Akhil Sharma,4.99,640.42,Credit Card
STN0037,EV Charging Station 037,Mangaluru,Karnataka,12.899299,74.847673,ChargeZone,Public,Type 2,7.2,31.76,CUST02716,Amritha Sharma,1.88,59.71,Credit Card
STN0090,EV Charging Station 090,Bengaluru,Karnataka,12.989532,77.590276,Ather Grid,Public,Type 2,50,355.32,CUST02717,Ravi Sharma,1.49,529.43,UPI
STN0449,EV Charging Station 449,Mangaluru,Karnataka,12.892664,74.866807,ChargeZone,Public,Type 2,150,860.72,CUST02718,Priya Sharma,5.82,5009.39,UPI
STN0126,EV Charging Station 126,Mangaluru,Karnataka,12.906329,74.895126,ChargeZone,Public,CCS2,7.2,63.11,CUST02719,Kiran Sharma,5.1,321.86,Debit Card
STN0116,EV Charging Station 116,Pune,Maharashtra,18.453391,73.904215,Zeon Charging,Public,CCS2,150,1335.6,CUST02720,Sneha Sharma,5.87,7839.97,Debit Card
STN0347,EV Charging Station 347,Kochi,Kerala,9.956472,76.255439,Zeon Charging,Public,GB/T,50,258.48,CUST02721,Manoj Sharma,3.17,819.38,UPI
STN0418,EV Charging Station 418,Mumbai,Maharashtra,19.123453,72.855645,ChargeZone,Private,Type 2,150,1375.14,CUST02722,Divya Sharma,2.98,4097.92,UPI
STN0101,EV Charging Station 101,Hyderabad,Telangana,17.378805,78.469954,Jio-bp,Public,CCS2,22,219.32,CUST02723,Suresh Sharma,1.81,396.97,Wallet
STN0433,EV Charging Station 433,Hubballi,Karnataka,15.374951,75.140883,ChargeZone,Public,IEC 60309 3-pin,120,1196.69,CUST02724,Lakshmi Sharma,5.3,6342.46,UPI
STN0100,EV Charging Station 100,Mumbai,Maharashtra,19.129335,72.897944,Ather Grid,Private,Type 2,30,176.51,CUST02725,Arun Reddy,4.06,716.63,Credit Card
STN0213,EV Charging Station 213,Chennai,Tamil Nadu,13.007646,80.192551,Statiq,Public,Type 2,11,89.75,CUST02726,Anjali Reddy,1.97,176.81,UPI
STN0227,EV Charging Station 227,Mysuru,Karnataka,12.364575,76.623334,Tata Power,Public,CCS2,22,169.08,CUST02727,Akhil Reddy,1.76,297.58,Credit Card
STN0001,EV Charging Station 001,Belagavi,Karnataka,15.905382,74.512939,ChargeZone,Private,GB/T,22,125.64,CUST02728,Amritha Reddy,6.31,792.79,UPI
STN0032,EV Charging Station 032,Mumbai,Maharashtra,19.089947,72.923559,Ather Grid,Public,CCS2,22,107.63,CUST02729,Ravi Reddy,3.18,342.26,Credit Card
STN0375,EV Charging Station 375,Mysuru,Karnataka,12.287769,76.695812,Statiq,Public,CCS2,7.2,69.49,CUST02730,Priya Reddy,7.63,530.21,
STN0388,EV Charging Station 388,Chennai,Tamil Nadu,13.047743,80.270491,Tata Power,Commercial,Type 2,50,235.43,CUST02731,Kiran Reddy,0.56,131.84,Debit Card
STN0290,EV Charging Station 290,Mysuru,Karnataka,12.294341,76.593455,Jio-bp,Commercial,Type 2,22,118.67,CUST02732,Sneha Reddy,7.33,869.85,Debit Card
STN0419,EV Charging Station 419,Chennai,Tamil Nadu,13.120917,80.29062,ChargeZone,Public,IEC 60309 3-pin,50,347.9,CUST02733,Manoj Reddy,1.68,584.47,Credit Card
STN0135,EV Charging Station 135,Mumbai,Maharashtra,19.080085,72.884682,Statiq,Public,Type 2,120,482.83,CUST02734,Divya Reddy,3.21,1549.88,Credit Card
STN0391,EV Charging Station 391,Mangaluru,Karnataka,12.902071,74.896531,ChargeZone,Private,CHAdeMO,120,665.97,CUST02735,Suresh Reddy,1.7,1132.15,UPI
STN0208,EV Charging Station 208,Chennai,Tamil Nadu,13.049685,80.227686,Statiq,Public,Type 2,7.2,65.64,CUST02736,Lakshmi Reddy,1.47,96.49,Wallet
STN0254,EV Charging Station 254,Chennai,Tamil Nadu,13.067814,80.233191,Jio-bp,Public,IEC 60309 3-pin,22,151.06,CUST02737,Arun Patil,1.39,209.97,UPI
STN0283,EV Charging Station 283,Belagavi,Karnataka,15.839556,74.537291,Jio-bp,Public,Type 2,7.2,64.59,CUST02738,Anjali Patil,3.66,236.4,UPI
STN0285,EV Charging Station 285,Delhi,Delhi,28.622492,77.223794,ChargeZone,Private,CCS2,22,161.13,CUST02739,Akhil Patil,3.77,607.46,UPI
STN0276,EV Charging Station 276,Bengaluru,Karnataka,12.953357,77.652502,Tata Power,Public,CCS2,50,212.91,CUST02740,Amritha Patil,1.86,396.01,Debit Card
STN0374,EV Charging Station 374,Bengaluru,Karnataka,12.969108,77.546363,Jio-bp,Private,CCS2,30,217.79,CUST02741,Ravi Patil,7.82,1703.12,Debit Card
STN0090,EV Charging Station 090,Mangaluru,Karnataka,12.91544,74.872738,Statiq,Public,Type 2,60,525.14,CUST02742,Priya Patil,3,1575.42,UPI
STN0125,EV Charging Station 125,Chennai,Tamil Nadu,13.085974,80.285114,Jio-bp,Public,Type 2,30,273.84,CUST02743,Kiran Patil,2.17,594.23,Credit Card
STN0278,EV Charging Station 278,Bengaluru,Karnataka,12.959713,77.590217,Ather Grid,Public,CHAdeMO,7.2,38.84,CUST02744,Sneha Patil,0.73,28.35,Credit Card
STN0051,EV Charging Station 051,Bengaluru,Karnataka,12.976203,77.665507,ChargeZone,Private,Type 2,150,1273.18,CUST02745,Manoj Patil,5.64,7180.74,UPI
STN0059,EV Charging Station 059,Bengaluru,Karnataka,12.977311,77.622308,Tata Power,Public,CCS2,22,111.41,CUST02746,Divya Patil,5.69,633.92,UPI
STN0370,,Mysuru,Karnataka,12.299151,76.606303,Tata Power,Private,GB/T,30,212,CUST02747,Suresh Patil,7.28,1543.36,UPI
STN0205,EV Charging Station 205,Mangaluru,Karnataka,12.891035,74.871393,,Public,CHAdeMO,60,375.77,CUST02748,Lakshmi Patil,4.64,1743.57,UPI
STN0020,EV Charging Station 020,Delhi,Delhi,28.651209,77.208532,Tata Power,Public,Type 2,60,533.52,CUST02749,Arun Shetty,4.48,2390.17,Cash
STN0288,EV Charging Station 288,Mangaluru,Karnataka,12.860191,74.892944,Zeon Charging,Public,Type 2,30,148.3,CUST02750,Anjali Shetty,6.64,984.71,Credit Card
STN0338,EV Charging Station 338,Pune,Maharashtra,18.617789,73.856262,Tata Power,Commercial,CCS2,50,483.9,CUST02751,Akhil Shetty,2.15,1040.38,Wallet
STN0276,EV Charging Station 276,,Karnataka,12.28108,76.657145,Jio-bp,Public,CCS2,22,113.28,CUST02752,Amritha Shetty,,536.95,Credit Card
STN0286,EV Charging Station 286,Delhi,Delhi,28.568113,77.202028,Tata Power,Commercial,Type 2,7.2,34.75,CUST02753,Ravi Shetty,0.71,24.67,Debit Card
STN0186,EV Charging Station 186,Delhi,Delhi,28.646122,77.188623,Statiq,Private,Type 2,150,1394.49,CUST02754,Priya Shetty,4.71,6568.05,Credit Card
STN0054,EV Charging Station 054,Mysuru,Karnataka,12.313551,76.660774,Tata Power,Private,IEC 60309 3-pin,3.3,20.28,CUST02755,Kiran Shetty,2.11,42.79,UPI
STN0032,EV Charging Station 032,Mangaluru,Karnataka,12.923763,74.923591,Statiq,Public,CCS2,50,473.07,CUST02756,Sneha Shetty,4.85,2294.39,Credit Card
STN0289,EV Charging Station 289,Hyderabad,Telangana,17.387595,78.529559,Statiq,Public,Type 2,150,1150.37,CUST02757,Manoj Shetty,0.92,1058.34,UPI
STN0433,,Bengaluru,Karnataka,13.057412,,Zeon Charging,Public,CCS2,60,368.05,CUST02758,Divya Shetty,5.03,1851.29,Cash
STN0468,EV Charging Station 468,,Tamil Nadu,13.064375,80.30799,Zeon Charging,Public,Type 2,120,1000.44,CUST02759,Suresh Shetty,7.21,7213.17,UPI
STN0492,EV Charging Station 492,Hubballi,Karnataka,15.397705,75.135154,,Commercial,CCS2,22,138.99,CUST02760,Lakshmi Shetty,0.88,122.31,UPI
STN0362,EV Charging Station 362,Mangaluru,Karnataka,12.892717,74.792236,ChargeZone,Commercial,CCS2,11,80.31,CUST02761,Arun Rao,,220.85,UPI
STN0129,EV Charging Station 129,Mangaluru,Karnataka,12.944366,74.875585,Statiq,Commercial,,150,991.69,CUST02762,Anjali Rao,1.34,1328.86,Cash
STN0196,EV Charging Station 196,Pune,Maharashtra,18.480909,73.889468,Tata Power,Public,CCS2,120,840.38,CUST02763,Akhil Rao,6.02,5059.09,Debit Card
STN0335,EV Charging Station 335,Mangaluru,Karnataka,12.922108,74.846508,Ather Grid,Public,CCS2,7.2,34.58,CUST02764,Amritha Rao,4.36,150.77,Debit Card
STN0166,EV Charging Station 166,Kochi,Kerala,9.952861,76.26577,Statiq,Private,CCS2,22,207.27,CUST02765,Ravi Rao,6.14,1272.64,
STN0245,EV Charging Station 245,Mumbai,Maharashtra,19.144809,72.835696,Tata Power,Private,CHAdeMO,150,1064.61,CUST02766,Priya Rao,2.13,2267.62,UPI
STN0161,EV Charging Station 161,Delhi,,28.697716,77.194289,ChargeZone,Public,CHAdeMO,60,323.87,CUST02767,Kiran Rao,5.06,1638.78,Wallet
STN0316,EV Charging Station 316,Bengaluru,Karnataka,12.991371,77.594761,Zeon Charging,Public,Type 2,60,568.86,CUST02768,Sneha Rao,7.67,4363.16,Wallet
STN0083,EV Charging Station 083,Delhi,Delhi,28.5869,77.136539,Ather Grid,Private,CCS2,150,1280.14,CUST02769,Manoj Rao,2.67,3417.97,Debit Card
STN0407,EV Charging Station 407,Mysuru,Karnataka,12.304796,76.644091,Jio-bp,Public,Type 2,30,230.2,CUST02770,Divya Rao,5.25,1208.55,UPI
STN0216,EV Charging Station 216,Chennai,Tamil Nadu,13.082967,80.268986,Zeon Charging,Commercial,Type 2,7.2,37.54,CUST02771,Suresh Rao,6.38,239.51,UPI
STN0339,EV Charging Station 339,Mumbai,Maharashtra,19.141267,72.900028,ChargeZone,Commercial,GB/T,7.2,31.73,CUST02772,Lakshmi Rao,4.1,130.09,UPI
STN0049,EV Charging Station 049,Hyderabad,Telangana,17.382692,78.478885,ChargeZone,Public,CCS2,11,104.97,CUST02773,Arun Iyer,4.24,445.07,UPI
STN0312,EV Charging Station 312,Bengaluru,Karnataka,12.998288,77.606381,ChargeZone,Public,Type 2,60,329.19,CUST02774,Anjali Iyer,4.03,1326.64,Credit Card
STN0288,EV Charging Station 288,Bengaluru,Karnataka,12.987058,77.582245,Tata Power,Public,,7.2,49.73,CUST02775,Akhil Iyer,5.92,294.4,Wallet
STN0490,EV Charging Station 490,Bengaluru,Karnataka,13.032847,77.630561,Jio-bp,Public,CCS2,11,84.42,CUST02776,Amritha Iyer,6.36,536.91,UPI
STN0067,EV Charging Station 067,Delhi,Delhi,28.652245,77.16645,Ather Grid,Public,CCS2,60,358.47,CUST02777,Ravi Iyer,7.23,2591.74,Debit Card
STN0278,EV Charging Station 278,Hubballi,Karnataka,15.427952,75.122842,Tata Power,Commercial,CCS2,60,299.41,CUST02778,Priya Iyer,2.6,,Wallet
STN0348,EV Charging Station 348,Belagavi,Karnataka,15.834591,74.461106,ChargeZone,Private,CCS2,22,107.53,CUST02779,Kiran Iyer,6.56,705.4,UPI
STN0377,EV Charging Station 377,Hubballi,Karnataka,15.38199,75.098205,Tata Power,Private,CCS2,22,91.35,CUST02780,Sneha Iyer,,385.5,Debit Card
STN0021,EV Charging Station 021,Delhi,Delhi,28.587524,77.135739,Ather Grid,Private,,50,498.22,CUST02781,Manoj Iyer,3.84,1913.16,Debit Card
STN0219,EV Charging Station 219,Pune,Maharashtra,18.472638,73.800202,Statiq,Private,CHAdeMO,60,325.5,CUST02782,Divya Iyer,1.61,524.06,UPI
STN0114,EV Charging Station 114,Chennai,Tamil Nadu,13.140977,80.221318,Tata Power,Public,CHAdeMO,30,247.66,CUST02783,Suresh Iyer,7.8,1931.75,UPI
STN0495,EV Charging Station 495,Hubballi,Karnataka,15.38405,75.152285,Statiq,Public,Type 2,22,156.31,CUST02784,Lakshmi Iyer,6.01,939.42,UPI
STN0115,EV Charging Station 115,Mysuru,Karnataka,12.260403,76.679544,Jio-bp,Public,GB/T,60,470.78,CUST02785,Arun Nair,3.37,1586.53,UPI
STN0027,EV Charging Station 027,Delhi,Delhi,28.596754,77.181702,Tata Power,Public,CHAdeMO,22,172.84,CUST02786,Anjali Nair,5.22,902.22,Wallet
STN0374,EV Charging Station 374,Chennai,Tamil Nadu,13.101397,80.299308,ChargeZone,Public,CCS2,150,1385.01,CUST02787,Akhil Nair,3.91,5415.39,Wallet
STN0150,EV Charging Station 150,Kochi,Kerala,9.965802,76.307754,Tata Power,Public,Type 2,60,292.45,CUST02788,Amritha Nair,3.96,1158.1,Cash
STN0185,EV Charging Station 185,Hubballi,Karnataka,15.331622,75.103779,Zeon Charging,Public,Type 2,60,534.63,CUST02789,Ravi Nair,7.5,4009.72,Debit Card
STN0066,EV Charging Station 066,Bengaluru,Karnataka,12.989723,77.637953,ChargeZone,Public,,120,1166.94,CUST02790,Priya Nair,6.65,7760.15,UPI
STN0322,EV Charging Station 322,Hyderabad,Telangana,17.38122,78.478232,Zeon Charging,Public,Type 2,120,516.71,CUST02791,Kiran Nair,6.13,3167.43,Wallet
STN0269,EV Charging Station 269,Mysuru,Karnataka,12.266062,76.633668,Jio-bp,Public,GB/T,150,612.42,CUST02792,Sneha Nair,3.65,2235.33,UPI
STN0468,EV Charging Station 468,Mumbai,Maharashtra,19.090596,72.855355,Jio-bp,Commercial,CCS2,30,199.93,CUST02793,Manoj Nair,,1363.52,UPI
STN0163,EV Charging Station 163,Belagavi,Karnataka,,74.491621,Jio-bp,Public,Type 2,150,1334.03,CUST02794,Divya Nair,3.81,5082.65,UPI
STN0321,EV Charging Station 321,Mumbai,Maharashtra,,72.919231,Tata Power,Public,CCS2,22,91.2,CUST02795,Suresh Nair,6.55,597.36,UPI
STN0250,EV Charging Station 250,Kochi,Kerala,9.9715,76.272925,Zeon Charging,Public,GB/T,120,,CUST02796,Lakshmi Nair,5.42,5066.56,UPI
STN0340,EV Charging Station 340,Hyderabad,Telangana,17.391773,78.473617,Ather Grid,Public,CCS2,7.2,51.01,CUST02797,Arun Kumar,2.72,138.75,Wallet
STN0230,EV Charging Station 230,Mangaluru,Karnataka,12.913045,74.873098,ChargeZone,Public,Type 2,22,105.06,CUST02798,Anjali Kumar,7.46,783.75,UPI
STN0498,EV Charging Station 498,Mumbai,Maharashtra,19.059797,72.89083,Tata Power,Public,CCS2,50,393.4,CUST02799,Akhil Kumar,7.87,3096.06,UPI
STN0313,EV Charging Station 313,Hyderabad,Telangana,17.362772,78.51556,Statiq,Private,CCS2,30,250,CUST02800,Amritha Kumar,6.32,1580,Cash
STN0068,EV Charging Station 068,Hyderabad,Telangana,17.411683,78.446867,Tata Power,Private,CCS2,7.2,33.95,CUST02801,Ravi Kumar,7.7,261.42,Credit Card
STN0105,EV Charging Station 105,Bengaluru,Karnataka,12.984023,77.598224,Zeon Charging,Private,CCS2,7.2,52.47,CUST02802,Priya Kumar,4.02,210.93,Credit Card
STN0224,EV Charging Station 224,Hubballi,Karnataka,15.389682,75.145039,Tata Power,Private,CCS2,3.3,26.35,CUST02803,Kiran Kumar,4.22,111.2,UPI
STN0294,EV Charging Station 294,Hyderabad,Telangana,17.383767,78.510686,Ather Grid,Private,GB/T,3.3,19.6,CUST02804,Sneha Kumar,2.66,52.14,Credit Card
STN0142,EV Charging Station 142,Hubballi,Karnataka,15.386411,75.120527,Tata Power,Public,CCS2,7.2,37.69,CUST02805,Manoj Kumar,2.35,88.57,Debit Card
STN0037,EV Charging Station 037,Chennai,Tamil Nadu,13.029729,80.273249,Tata Power,Commercial,CCS2,,243.76,CUST02806,Divya Kumar,5.86,1428.43,Credit Card
STN0359,EV Charging Station 359,Chennai,Tamil Nadu,13.078036,80.29883,Jio-bp,Public,CHAdeMO,50,421.33,CUST02807,Suresh Kumar,2.53,1065.96,Credit Card
STN0228,EV Charging Station 228,Kochi,Kerala,9.929304,76.239822,Zeon Charging,Public,Type 2,7.2,35.37,CUST02808,,6.3,222.83,Cash
STN0305,EV Charging Station 305,Kochi,Kerala,9.915334,76.286968,ChargeZone,Public,CCS2,11,47.97,CUST02809,Arun Sharma,6.74,323.32,Wallet
STN0159,EV Charging Station 159,,Karnataka,12.339418,76.641771,Tata Power,Public,CCS2,7.2,65.82,CUST02810,Anjali Sharma,7.27,478.51,Credit Card
STN0202,EV Charging Station 202,Delhi,Delhi,28.625003,77.203949,Tata Power,Public,CHAdeMO,22,177.01,CUST02811,Akhil Sharma,2.7,477.93,Credit Card
STN0021,,Bengaluru,Karnataka,12.952432,77.642473,ChargeZone,Public,CCS2,50,387.85,CUST02812,Amritha Sharma,0.7,271.5,UPI
STN0230,EV Charging Station 230,Chennai,Tamil Nadu,13.110835,80.248883,ChargeZone,Private,Type 2,60,385.85,CUST02813,Ravi Sharma,1.1,424.44,UPI
STN0488,EV Charging Station 488,Pune,Maharashtra,18.502341,73.875443,Ather Grid,Public,Type 2,3.3,32.22,CUST02814,Priya Sharma,4.65,149.82,UPI
STN0093,EV Charging Station 093,Kochi,Kerala,9.968987,76.28089,Statiq,Public,Type 2,22,170.88,CUST02815,Kiran Sharma,2.49,425.49,UPI
STN0082,,Mumbai,Maharashtra,19.103837,72.868285,Zeon Charging,Public,Type 2,30,160.96,CUST02816,Sneha Sharma,2.56,412.06,UPI
STN0270,EV Charging Station 270,Mysuru,Karnataka,12.276011,76.690991,Jio-bp,Public,CCS2,22,104.5,CUST02817,Manoj Sharma,6.46,675.07,Credit Card
STN0439,EV Charging Station 439,Mangaluru,Karnataka,12.931273,74.822865,ChargeZone,Public,Type 2,7.2,49.78,CUST02818,Divya Sharma,6.26,311.62,UPI
STN0366,EV Charging Station 366,Pune,Maharashtra,18.523048,73.88144,ChargeZone,Private,Type 2,7.2,,CUST02819,Suresh Sharma,4.24,301.21,Wallet
STN0235,EV Charging Station 235,Pune,Maharashtra,18.561942,73.879565,Jio-bp,Private,CCS2,7.2,48.8,CUST02820,Lakshmi Sharma,4.23,206.42,UPI
STN0279,EV Charging Station 279,Belagavi,Karnataka,15.878311,74.464881,Jio-bp,Public,IEC 60309 3-pin,60,375.29,CUST02821,Arun Reddy,6.69,2510.69,Cash
STN0460,EV Charging Station 460,Chennai,Tamil Nadu,13.078059,80.299186,Tata Power,Public,Type 2,7.2,42.59,CUST02822,Anjali Reddy,2.01,85.61,Credit Card
STN0134,EV Charging Station 134,Delhi,Delhi,28.654488,77.234424,Tata Power,Public,GB/T,30,184.8,CUST02823,Akhil Reddy,1.02,188.5,UPI
STN0356,EV Charging Station 356,Mangaluru,Karnataka,12.961282,74.872304,Zeon Charging,Commercial,GB/T,120,934.96,CUST02824,Amritha Reddy,2.08,1944.72,UPI
STN0118,EV Charging Station 118,Belagavi,Karnataka,15.895978,74.524112,Jio-bp,Commercial,Type 2,60,464.33,CUST02825,Ravi Reddy,3.36,1560.15,Credit Card
STN0495,EV Charging Station 495,Chennai,Tamil Nadu,13.040347,80.183133,Zeon Charging,Public,CHAdeMO,120,1095.71,CUST02826,Priya Reddy,6.62,7253.6,Debit Card
STN0026,EV Charging Station 026,Chennai,Tamil Nadu,13.128205,80.258377,Tata Power,,GB/T,11,44.2,CUST02827,Kiran Reddy,4.67,,Credit Card
STN0116,EV Charging Station 116,Hubballi,Karnataka,15.317579,75.094734,Statiq,Public,CCS2,30,279.18,CUST02828,Sneha Reddy,3.93,1097.18,Credit Card
STN0052,EV Charging Station 052,Delhi,Delhi,28.592768,77.247069,Zeon Charging,Public,GB/T,120,943.63,CUST02829,Manoj Reddy,1.02,962.5,UPI
STN0427,EV Charging Station 427,Hubballi,Karnataka,15.347437,75.144528,Tata Power,Private,GB/T,7.2,31.14,CUST02830,Divya Reddy,0.77,23.98,Credit Card
STN0147,EV Charging Station 147,Kochi,Kerala,9.849731,76.288343,Statiq,Private,CHAdeMO,22,139.03,CUST02831,Suresh Reddy,6.76,939.84,UPI
STN0195,EV Charging Station 195,Pune,Maharashtra,18.490113,,Statiq,Public,GB/T,50,284.05,CUST02832,Lakshmi Reddy,7.39,2099.13,UPI
STN0287,EV Charging Station 287,Delhi,Delhi,28.607037,77.166714,Jio-bp,Public,Type 2,7.2,69.29,CUST02833,Arun Patil,5.45,377.63,UPI
STN0230,EV Charging Station 230,Kochi,Kerala,9.907186,76.330868,Statiq,Public,CCS2,,98.05,CUST02834,Anjali Patil,7.85,769.69,UPI
STN0345,EV Charging Station 345,Belagavi,Karnataka,15.809055,74.494026,Tata Power,Private,IEC 60309 3-pin,22,199.4,CUST02835,Akhil Patil,3.06,610.16,Credit Card
STN0047,EV Charging Station 047,Hyderabad,Telangana,17.375164,78.527382,Ather Grid,Commercial,Type 2,50,371.9,CUST02836,Amritha Patil,3.7,1376.03,Credit Card
STN0256,EV Charging Station 256,Kochi,Kerala,9.901006,76.259688,Jio-bp,Public,Type 2,30,256.92,CUST02837,Ravi Patil,2.26,580.64,Credit Card
STN0325,EV Charging Station 325,Chennai,Tamil Nadu,13.059343,80.335531,Jio-bp,Commercial,CHAdeMO,60,473.35,CUST02838,Priya Patil,6.61,3128.84,Credit Card
STN0315,EV Charging Station 315,Bengaluru,Karnataka,12.973441,77.580575,Zeon Charging,Commercial,CCS2,,991.7,CUST02839,Kiran Patil,4.2,4165.14,Wallet
STN0338,EV Charging Station 338,Delhi,Delhi,28.680034,77.264051,Zeon Charging,Commercial,CCS2,50,282.29,CUST02840,Sneha Patil,3.09,872.28,UPI
STN0221,EV Charging Station 221,Mangaluru,Karnataka,12.90647,74.901183,Tata Power,Private,Type 2,120,801.59,CUST02841,Manoj Patil,,649.29,UPI
STN0342,EV Charging Station 342,Delhi,Delhi,28.586464,,Zeon Charging,Private,IEC 60309 3-pin,60,242.18,CUST02842,Divya Patil,3.86,934.81,UPI
STN0370,EV Charging Station 370,Delhi,Delhi,28.615272,77.225182,Zeon Charging,Public,Type 2,7.2,66.81,CUST02843,Suresh Patil,,53.45,UPI
STN0426,EV Charging Station 426,Pune,Maharashtra,18.493323,73.899587,Jio-bp,Commercial,CCS2,30,183.21,CUST02844,Lakshmi Patil,2.08,381.08,UPI
STN0387,EV Charging Station 387,Mumbai,Maharashtra,19.167103,72.92024,ChargeZone,Public,IEC 60309 3-pin,120,977.51,CUST02845,Arun Shetty,6.41,6265.84,Credit Card
STN0243,EV Charging Station 243,Belagavi,Karnataka,15.853947,74.475872,Zeon Charging,Commercial,Type 2,60,319.16,CUST02846,Anjali Shetty,6.2,1978.79,UPI
STN0467,EV Charging Station 467,Mangaluru,Karnataka,12.887788,74.89966,Statiq,Public,CCS2,22,193.7,CUST02847,Akhil Shetty,5.65,1094.4,Debit Card
STN0283,EV Charging Station 283,Belagavi,Karnataka,15.844412,74.505084,Zeon Charging,Private,Type 2,30,213.34,CUST02848,Amritha Shetty,7.48,1595.78,Credit Card
STN0311,EV Charging Station 311,,Karnataka,15.836564,74.51111,,Public,CCS2,,52.26,CUST02849,Ravi Shetty,4.27,223.15,UPI
STN0350,EV Charging Station 350,Chennai,Tamil Nadu,13.034408,80.259362,Zeon Charging,Private,Type 2,7.2,37.57,CUST02850,Priya Shetty,3.8,142.77,UPI
STN0024,EV Charging Station 024,Kochi,Kerala,9.964913,76.276074,ChargeZone,Public,IEC 60309 3-pin,120,1153.71,CUST02851,Kiran Shetty,,1465.21,Credit Card
STN0429,EV Charging Station 429,Mumbai,Maharashtra,19.073132,72.858981,Jio-bp,Public,IEC 60309 3-pin,50,253.08,CUST02852,Sneha Shetty,3.42,865.53,Cash
STN0364,EV Charging Station 364,Mysuru,Karnataka,12.309338,76.62842,Tata Power,Public,CCS2,60,384.02,CUST02853,Manoj Shetty,,3068.32,UPI
STN0375,EV Charging Station 375,Mangaluru,Karnataka,12.909194,74.824355,Tata Power,Public,CCS2,150,1203.66,CUST02854,Divya Shetty,1.28,1540.68,Credit Card
STN0142,EV Charging Station 142,Hyderabad,Telangana,17.424394,78.507497,Tata Power,Public,Type 2,150,716.88,CUST02855,Suresh Shetty,0.78,559.17,Cash
STN0279,EV Charging Station 279,Kochi,Kerala,9.905706,76.267008,Jio-bp,Public,CHAdeMO,22,216.77,CUST02856,Lakshmi Shetty,5.89,1276.78,Credit Card
STN0489,EV Charging Station 489,Delhi,Delhi,28.581488,77.222951,Ather Grid,Public,IEC 60309 3-pin,7.2,55.78,CUST02857,Arun Rao,6.79,378.75,Debit Card
STN0072,EV Charging Station 072,Belagavi,Karnataka,15.872082,74.571529,Jio-bp,Public,IEC 60309 3-pin,60,405.45,CUST02858,Anjali Rao,3.09,1252.84,UPI
STN0189,EV Charging Station 189,Bengaluru,Karnataka,13.022382,77.627319,Tata Power,Private,IEC 60309 3-pin,30,273.05,CUST02859,Akhil Rao,0.87,237.55,UPI
STN0227,EV Charging Station 227,Kochi,Kerala,9.871444,76.294229,Statiq,Commercial,CCS2,22,185.55,CUST02860,Amritha Rao,7.43,1378.64,Credit Card
STN0468,EV Charging Station 468,Belagavi,Karnataka,15.842998,,,Public,IEC 60309 3-pin,150,897.6,CUST02861,Ravi Rao,3.97,3563.47,Wallet
STN0029,EV Charging Station 029,Hyderabad,Telangana,17.382582,78.514694,ChargeZone,Public,CCS2,50,460.81,CUST02862,Priya Rao,2.92,,UPI
STN0147,EV Charging Station 147,Chennai,Tamil Nadu,13.116985,80.243175,Ather Grid,Public,Type 2,,616.31,CUST02863,Kiran Rao,4.81,2964.45,Wallet
STN0326,EV Charging Station 326,Hyderabad,Telangana,17.385897,78.44615,Ather Grid,Public,IEC 60309 3-pin,11,54.44,CUST02864,Sneha Rao,4.15,225.93,Credit Card
STN0118,EV Charging Station 118,Mumbai,Maharashtra,19.100794,72.909229,Tata Power,Public,IEC 60309 3-pin,120,1074.11,CUST02865,Manoj Rao,4.16,4468.3,Credit Card
STN0075,EV Charging Station 075,Hyderabad,Telangana,17.393784,78.416009,Ather Grid,Public,CHAdeMO,50,415.64,CUST02866,Divya Rao,6.61,2747.38,UPI
STN0309,EV Charging Station 309,Belagavi,Karnataka,15.898178,74.508432,ChargeZone,Public,CCS2,7.2,68.9,CUST02867,Suresh Rao,3.56,,Debit Card
STN0137,EV Charging Station 137,Hubballi,Karnataka,15.37854,75.090644,Statiq,Public,CCS2,50,204.53,CUST02868,Lakshmi Rao,3.77,771.08,UPI
STN0357,EV Charging Station 357,Pune,Maharashtra,18.501663,73.902574,Jio-bp,Commercial,CCS2,7.2,47.86,CUST02869,Arun Iyer,4.06,194.31,UPI
STN0465,EV Charging Station 465,Mysuru,Karnataka,12.293249,76.676976,Tata Power,Public,IEC 60309 3-pin,50,323.78,CUST02870,Anjali Iyer,4.24,1372.83,UPI
STN0425,EV Charging Station 425,Belagavi,Karnataka,15.830299,74.546067,Statiq,Private,IEC 60309 3-pin,30,,CUST02871,Akhil Iyer,6.91,1169.86,Credit Card
STN0369,EV Charging Station 369,Hyderabad,Telangana,17.432271,78.416466,Jio-bp,Commercial,Type 2,7.2,59.7,CUST02872,Amritha Iyer,5.77,344.47,UPI
STN0404,EV Charging Station 404,Bengaluru,Karnataka,12.981562,77.595612,Jio-bp,Private,CCS2,11,105.53,CUST02873,Ravi Iyer,2.71,285.99,UPI
STN0075,EV Charging Station 075,Pune,Maharashtra,18.487772,73.915363,Ather Grid,Public,CHAdeMO,11,98,CUST02874,Priya Iyer,2.43,238.14,Credit Card
STN0232,EV Charging Station 232,Belagavi,Karnataka,15.80268,74.382565,Zeon Charging,Private,CCS2,22,188.69,CUST02875,Kiran Iyer,4.99,941.56,UPI
STN0100,EV Charging Station 100,Belagavi,Karnataka,15.825232,74.505995,Ather Grid,Private,CCS2,30,233.67,CUST02876,Sneha Iyer,2.35,549.12,UPI
STN0098,EV Charging Station 098,Mumbai,Maharashtra,19.038256,72.874514,ChargeZone,Private,GB/T,30,182.11,CUST02877,Manoj Iyer,1.64,298.66,Debit Card
STN0265,EV Charging Station 265,Hyderabad,Telangana,17.464075,78.493328,Jio-bp,Public,CCS2,60,382.99,CUST02878,Divya Iyer,3.69,1413.23,Credit Card
STN0426,EV Charging Station 426,Mangaluru,Karnataka,12.960645,74.818614,Ather Grid,Public,GB/T,22,195.86,CUST02879,Suresh Iyer,1.1,215.45,Debit Card
STN0095,EV Charging Station 095,Hyderabad,Telangana,17.35022,78.462361,Zeon Charging,Commercial,IEC 60309 3-pin,150,1040.78,CUST02880,Lakshmi Iyer,5.48,5703.47,UPI
STN0399,EV Charging Station 399,Chennai,Tamil Nadu,,80.230775,Jio-bp,Private,Type 2,7.2,57.85,CUST02881,Arun Nair,3.89,225.04,Wallet
STN0459,EV Charging Station 459,Mumbai,Maharashtra,19.094559,72.872597,Jio-bp,Public,GB/T,30,280.1,CUST02882,Anjali Nair,4.47,1252.05,Credit Card
STN0166,EV Charging Station 166,Bengaluru,Karnataka,12.975213,77.52256,Tata Power,Commercial,IEC 60309 3-pin,7.2,30.02,CUST02883,Akhil Nair,5.01,150.4,UPI
STN0456,EV Charging Station 456,Bengaluru,Karnataka,13.03639,77.603211,Statiq,Public,Type 2,60,512.85,CUST02884,Amritha Nair,1.8,923.13,UPI
STN0212,EV Charging Station 212,Chennai,Tamil Nadu,13.135309,80.276616,ChargeZone,Private,CCS2,11,94.61,CUST02885,Ravi Nair,5.76,544.95,UPI
STN0413,EV Charging Station 413,Mumbai,Maharashtra,19.028631,72.876213,Ather Grid,,Type 2,7.2,64.59,CUST02886,Priya Nair,1.54,99.47,Debit Card
STN0259,EV Charging Station 259,Hubballi,Karnataka,15.368115,75.076681,ChargeZone,Public,CCS2,30,131.3,CUST02887,Kiran Nair,6.62,869.21,UPI
STN0290,EV Charging Station 290,Mangaluru,Karnataka,12.939504,74.87718,Tata Power,Private,Type 2,120,807.5,CUST02888,Sneha Nair,6.2,5006.5,UPI
STN0094,EV Charging Station 094,Belagavi,Karnataka,15.813051,74.489653,Ather Grid,Private,IEC 60309 3-pin,30,205.7,CUST02889,Manoj Nair,6.19,1273.28,UPI
STN0357,EV Charging Station 357,Belagavi,Karnataka,15.81615,74.527278,Ather Grid,Public,CCS2,22,175.15,CUST02890,Divya Nair,0.54,94.58,UPI
STN0309,EV Charging Station 309,Mumbai,Maharashtra,19.048782,72.859936,ChargeZone,Commercial,Type 2,50,238.95,CUST02891,Suresh Nair,7.03,1679.82,Credit Card
STN0168,EV Charging Station 168,Mysuru,Karnataka,12.283836,76.646229,ChargeZone,Public,Type 2,22,210.98,CUST02892,Lakshmi Nair,3.75,791.18,UPI
STN0445,EV Charging Station 445,Mysuru,Karnataka,12.243794,76.719636,Zeon Charging,Commercial,CCS2,120,595.01,CUST02893,Arun Kumar,6.57,3909.22,UPI
STN0184,EV Charging Station 184,Chennai,Tamil Nadu,13.044535,80.315977,Statiq,Public,CHAdeMO,22,141.88,CUST02894,Anjali Kumar,2.45,347.61,Cash
STN0482,EV Charging Station 482,Pune,Maharashtra,18.51123,73.891354,Statiq,Public,Type 2,50,323.1,CUST02895,Akhil Kumar,5.29,1709.2,Credit Card
STN0379,EV Charging Station 379,Pune,Maharashtra,18.525696,73.876163,Zeon Charging,Commercial,CCS2,3.3,30.97,CUST02896,Amritha Kumar,6.18,191.39,UPI
STN0330,EV Charging Station 330,Bengaluru,Karnataka,12.981681,77.5494,Statiq,Public,CCS2,7.2,51.85,CUST02897,Ravi Kumar,4.61,239.03,Credit Card
STN0190,EV Charging Station 190,Hyderabad,Telangana,17.38716,78.514208,Jio-bp,Public,GB/T,11,52.93,CUST02898,Priya Kumar,1.27,67.22,Debit Card
STN0071,EV Charging Station 071,Belagavi,Karnataka,15.83596,74.592758,Statiq,Commercial,CCS2,60,419.3,CUST02899,Kiran Kumar,6.85,2872.2,Debit Card
STN0062,EV Charging Station 062,Hyderabad,Telangana,17.370182,78.54941,Jio-bp,Public,Type 2,3.3,29.12,CUST02900,Sneha Kumar,1.14,33.2,UPI
STN0441,EV Charging Station 441,Belagavi,Karnataka,15.753579,74.521405,Statiq,Public,IEC 60309 3-pin,50,263.51,CUST02901,Manoj Kumar,2.9,764.18,Credit Card
STN0390,EV Charging Station 390,Pune,Maharashtra,18.483876,73.834921,Jio-bp,Public,Type 2,50,393.24,CUST02902,Divya Kumar,6.2,2438.09,Credit Card
STN0298,EV Charging Station 298,Hubballi,Karnataka,15.329274,75.137566,Tata Power,Commercial,GB/T,50,398.74,CUST02903,Suresh Kumar,4.86,1937.88,UPI
STN0086,EV Charging Station 086,Belagavi,Karnataka,15.798758,74.44983,Jio-bp,Public,CCS2,22,133.54,CUST02904,Lakshmi Kumar,3.84,512.79,UPI
STN0241,EV Charging Station 241,Chennai,Tamil Nadu,13.104097,80.314465,Jio-bp,Public,Type 2,7.2,29.38,CUST02905,Arun Sharma,4.81,141.32,UPI
STN0396,EV Charging Station 396,Kochi,Kerala,9.976727,76.232283,Tata Power,Private,Type 2,11,97.08,CUST02906,Anjali Sharma,4.09,397.06,Credit Card
STN0458,EV Charging Station 458,Pune,Maharashtra,18.495261,73.848226,Zeon Charging,Public,Type 2,7.2,56.13,CUST02907,Akhil Sharma,3.88,217.78,Credit Card
STN0463,EV Charging Station 463,Delhi,Delhi,28.640501,77.164225,Ather Grid,Commercial,GB/T,7.2,53.65,CUST02908,Amritha Sharma,6.99,375.01,Credit Card
STN0180,EV Charging Station 180,Mangaluru,Karnataka,12.922833,74.84278,Jio-bp,Public,GB/T,50,240.43,CUST02909,Ravi Sharma,6.68,1606.07,UPI
STN0183,EV Charging Station 183,Chennai,Tamil Nadu,13.066404,80.245622,Statiq,Public,Type 2,50,361.51,CUST02910,,0.74,267.52,Credit Card
STN0424,EV Charging Station 424,Delhi,Delhi,28.621362,77.193694,Statiq,Public,CCS2,30,132.38,CUST02911,Kiran Sharma,4.75,,Credit Card
STN0478,EV Charging Station 478,Belagavi,Karnataka,15.876718,74.447673,Zeon Charging,Private,GB/T,30,132.33,CUST02912,Sneha Sharma,5.89,779.42,Credit Card
STN0021,EV Charging Station 021,Mangaluru,Karnataka,12.927545,74.791501,Tata Power,Public,GB/T,50,408.13,CUST02913,Manoj Sharma,3.76,1534.57,Credit Card
STN0329,EV Charging Station 329,Chennai,Tamil Nadu,13.063623,80.246036,Zeon Charging,Public,Type 2,150,737.37,CUST02914,Divya Sharma,5.01,3694.22,Wallet
STN0435,EV Charging Station 435,Mysuru,Karnataka,12.240935,76.602494,ChargeZone,Public,Type 2,7.2,55.15,CUST02915,Suresh Sharma,6.08,335.31,Credit Card
STN0268,EV Charging Station 268,Belagavi,Karnataka,15.824523,74.515957,Tata Power,Public,CCS2,150,1210.81,CUST02916,Lakshmi Sharma,5.02,6078.27,Credit Card
STN0398,EV Charging Station 398,Mangaluru,Karnataka,12.913765,74.842236,Tata Power,Private,Type 2,7.2,33.31,CUST02917,Arun Reddy,5.8,193.2,UPI
STN0341,EV Charging Station 341,Kochi,Kerala,9.970126,76.331578,Zeon Charging,Public,CCS2,120,1164.6,CUST02918,Anjali Reddy,5.48,6382.01,UPI
STN0293,EV Charging Station 293,Bengaluru,Karnataka,13.002465,77.603476,ChargeZone,Public,Type 2,7.2,70.42,CUST02919,Akhil Reddy,,337.31,Debit Card
STN0284,EV Charging Station 284,Bengaluru,Karnataka,12.982878,77.566643,Tata Power,Public,CHAdeMO,,67.16,CUST02920,Amritha Reddy,5.71,383.48,Debit Card
STN0485,EV Charging Station 485,Hubballi,Karnataka,15.364392,75.190114,Zeon Charging,Public,CCS2,30,171.19,CUST02921,Ravi Reddy,6.6,1129.85,UPI
STN0301,EV Charging Station 301,Delhi,Delhi,28.668811,77.216832,Ather Grid,Public,CCS2,7.2,62.19,CUST02922,Priya Reddy,5.33,,Credit Card
STN0050,EV Charging Station 050,Hubballi,Karnataka,15.368426,75.133808,Zeon Charging,Private,CCS2,50,407.28,CUST02923,Kiran Reddy,5.84,2378.52,Debit Card
STN0429,EV Charging Station 429,Kochi,Kerala,9.92618,76.28193,ChargeZone,Public,CCS2,120,1017.6,CUST02924,Sneha Reddy,3.87,3938.11,Wallet
STN0152,EV Charging Station 152,Bengaluru,Karnataka,12.958919,77.581214,ChargeZone,Public,Type 2,7.2,65.65,CUST02925,Manoj Reddy,2.62,172,Credit Card
STN0220,EV Charging Station 220,Hyderabad,Telangana,17.403623,78.500821,Statiq,Public,CCS2,50,456.91,CUST02926,Divya Reddy,2.32,1060.03,Debit Card
STN0182,EV Charging Station 182,Hyderabad,Telangana,17.374122,78.492605,Statiq,Public,CCS2,,54.52,CUST02927,Suresh Reddy,7.58,413.26,UPI
STN0316,EV Charging Station 316,Hyderabad,Telangana,17.340059,78.46488,Ather Grid,Commercial,GB/T,22,129.92,CUST02928,Lakshmi Reddy,2.34,304.01,Credit Card
STN0150,EV Charging Station 150,Chennai,Tamil Nadu,13.056524,80.320782,Ather Grid,Private,CCS2,11,68.72,CUST02929,Arun Patil,3.52,241.89,Credit Card
STN0136,EV Charging Station 136,Mangaluru,Karnataka,12.86765,74.859258,Tata Power,Commercial,CCS2,7.2,43.8,CUST02930,Anjali Patil,1.36,59.57,Credit Card
STN0293,EV Charging Station 293,Mysuru,Karnataka,12.264517,76.64919,Statiq,Commercial,CHAdeMO,60,481.71,CUST02931,Akhil Patil,1.22,587.69,UPI
STN0194,EV Charging Station 194,Belagavi,Karnataka,15.844677,74.45443,Jio-bp,Public,CCS2,7.2,60.23,CUST02932,Amritha Patil,2.84,171.05,UPI
STN0096,EV Charging Station 096,Kochi,Kerala,9.971594,76.284542,Statiq,Public,IEC 60309 3-pin,7.2,40.63,CUST02933,Ravi Patil,7.86,319.35,UPI
STN0374,EV Charging Station 374,Kochi,Kerala,9.919384,76.232662,Zeon Charging,Public,GB/T,3.3,,CUST02934,Priya Patil,7.05,200.36,UPI
STN0396,EV Charging Station 396,Mangaluru,Karnataka,12.908259,74.850434,Statiq,Public,IEC 60309 3-pin,120,964.52,CUST02935,Kiran Patil,0.84,810.2,Credit Card
STN0183,EV Charging Station 183,Delhi,Delhi,28.618093,77.177447,Jio-bp,,IEC 60309 3-pin,50,323.13,CUST02936,Sneha Patil,2.79,901.53,UPI
STN0042,EV Charging Station 042,Mumbai,Maharashtra,19.086665,72.873237,Ather Grid,Public,Type 2,150,889.42,CUST02937,Manoj Patil,4.93,4384.84,Cash
STN0051,EV Charging Station 051,Chennai,Tamil Nadu,13.045088,80.20231,Ather Grid,Private,CCS2,30,279.41,CUST02938,Divya Patil,6.04,1687.64,Debit Card
STN0445,EV Charging Station 445,Kochi,Kerala,9.981534,76.275437,Ather Grid,Public,Type 2,50,486.74,CUST02939,Suresh Patil,3.77,,UPI
STN0405,EV Charging Station 405,Kochi,Kerala,9.906134,76.22392,Tata Power,Public,CCS2,7.2,64.01,CUST02940,Lakshmi Patil,0.98,62.73,Credit Card
STN0458,EV Charging Station 458,Hyderabad,Telangana,17.367928,78.464584,Tata Power,Public,CCS2,7.2,54.46,CUST02941,Arun Shetty,3.56,193.88,Credit Card
STN0186,EV Charging Station 186,Pune,Maharashtra,18.529934,73.857718,Statiq,Public,GB/T,7.2,60.99,CUST02942,Anjali Shetty,1.61,98.19,Credit Card
STN0026,EV Charging Station 026,Hubballi,Karnataka,15.320186,75.124697,Jio-bp,Public,CCS2,7.2,42.19,CUST02943,Akhil Shetty,5.34,225.29,UPI
STN0265,EV Charging Station 265,Mysuru,Karnataka,12.29549,76.604949,Tata Power,Private,CCS2,50,381.71,CUST02944,Amritha Shetty,3.45,1316.9,UPI
STN0240,EV Charging Station 240,Mangaluru,Karnataka,12.939819,74.878985,Statiq,Public,GB/T,11,102.37,CUST02945,Ravi Shetty,4.37,447.36,UPI
STN0198,EV Charging Station 198,Mangaluru,Karnataka,12.887306,74.787522,Jio-bp,Commercial,IEC 60309 3-pin,7.2,57.56,CUST02946,Priya Shetty,7.05,405.8,UPI
STN0059,EV Charging Station 059,Mysuru,Karnataka,12.371094,76.644377,Jio-bp,Commercial,Type 2,150,711.58,CUST02947,Kiran Shetty,1.01,718.7,Wallet
STN0342,EV Charging Station 342,Mangaluru,Karnataka,12.958488,74.784963,Zeon Charging,Commercial,CCS2,60,567.28,CUST02948,Sneha Shetty,5.49,3114.37,UPI
STN0406,EV Charging Station 406,Hyderabad,Telangana,17.381023,78.58236,ChargeZone,Private,Type 2,150,1237.77,CUST02949,Manoj Shetty,5.4,6683.96,
STN0415,EV Charging Station 415,Pune,Maharashtra,18.509548,73.909156,Jio-bp,Public,Type 2,60,456.71,CUST02950,Divya Shetty,6.97,3183.27,UPI
STN0236,EV Charging Station 236,Chennai,Tamil Nadu,13.122289,80.285694,Statiq,Public,CCS2,30,184.99,CUST02951,Suresh Shetty,0.57,105.44,UPI
STN0045,,Mysuru,Karnataka,12.270934,76.644925,Jio-bp,Public,CCS2,150,827.36,CUST02952,Lakshmi Shetty,2.08,1720.91,UPI
STN0318,EV Charging Station 318,Hyderabad,Telangana,17.383179,78.439187,Jio-bp,Public,CCS2,120,997.09,CUST02953,Arun Rao,6.72,6700.44,Credit Card
STN0348,EV Charging Station 348,Bengaluru,Karnataka,12.987974,77.579513,Statiq,Public,Type 2,50,,CUST02954,Anjali Rao,1.4,542.29,Credit Card
STN0180,EV Charging Station 180,Pune,Maharashtra,18.489711,73.867087,Ather Grid,Public,GB/T,30,285.14,CUST02955,Akhil Rao,2.53,721.4,Cash
STN0319,EV Charging Station 319,Mangaluru,Karnataka,12.88684,74.835447,ChargeZone,Public,CHAdeMO,60,485.3,CUST02956,Amritha Rao,3.61,1751.93,UPI
STN0159,EV Charging Station 159,Mangaluru,Karnataka,12.833445,74.830983,ChargeZone,Public,Type 2,60,445.44,CUST02957,Ravi Rao,,3371.98,Wallet
STN0031,EV Charging Station 031,Mysuru,Karnataka,12.335781,,ChargeZone,Private,IEC 60309 3-pin,22,141.41,CUST02958,Priya Rao,6.3,890.88,Debit Card
STN0349,EV Charging Station 349,Mysuru,Karnataka,12.326499,76.589996,ChargeZone,Commercial,Type 2,150,1011.55,CUST02959,Kiran Rao,2.46,2488.41,UPI
STN0291,EV Charging Station 291,Belagavi,Karnataka,15.827081,74.498279,Jio-bp,Public,GB/T,7.2,40.74,CUST02960,Sneha Rao,2.12,86.37,Credit Card
STN0366,EV Charging Station 366,Delhi,Delhi,28.671485,77.192335,Ather Grid,Public,Type 2,22,143.77,CUST02961,Manoj Rao,1.67,240.1,Wallet
STN0484,EV Charging Station 484,Mysuru,Karnataka,12.309907,76.644236,Ather Grid,Public,CCS2,150,,CUST02962,Divya Rao,2.61,1928.95,UPI
STN0001,EV Charging Station 001,Bengaluru,Karnataka,12.989001,77.581094,Jio-bp,Public,GB/T,22,129.45,CUST02963,Suresh Rao,1.09,141.1,UPI
STN0260,EV Charging Station 260,Hubballi,Karnataka,15.3581,75.138031,ChargeZone,Private,Type 2,50,240.18,CUST02964,Lakshmi Rao,1.06,254.59,Debit Card
STN0025,EV Charging Station 025,Mumbai,Maharashtra,19.067686,72.93285,Statiq,Public,CCS2,22,132.32,CUST02965,Arun Iyer,6.16,815.09,Credit Card
STN0455,EV Charging Station 455,Chennai,Tamil Nadu,13.052308,80.28384,Ather Grid,Public,Type 2,50,486.5,CUST02966,Anjali Iyer,4.79,2330.34,UPI
STN0002,,Chennai,Tamil Nadu,,80.233446,ChargeZone,Public,Type 2,120,1138.51,CUST02967,Akhil Iyer,1.71,1946.85,UPI
STN0212,EV Charging Station 212,Mangaluru,Karnataka,12.856142,74.836495,Jio-bp,Public,CCS2,22,100.98,CUST02968,Amritha Iyer,4.37,441.28,UPI
STN0153,EV Charging Station 153,Chennai,Tamil Nadu,13.092308,80.25194,Tata Power,Commercial,Type 2,7.2,41.63,CUST02969,Ravi Iyer,0.97,40.38,UPI
STN0071,EV Charging Station 071,Chennai,Tamil Nadu,13.123666,80.211672,Tata Power,Public,CCS2,7.2,71.89,CUST02970,Priya Iyer,4.76,342.2,Debit Card
STN0498,EV Charging Station 498,Pune,Maharashtra,18.515013,73.877695,Zeon Charging,Public,CCS2,50,472.05,CUST02971,Kiran Iyer,4.23,,Credit Card
STN0456,EV Charging Station 456,Belagavi,Karnataka,15.816442,74.488876,ChargeZone,Public,Type 2,7.2,57.6,CUST02972,Sneha Iyer,4.84,278.78,UPI
STN0168,EV Charging Station 168,Hubballi,Karnataka,15.312889,75.163272,Jio-bp,Public,Type 2,30,134.07,CUST02973,Manoj Iyer,2.92,391.48,UPI
STN0012,EV Charging Station 012,,Tamil Nadu,13.108931,80.256267,Statiq,,CHAdeMO,11,60.85,CUST02974,Divya Iyer,1.33,80.93,Debit Card
STN0052,EV Charging Station 052,Hubballi,Karnataka,15.381567,75.14278,Zeon Charging,Commercial,CCS2,120,587.07,CUST02975,Suresh Iyer,3.57,2095.84,Debit Card
STN0309,EV Charging Station 309,Belagavi,Karnataka,15.78458,74.513747,Jio-bp,Public,CCS2,150,1278.15,CUST02976,Lakshmi Iyer,7.61,9726.72,
STN0010,EV Charging Station 010,Pune,Maharashtra,18.50592,73.841344,Ather Grid,Commercial,Type 2,50,326.71,CUST02977,Arun Nair,3.47,1133.68,UPI
STN0263,EV Charging Station 263,Mumbai,Maharashtra,19.036963,72.902296,Ather Grid,Commercial,Type 2,120,1027.9,CUST02978,Anjali Nair,2.67,2744.49,UPI
STN0243,EV Charging Station 243,Bengaluru,Karnataka,12.947642,77.557007,ChargeZone,Public,GB/T,7.2,41.52,CUST02979,Akhil Nair,7.82,324.69,Debit Card
STN0346,EV Charging Station 346,Belagavi,Karnataka,15.802593,74.497718,Tata Power,Commercial,CCS2,11,106.26,CUST02980,Amritha Nair,1.54,163.64,Wallet
STN0033,EV Charging Station 033,Belagavi,Karnataka,15.885759,,ChargeZone,Public,CCS2,30,,CUST02981,Ravi Nair,7.01,1886.88,Credit Card
STN0328,EV Charging Station 328,Delhi,Delhi,28.630893,77.169965,Jio-bp,Public,Type 2,7.2,67.5,CUST02982,Priya Nair,2.22,149.85,UPI
STN0191,EV Charging Station 191,Mangaluru,Karnataka,12.96179,74.822274,Zeon Charging,Public,CCS2,50,300.12,CUST02983,Kiran Nair,7.37,2211.88,UPI
STN0177,EV Charging Station 177,Belagavi,Karnataka,15.843093,74.500422,ChargeZone,Private,CHAdeMO,60,454.25,CUST02984,Sneha Nair,2.23,1012.98,Credit Card
STN0258,EV Charging Station 258,Hyderabad,Telangana,17.427445,78.44938,Ather Grid,Public,IEC 60309 3-pin,11,50.31,CUST02985,Manoj Nair,7.13,358.71,UPI
STN0224,EV Charging Station 224,Hyderabad,Telangana,17.387385,78.409988,Zeon Charging,Public,CCS2,22,216.66,CUST02986,Divya Nair,5.89,1276.13,Credit Card
STN0072,EV Charging Station 072,Delhi,Delhi,28.627249,77.249972,Ather Grid,Private,Type 2,7.2,56.3,CUST02987,Suresh Nair,3.37,189.73,Debit Card
STN0331,EV Charging Station 331,Pune,Maharashtra,18.594643,73.800579,ChargeZone,Public,CCS2,150,1046.6,CUST02988,Lakshmi Nair,2.85,2982.81,Credit Card
STN0092,EV Charging Station 092,Mysuru,Karnataka,12.280327,76.601787,Jio-bp,Public,Type 2,120,1179.36,CUST02989,Arun Kumar,2.31,2724.32,UPI
STN0379,EV Charging Station 379,Hyderabad,Telangana,17.335043,78.439754,Zeon Charging,Public,Type 2,7.2,36.64,CUST02990,Anjali Kumar,,85,UPI
STN0062,EV Charging Station 062,Kochi,Kerala,9.945756,76.347379,Statiq,Public,GB/T,22,170.09,CUST02991,Akhil Kumar,3.35,,Credit Card
STN0286,EV Charging Station 286,Hubballi,Karnataka,15.375268,75.114343,Statiq,Private,Type 2,11,77.64,CUST02992,Amritha Kumar,1.24,96.27,Debit Card
STN0327,EV Charging Station 327,Hubballi,Karnataka,15.397836,75.067092,Jio-bp,Public,CCS2,11,86.86,CUST02993,Ravi Kumar,3.09,268.4,UPI
STN0227,EV Charging Station 227,Kochi,Kerala,9.947416,76.223337,Jio-bp,Commercial,Type 2,60,437.84,CUST02994,Priya Kumar,7.3,3196.23,Credit Card
STN0081,EV Charging Station 081,Hubballi,Karnataka,15.321421,75.127999,Zeon Charging,,Type 2,,438.02,CUST02995,Kiran Kumar,6.08,2663.16,Credit Card
STN0430,EV Charging Station 430,Delhi,Delhi,28.599594,77.207178,Statiq,Public,GB/T,11,67.21,CUST02996,Sneha Kumar,1.56,104.85,UPI
STN0415,EV Charging Station 415,Belagavi,Karnataka,15.847845,74.501665,Tata Power,Public,Type 2,120,781.67,CUST02997,Manoj Kumar,2.16,1688.41,Credit Card
STN0160,EV Charging Station 160,Mysuru,Karnataka,12.257298,76.634198,Zeon Charging,Public,CCS2,11,62.63,CUST02998,Divya Kumar,2.72,170.35,Wallet
STN0396,EV Charging Station 396,Kochi,Kerala,9.978013,76.277215,Ather Grid,Public,CCS2,150,1153.33,CUST02999,Suresh Kumar,6.65,7669.64,Credit Card
STN0180,EV Charging Station 180,Bengaluru,Karnataka,12.941926,77.560877,Jio-bp,Commercial,CCS2,150,691.93,CUST03000,Lakshmi Kumar,1.16,802.64,Debit Card
STN0319,EV Charging Station 319,Mumbai,Maharashtra,19.065424,72.925897,ChargeZone,Commercial,CHAdeMO,11,74.44,CUST03001,Arun Sharma,6.49,483.12,UPI
STN0425,EV Charging Station 425,Hyderabad,Telangana,17.41319,78.443372,Zeon Charging,Private,Type 2,150,875.64,CUST03002,,2.03,1777.55,Debit Card
STN0260,EV Charging Station 260,Hubballi,Karnataka,15.352487,75.168675,Zeon Charging,Private,Type 2,3.3,32.61,CUST03003,Akhil Sharma,1.77,57.72,Credit Card
STN0204,EV Charging Station 204,Hyderabad,Telangana,17.322499,78.471887,Ather Grid,Public,CCS2,7.2,59.77,CUST03004,Amritha Sharma,2.44,145.84,Debit Card
STN0087,EV Charging Station 087,Hubballi,Karnataka,15.418436,75.058383,ChargeZone,Private,Type 2,22,208.08,CUST03005,Ravi Sharma,0.63,131.09,Debit Card
STN0013,EV Charging Station 013,Delhi,Delhi,28.593709,77.218747,Statiq,Public,GB/T,22,215.81,CUST03006,Priya Sharma,5.66,1221.48,Wallet
STN0398,EV Charging Station 398,Kochi,Kerala,9.98293,76.257095,Ather Grid,Private,Type 2,50,478.74,CUST03007,Kiran Sharma,6.25,2992.12,UPI
STN0286,EV Charging Station 286,Hyderabad,Telangana,17.449347,78.464454,Zeon Charging,Public,CCS2,30,151.55,CUST03008,Sneha Sharma,4.36,660.76,Credit Card
STN0391,EV Charging Station 391,Mangaluru,Karnataka,12.924043,74.907246,ChargeZone,Public,CHAdeMO,30,254.03,CUST03009,Manoj Sharma,4.19,1064.39,UPI
STN0270,EV Charging Station 270,Pune,Maharashtra,18.555787,73.847064,ChargeZone,Private,CCS2,11,97.85,CUST03010,Divya Sharma,2.65,259.3,UPI
STN0441,EV Charging Station 441,Chennai,Tamil Nadu,13.135585,80.274028,Ather Grid,Public,Type 2,120,900.11,CUST03011,Suresh Sharma,7.07,6363.78,UPI
STN0051,EV Charging Station 051,Chennai,Tamil Nadu,13.11818,80.252047,Zeon Charging,Public,CHAdeMO,30,236.77,CUST03012,Lakshmi Sharma,2.37,561.14,UPI
STN0086,EV Charging Station 086,Hyderabad,Telangana,17.34952,78.55346,ChargeZone,Commercial,Type 2,50,266.81,CUST03013,Arun Reddy,5.36,1430.1,Credit Card
STN0439,EV Charging Station 439,Delhi,Delhi,28.62786,77.214099,Statiq,Private,Type 2,30,222.8,CUST03014,Anjali Reddy,1.37,305.24,Credit Card
STN0339,EV Charging Station 339,Hyderabad,Telangana,17.379705,78.456089,Jio-bp,Commercial,Type 2,7.2,40.69,CUST03015,Akhil Reddy,4.84,,Debit Card
STN0080,EV Charging Station 080,Mangaluru,Karnataka,12.973152,74.898949,ChargeZone,Private,CCS2,30,279.61,CUST03016,Amritha Reddy,,1207.92,UPI
STN0111,EV Charging Station 111,Hubballi,Karnataka,15.331884,75.127118,Jio-bp,Public,CHAdeMO,11,63.32,CUST03017,Ravi Reddy,7.75,490.73,Credit Card
STN0085,EV Charging Station 085,Belagavi,Karnataka,15.855672,74.566644,ChargeZone,Private,Type 2,60,240.84,CUST03018,Priya Reddy,2.58,621.37,Wallet
STN0078,EV Charging Station 078,Chennai,Tamil Nadu,13.013852,80.236061,Zeon Charging,Public,Type 2,7.2,59.01,CUST03019,Kiran Reddy,1.28,75.53,Wallet
STN0307,EV Charging Station 307,Delhi,Delhi,28.588461,77.189433,Jio-bp,Public,Type 2,50,468.78,CUST03020,Sneha Reddy,4.38,2053.26,Cash
STN0279,EV Charging Station 279,Kochi,Kerala,9.931472,76.283829,Zeon Charging,Public,CHAdeMO,120,978.2,CUST03021,Manoj Reddy,4.91,4802.96,Credit Card
STN0459,EV Charging Station 459,Chennai,Tamil Nadu,13.076977,80.275913,Statiq,Public,CCS2,120,963.01,CUST03022,Divya Reddy,3.17,3052.74,UPI
STN0196,EV Charging Station 196,Hyderabad,Telangana,17.485618,78.479693,Ather Grid,Public,CCS2,22,183,CUST03023,Suresh Reddy,6.87,1257.21,Cash
STN0051,EV Charging Station 051,Bengaluru,Karnataka,12.981303,77.607537,Statiq,,CCS2,120,675.11,CUST03024,Lakshmi Reddy,0.74,499.58,UPI
STN0199,EV Charging Station 199,Delhi,Delhi,28.640127,77.143096,Jio-bp,Public,Type 2,60,290.47,CUST03025,Arun Patil,7.53,2187.24,
STN0471,EV Charging Station 471,Hubballi,Karnataka,15.3432,75.098948,ChargeZone,Private,CCS2,150,719.54,CUST03026,Anjali Patil,7.87,5662.78,Credit Card
STN0001,EV Charging Station 001,Bengaluru,Karnataka,12.988848,77.642174,,Private,CHAdeMO,120,886,CUST03027,Akhil Patil,3.91,3464.26,Credit Card
STN0056,EV Charging Station 056,Mangaluru,Karnataka,12.937577,74.813362,Ather Grid,Public,Type 2,50,377.62,CUST03028,Amritha Patil,0.83,313.42,UPI
STN0301,EV Charging Station 301,,Karnataka,12.928706,74.802127,ChargeZone,Private,,60,482.28,CUST03029,Ravi Patil,4.38,2112.39,UPI
STN0350,EV Charging Station 350,Hubballi,Karnataka,15.362774,75.056024,Statiq,Public,Type 2,50,226.27,CUST03030,Priya Patil,6.78,1534.11,Credit Card
STN0123,EV Charging Station 123,Kochi,Kerala,9.978243,76.279424,ChargeZone,Commercial,IEC 60309 3-pin,150,1171.48,CUST03031,Kiran Patil,2.89,3385.58,Wallet
STN0433,EV Charging Station 433,Kochi,Kerala,9.973441,76.269372,Zeon Charging,Public,Type 2,7.2,62.1,CUST03032,Sneha Patil,5.53,343.41,Credit Card
STN0336,EV Charging Station 336,Delhi,Delhi,28.578511,77.188153,Statiq,Public,Type 2,22,99.03,CUST03033,Manoj Patil,4.31,426.82,UPI
STN0201,EV Charging Station 201,Pune,Maharashtra,18.483711,73.8163,ChargeZone,Public,GB/T,22,173.32,CUST03034,Divya Patil,0.57,98.79,UPI
STN0486,EV Charging Station 486,Bengaluru,Karnataka,12.982635,77.58244,Zeon Charging,Private,GB/T,22,92.17,CUST03035,Suresh Patil,1.02,94.01,UPI
STN0159,EV Charging Station 159,Mangaluru,Karnataka,12.827191,74.827115,Ather Grid,Public,GB/T,120,494.63,CUST03036,Lakshmi Patil,5.18,2562.18,UPI
STN0403,EV Charging Station 403,Bengaluru,Karnataka,12.980452,77.563736,Statiq,Public,Type 2,50,269.86,CUST03037,Arun Shetty,4.1,1106.43,UPI
STN0154,EV Charging Station 154,Hyderabad,Telangana,17.414925,78.501714,Zeon Charging,Public,IEC 60309 3-pin,50,317.08,CUST03038,Anjali Shetty,6.1,1934.19,Credit Card
STN0021,EV Charging Station 021,Mangaluru,Karnataka,12.9264,74.844985,Tata Power,Public,Type 2,11,55.62,CUST03039,Akhil Shetty,2.48,137.94,Credit Card
STN0066,EV Charging Station 066,Mumbai,Maharashtra,19.122834,72.874065,ChargeZone,Public,Type 2,3.3,23.2,CUST03040,Amritha Shetty,2.55,59.16,UPI
STN0253,EV Charging Station 253,Delhi,Delhi,28.613384,77.233407,Ather Grid,Public,CHAdeMO,7.2,58.1,CUST03041,Ravi Shetty,4.59,266.68,Debit Card
STN0074,EV Charging Station 074,Mumbai,Maharashtra,19.09317,72.868196,Zeon Charging,Public,Type 2,60,518.92,CUST03042,Priya Shetty,5.88,3051.25,UPI
STN0052,EV Charging Station 052,,Karnataka,15.825728,74.476556,Ather Grid,Public,CCS2,30,289.38,CUST03043,Kiran Shetty,3.59,1038.87,UPI
STN0029,EV Charging Station 029,Mysuru,Karnataka,12.340775,76.66438,Tata Power,Private,Type 2,120,505.71,CUST03044,Sneha Shetty,6.7,3388.26,Cash
STN0077,EV Charging Station 077,Mangaluru,Karnataka,12.954098,74.874067,Tata Power,Commercial,CCS2,50,437.07,CUST03045,Manoj Shetty,3.85,1682.72,Debit Card
STN0196,EV Charging Station 196,Hyderabad,Telangana,17.42355,78.467438,Tata Power,Public,CCS2,7.2,59.87,CUST03046,Divya Shetty,7.35,440.04,UPI
STN0357,EV Charging Station 357,Hyderabad,Telangana,17.264278,78.46831,ChargeZone,Public,Type 2,50,291.54,CUST03047,Suresh Shetty,6.31,1839.62,Credit Card
STN0107,EV Charging Station 107,Belagavi,Karnataka,15.859671,74.468074,Zeon Charging,Public,CCS2,22,89.98,CUST03048,Lakshmi Shetty,5.47,492.19,Debit Card
STN0008,EV Charging Station 008,Hubballi,Karnataka,15.356873,75.117442,Ather Grid,Private,Type 2,60,251.91,CUST03049,Arun Rao,6.51,1639.93,Wallet
STN0480,EV Charging Station 480,Hubballi,Karnataka,15.336408,75.129503,Zeon Charging,Public,Type 2,7.2,36.15,CUST03050,Anjali Rao,2.89,104.47,Credit Card
STN0389,EV Charging Station 389,Bengaluru,Karnataka,12.991059,77.564341,Statiq,Public,Type 2,7.2,63.7,CUST03051,Akhil Rao,5.72,364.36,UPI
STN0423,EV Charging Station 423,Pune,Maharashtra,18.474916,73.872412,ChargeZone,Commercial,CCS2,7.2,54.55,CUST03052,Amritha Rao,6.89,375.85,UPI
STN0212,EV Charging Station 212,Belagavi,Karnataka,15.824526,74.467654,ChargeZone,Public,Type 2,30,272.54,CUST03053,Ravi Rao,6.3,1717,Wallet
STN0256,EV Charging Station 256,Delhi,Delhi,28.609614,77.175533,ChargeZone,Public,Type 2,60,260.61,CUST03054,Priya Rao,4.3,1120.62,UPI
STN0210,EV Charging Station 210,Pune,,18.554037,73.836652,Tata Power,Public,IEC 60309 3-pin,11,103.01,CUST03055,Kiran Rao,2.68,276.07,Credit Card
STN0418,EV Charging Station 418,Mangaluru,Karnataka,12.910485,74.854884,Tata Power,Public,Type 2,7.2,47.32,CUST03056,Sneha Rao,0.63,29.81,Wallet
STN0358,EV Charging Station 358,Hyderabad,Telangana,17.311262,78.530306,Zeon Charging,Public,CHAdeMO,120,932.63,CUST03057,Manoj Rao,1.02,951.28,Credit Card
STN0422,EV Charging Station 422,Kochi,Kerala,9.889052,76.23087,Zeon Charging,Private,GB/T,50,408.99,CUST03058,Divya Rao,1.08,441.71,UPI
STN0264,EV Charging Station 264,Delhi,Delhi,28.607656,77.244258,Zeon Charging,Private,Type 2,150,1312.87,CUST03059,Suresh Rao,3.28,4306.21,UPI
STN0127,EV Charging Station 127,Pune,Maharashtra,18.573657,73.851714,Jio-bp,Public,Type 2,150,604.43,CUST03060,Lakshmi Rao,7.33,4430.47,UPI
STN0273,EV Charging Station 273,Bengaluru,Karnataka,12.938005,77.550301,Tata Power,Commercial,Type 2,30,,CUST03061,Arun Iyer,1.95,408.56,UPI
STN0224,EV Charging Station 224,Bengaluru,Karnataka,12.984352,77.57708,Ather Grid,,CCS2,11,72.08,CUST03062,Anjali Iyer,2.07,149.21,UPI
STN0184,EV Charging Station 184,Hubballi,Karnataka,15.370007,75.18177,Statiq,Commercial,Type 2,7.2,47.41,CUST03063,Akhil Iyer,4.33,205.29,UPI
STN0264,EV Charging Station 264,Belagavi,Karnataka,15.797275,74.555705,Statiq,Public,CCS2,120,1005.48,CUST03064,Amritha Iyer,7.8,7842.74,UPI
STN0467,EV Charging Station 467,Pune,Maharashtra,18.454155,73.848697,Jio-bp,Public,CCS2,7.2,49.65,CUST03065,Ravi Iyer,4.65,230.87,Credit Card
STN0263,EV Charging Station 263,Kochi,Kerala,9.95618,76.284597,Ather Grid,Private,Type 2,60,498.01,CUST03066,Priya Iyer,5.48,2729.09,Wallet
STN0064,,Bengaluru,Karnataka,12.981786,77.555856,Jio-bp,Public,CCS2,60,401.41,CUST03067,Kiran Iyer,4.68,1878.6,Credit Card
STN0251,EV Charging Station 251,Mumbai,Maharashtra,19.080332,72.779384,Statiq,Public,IEC 60309 3-pin,30,142.74,CUST03068,Sneha Iyer,7.25,1034.86,Credit Card
STN0275,EV Charging Station 275,Pune,Maharashtra,,73.883903,ChargeZone,Public,CCS2,50,479.68,CUST03069,Manoj Iyer,4.92,2360.03,UPI
STN0438,EV Charging Station 438,Mangaluru,Karnataka,12.928388,74.909682,Zeon Charging,Private,GB/T,7.2,50.96,CUST03070,Divya Iyer,2.04,103.96,UPI
STN0364,EV Charging Station 364,Mumbai,Maharashtra,19.103427,72.898894,Statiq,Private,Type 2,7.2,63.14,CUST03071,Suresh Iyer,4.03,254.45,UPI
STN0062,EV Charging Station 062,Mangaluru,Karnataka,12.903659,74.88586,Statiq,Public,Type 2,50,490.15,CUST03072,Lakshmi Iyer,3.46,1695.92,Wallet
STN0090,EV Charging Station 090,Mangaluru,Karnataka,12.886831,74.832139,Jio-bp,Public,Type 2,7.2,49.69,CUST03073,Arun Nair,5,248.45,Cash
STN0070,EV Charging Station 070,Chennai,Tamil Nadu,13.125195,80.271211,Jio-bp,Public,Type 2,11,,CUST03074,Anjali Nair,7.36,409.88,UPI
STN0331,EV Charging Station 331,Delhi,Delhi,28.623283,77.304927,Jio-bp,Commercial,CCS2,7.2,51.43,CUST03075,Akhil Nair,7.64,392.93,UPI
STN0013,EV Charging Station 013,Mangaluru,Karnataka,12.888329,74.898478,Zeon Charging,Public,IEC 60309 3-pin,7.2,65.65,CUST03076,Amritha Nair,3.69,242.25,Credit Card
STN0300,EV Charging Station 300,Chennai,Tamil Nadu,13.142479,80.252839,Statiq,Private,CHAdeMO,30,165.92,CUST03077,,7.39,1226.15,UPI
STN0199,EV Charging Station 199,Hubballi,Karnataka,15.344078,75.179731,ChargeZone,Public,IEC 60309 3-pin,7.2,64.52,CUST03078,Priya Nair,4.49,289.69,Cash
STN0457,EV Charging Station 457,Kochi,Kerala,10.00733,76.324447,Zeon Charging,Public,Type 2,60,241.41,CUST03079,Kiran Nair,4.93,1190.15,Credit Card
STN0466,EV Charging Station 466,Bengaluru,Karnataka,12.941274,,Tata Power,Public,Type 2,7.2,43.09,CUST03080,Sneha Nair,0.72,31.02,Debit Card
STN0373,EV Charging Station 373,Hubballi,Karnataka,15.275299,75.109059,Tata Power,Private,Type 2,30,282.33,CUST03081,Manoj Nair,4.62,1304.36,UPI
STN0352,EV Charging Station 352,Kochi,Kerala,9.878321,76.300612,Statiq,Public,CCS2,120,,CUST03082,Divya Nair,4.21,3988.76,UPI
STN0188,EV Charging Station 188,Mumbai,Maharashtra,19.145241,72.801253,Statiq,Commercial,Type 2,3.3,19.84,CUST03083,Suresh Nair,3.82,75.79,UPI
STN0196,EV Charging Station 196,Delhi,Delhi,28.615935,77.18715,Jio-bp,Public,Type 2,150,677.48,CUST03084,Lakshmi Nair,2.7,,UPI
STN0134,EV Charging Station 134,Hubballi,Karnataka,15.326145,75.129113,ChargeZone,Public,,7.2,34.09,CUST03085,Arun Kumar,2.86,97.5,Debit Card
STN0024,EV Charging Station 024,Chennai,Tamil Nadu,13.067023,80.251292,Tata Power,Public,GB/T,150,1142.8,CUST03086,Anjali Kumar,6.96,7953.89,Debit Card
STN0394,EV Charging Station 394,Mangaluru,Karnataka,12.85837,74.836561,Jio-bp,Private,CCS2,3.3,30.72,CUST03087,Akhil Kumar,4.89,150.22,Wallet
STN0102,EV Charging Station 102,Mumbai,Maharashtra,19.068954,72.868177,Statiq,Public,CHAdeMO,7.2,59.62,CUST03088,Amritha Kumar,5.57,332.08,UPI
STN0035,EV Charging Station 035,Mangaluru,Karnataka,12.926588,74.831238,Zeon Charging,Public,GB/T,7.2,71.33,CUST03089,Ravi Kumar,4.13,294.59,UPI
STN0344,EV Charging Station 344,Mumbai,Maharashtra,19.115074,72.866062,Ather Grid,Public,GB/T,60,247.15,CUST03090,Priya Kumar,5.97,1475.49,UPI
STN0431,EV Charging Station 431,Delhi,Delhi,28.62779,77.174957,Statiq,Public,Type 2,22,146.23,CUST03091,Kiran Kumar,4.84,707.75,UPI
STN0486,EV Charging Station 486,Hubballi,Karnataka,15.346827,75.101597,Jio-bp,Public,IEC 60309 3-pin,11,71.42,CUST03092,Sneha Kumar,0.91,64.99,Cash
STN0321,EV Charging Station 321,Mysuru,Karnataka,12.234004,76.651344,ChargeZone,Public,GB/T,11,45.37,CUST03093,Manoj Kumar,4.62,209.61,Credit Card
STN0122,,Pune,Maharashtra,18.528503,73.829492,Tata Power,Public,Type 2,50,226.35,CUST03094,Divya Kumar,3.29,744.69,UPI
STN0231,EV Charging Station 231,Hubballi,,15.345827,75.126601,Statiq,Public,CCS2,60,508.41,CUST03095,Suresh Kumar,3.27,1662.5,Credit Card
STN0061,EV Charging Station 061,Hubballi,Karnataka,15.387527,75.174896,Jio-bp,Public,CHAdeMO,11,51.08,CUST03096,Lakshmi Kumar,3.16,161.41,Wallet
STN0350,EV Charging Station 350,Chennai,Tamil Nadu,13.102851,80.22801,Zeon Charging,Public,IEC 60309 3-pin,30,216.99,CUST03097,Arun Sharma,7.15,1551.48,
STN0081,EV Charging Station 081,Delhi,Delhi,28.581982,77.247226,Zeon Charging,Public,,3.3,21.6,CUST03098,Anjali Sharma,7.36,158.98,Credit Card
STN0248,EV Charging Station 248,Belagavi,Karnataka,15.823921,74.508482,Statiq,Public,CCS2,7.2,35.32,CUST03099,Akhil Sharma,6.82,240.88,Credit Card
STN0307,EV Charging Station 307,Mumbai,Maharashtra,19.103712,72.884532,Jio-bp,Public,Type 2,22,171.78,CUST03100,Amritha Sharma,7.76,1333.01,Cash
STN0438,EV Charging Station 438,Mysuru,Karnataka,12.268201,76.641951,Statiq,Public,CHAdeMO,30,190.56,CUST03101,Ravi Sharma,1.25,238.2,
STN0111,EV Charging Station 111,Hubballi,Karnataka,15.389169,75.111945,ChargeZone,Private,Type 2,60,438.89,CUST03102,Priya Sharma,3.85,1689.73,UPI
STN0473,EV Charging Station 473,Mysuru,Karnataka,12.343375,76.622302,ChargeZone,Public,GB/T,22,214.13,CUST03103,Kiran Sharma,2.24,479.65,Credit Card
STN0424,EV Charging Station 424,Mumbai,Maharashtra,19.0676,72.852246,Statiq,Private,CHAdeMO,7.2,71.37,CUST03104,Sneha Sharma,2.81,200.55,Wallet
STN0126,EV Charging Station 126,Bengaluru,Karnataka,12.922695,77.638006,Jio-bp,Public,CHAdeMO,11,79.07,CUST03105,Manoj Sharma,6.53,516.33,Credit Card
STN0113,EV Charging Station 113,Pune,Maharashtra,18.483574,73.798188,Zeon Charging,Commercial,IEC 60309 3-pin,120,648.27,CUST03106,Divya Sharma,4.18,2709.77,Debit Card
STN0324,EV Charging Station 324,Mangaluru,Karnataka,12.941081,74.831294,ChargeZone,Public,Type 2,7.2,46.34,CUST03107,Suresh Sharma,2.08,96.39,Credit Card
STN0467,EV Charging Station 467,Pune,Maharashtra,18.509947,73.826813,Tata Power,Private,Type 2,50,258.95,CUST03108,Lakshmi Sharma,4.52,1170.45,Wallet
STN0198,EV Charging Station 198,Hubballi,Karnataka,15.394035,75.093557,Jio-bp,Private,Type 2,50,389.3,CUST03109,Arun Reddy,5.17,2012.68,UPI
STN0016,EV Charging Station 016,Belagavi,Karnataka,15.801367,74.505029,Zeon Charging,Public,Type 2,22,173.1,CUST03110,Anjali Reddy,1.19,205.99,Debit Card
STN0278,EV Charging Station 278,Delhi,Delhi,28.608593,77.206598,ChargeZone,Public,Type 2,22,219.85,CUST03111,Akhil Reddy,1.02,224.25,Debit Card
STN0183,EV Charging Station 183,Chennai,Tamil Nadu,13.108352,80.19649,ChargeZone,Commercial,CCS2,150,1462.35,CUST03112,Amritha Reddy,4.25,6214.99,Debit Card
STN0228,EV Charging Station 228,Mysuru,Karnataka,12.234261,76.622821,Zeon Charging,Public,GB/T,3.3,24.91,CUST03113,Ravi Reddy,0.96,23.91,Debit Card
STN0303,EV Charging Station 303,Mangaluru,Karnataka,12.843859,74.862926,Zeon Charging,Public,Type 2,3.3,21.14,CUST03114,Priya Reddy,2.01,42.49,UPI
STN0478,EV Charging Station 478,Hubballi,Karnataka,15.379684,75.126181,Tata Power,Private,CCS2,22,168.67,CUST03115,Kiran Reddy,7.6,1281.89,UPI
STN0156,EV Charging Station 156,Mumbai,Maharashtra,19.102798,72.924934,ChargeZone,Public,GB/T,60,305.16,CUST03116,Sneha Reddy,7.57,2310.06,Wallet
STN0480,EV Charging Station 480,Bengaluru,,12.977325,77.592736,Tata Power,Public,CCS2,22,196.41,CUST03117,Manoj Reddy,4.14,813.14,UPI
STN0192,EV Charging Station 192,Kochi,Kerala,9.854649,76.228159,Ather Grid,Private,CCS2,22,150.83,CUST03118,Divya Reddy,1.78,268.48,Debit Card
STN0186,EV Charging Station 186,Kochi,Kerala,9.921128,76.32776,ChargeZone,Public,Type 2,30,131.04,CUST03119,Suresh Reddy,3.3,432.43,Credit Card
STN0269,EV Charging Station 269,Hyderabad,Telangana,17.420953,78.431522,Tata Power,Private,CCS2,150,948.23,CUST03120,Lakshmi Reddy,3.31,3138.64,Wallet
STN0025,EV Charging Station 025,Delhi,Delhi,28.613384,77.233673,ChargeZone,Public,Type 2,7.2,61.88,CUST03121,Arun Patil,4.61,285.27,Wallet
STN0086,,Kochi,Kerala,9.885068,76.240315,ChargeZone,Commercial,Type 2,60,251.87,CUST03122,Anjali Patil,5.62,1415.51,Credit Card
STN0176,EV Charging Station 176,Bengaluru,Karnataka,13.015798,77.623277,Ather Grid,Commercial,CCS2,7.2,61.73,CUST03123,Akhil Patil,7.81,482.11,UPI
STN0165,EV Charging Station 165,Hyderabad,Telangana,17.383675,78.518427,Ather Grid,Public,CCS2,22,127.43,CUST03124,Amritha Patil,1.52,193.69,UPI
STN0088,EV Charging Station 088,Hubballi,Karnataka,15.410459,75.142159,ChargeZone,Public,Type 2,50,243.87,CUST03125,Ravi Patil,0.51,124.37,Debit Card
STN0161,EV Charging Station 161,Hyderabad,Telangana,17.413339,78.471515,ChargeZone,Public,GB/T,7.2,44.3,CUST03126,Priya Patil,3.03,134.23,UPI
STN0427,EV Charging Station 427,Hubballi,Karnataka,15.40253,75.15778,Zeon Charging,Public,GB/T,30,135.99,CUST03127,Kiran Patil,,941.05,UPI
STN0182,EV Charging Station 182,Mysuru,Karnataka,12.282139,76.62746,Tata Power,Public,IEC 60309 3-pin,60,485.08,CUST03128,Sneha Patil,6.57,3186.98,UPI
STN0203,EV Charging Station 203,Mangaluru,Karnataka,12.889923,74.868961,Jio-bp,Private,CCS2,30,280.9,CUST03129,Manoj Patil,5.69,1598.32,UPI
STN0449,EV Charging Station 449,Mumbai,Maharashtra,19.044581,72.921725,Tata Power,Public,Type 2,11,87.99,CUST03130,Divya Patil,4.72,415.31,Credit Card
STN0412,EV Charging Station 412,Mangaluru,Karnataka,12.935727,74.809794,Ather Grid,Public,Type 2,22,193.18,CUST03131,Suresh Patil,7.94,1533.85,UPI
STN0123,EV Charging Station 123,Mysuru,Karnataka,12.278779,76.669165,Ather Grid,Public,CCS2,60,387.66,CUST03132,Lakshmi Patil,,546.6,Debit Card
STN0224,EV Charging Station 224,Hyderabad,Telangana,17.330921,78.492102,Jio-bp,Commercial,CHAdeMO,60,379.14,CUST03133,Arun Shetty,7.61,2885.26,UPI
STN0077,EV Charging Station 077,Belagavi,Karnataka,15.880329,74.497567,ChargeZone,Public,GB/T,3.3,21.16,CUST03134,Anjali Shetty,3.66,77.45,UPI
STN0108,EV Charging Station 108,Kochi,Kerala,9.994468,76.299159,Tata Power,Public,GB/T,11,101.82,CUST03135,Akhil Shetty,2.96,301.39,UPI
STN0326,EV Charging Station 326,Bengaluru,Karnataka,13.026669,77.578909,Jio-bp,Public,CCS2,11,63.97,CUST03136,Amritha Shetty,7,447.79,
STN0011,EV Charging Station 011,Belagavi,Karnataka,15.820516,74.513101,Ather Grid,Public,Type 2,50,347.62,CUST03137,Ravi Shetty,6.13,2130.91,Debit Card
STN0164,EV Charging Station 164,Kochi,Kerala,9.965667,76.250347,ChargeZone,Public,CCS2,120,833.53,CUST03138,Priya Shetty,7.1,5918.06,Credit Card
STN0380,EV Charging Station 380,Hubballi,Karnataka,15.372981,75.088767,Jio-bp,Commercial,CCS2,150,1396.42,CUST03139,Kiran Shetty,6.02,8406.45,Debit Card
STN0016,EV Charging Station 016,Hyderabad,Telangana,17.359446,78.475844,Jio-bp,Public,Type 2,60,378.91,CUST03140,Sneha Shetty,4.2,1591.42,UPI
STN0436,EV Charging Station 436,Hubballi,Karnataka,15.336926,75.134394,Jio-bp,Public,Type 2,60,594.54,CUST03141,Manoj Shetty,6.7,3983.42,UPI
STN0356,EV Charging Station 356,Hubballi,Karnataka,15.354247,75.10906,ChargeZone,Public,Type 2,50,216.75,CUST03142,Divya Shetty,1.55,335.96,Wallet
STN0046,EV Charging Station 046,Belagavi,Karnataka,15.823152,74.541171,Statiq,Public,Type 2,30,299.73,CUST03143,Suresh Shetty,3.17,950.14,UPI
STN0021,EV Charging Station 021,Delhi,Delhi,28.635621,77.26907,Zeon Charging,Public,Type 2,120,721.92,CUST03144,Lakshmi Shetty,2.86,2064.69,Wallet
STN0400,EV Charging Station 400,Mangaluru,Karnataka,12.991241,74.867524,ChargeZone,Public,CCS2,30,162.03,CUST03145,Arun Rao,1.21,196.06,Wallet
STN0021,EV Charging Station 021,Hubballi,Karnataka,15.33206,75.11209,Tata Power,Public,Type 2,7.2,35.57,CUST03146,Anjali Rao,6.44,229.07,Credit Card
STN0266,EV Charging Station 266,Mysuru,Karnataka,12.278179,76.592691,Jio-bp,Public,Type 2,60,402.19,CUST03147,Akhil Rao,4.81,1934.53,
STN0455,EV Charging Station 455,Chennai,Tamil Nadu,13.097617,80.239328,Jio-bp,Public,CHAdeMO,60,445.34,CUST03148,Amritha Rao,4.22,1879.33,UPI
STN0011,EV Charging Station 011,Pune,Maharashtra,18.575074,73.928599,Ather Grid,Public,CCS2,30,237.26,CUST03149,Ravi Rao,5.04,1195.79,UPI
STN0114,EV Charging Station 114,Mumbai,Maharashtra,19.088035,72.891238,Zeon Charging,Public,CCS2,30,120.49,CUST03150,Priya Rao,6.92,833.79,UPI
STN0416,EV Charging Station 416,Hyderabad,Telangana,17.286986,78.459605,Ather Grid,Private,GB/T,150,1389.31,CUST03151,Kiran Rao,6.58,9141.66,Credit Card
STN0054,EV Charging Station 054,Belagavi,Karnataka,15.948811,74.522575,Tata Power,Public,Type 2,11,47.28,CUST03152,Sneha Rao,6.26,295.97,Credit Card
STN0030,EV Charging Station 030,Bengaluru,Karnataka,12.955017,77.547467,Ather Grid,Commercial,GB/T,,563.86,CUST03153,,4.78,2695.25,UPI
STN0443,EV Charging Station 443,Pune,Maharashtra,18.502763,73.831268,Ather Grid,Public,,120,856.88,CUST03154,Divya Rao,0.69,591.25,Debit Card
STN0363,EV Charging Station 363,Hyderabad,Telangana,17.405129,78.528808,ChargeZone,Public,CCS2,11,100.59,CUST03155,Suresh Rao,4.4,442.6,UPI
STN0040,EV Charging Station 040,Mangaluru,Karnataka,12.875106,74.845495,Ather Grid,Public,Type 2,150,1451.99,CUST03156,Lakshmi Rao,1.47,2134.43,Cash
STN0308,EV Charging Station 308,Bengaluru,Karnataka,12.991991,77.516145,Statiq,Public,GB/T,30,,CUST03157,Arun Iyer,1.53,273.76,UPI
STN0173,EV Charging Station 173,Mysuru,Karnataka,12.231444,76.687725,Tata Power,Public,IEC 60309 3-pin,60,515.32,CUST03158,Anjali Iyer,2.74,1411.98,Debit Card
STN0130,EV Charging Station 130,Mysuru,Karnataka,12.309208,76.641444,Statiq,Public,GB/T,50,250.2,CUST03159,Akhil Iyer,3.35,838.17,Wallet
STN0090,,Chennai,Tamil Nadu,13.068649,80.284829,Jio-bp,Private,GB/T,7.2,41.36,CUST03160,Amritha Iyer,5.2,215.07,UPI
STN0156,EV Charging Station 156,Delhi,Delhi,28.619124,77.226546,Statiq,Public,CCS2,120,1013.76,CUST03161,Ravi Iyer,4.67,4734.26,Debit Card
STN0459,EV Charging Station 459,Mangaluru,Karnataka,12.833223,74.885034,Ather Grid,Public,CHAdeMO,50,422.61,CUST03162,Priya Iyer,4.64,1960.91,UPI
STN0401,EV Charging Station 401,Delhi,Delhi,28.608895,77.23955,Jio-bp,Private,CCS2,,1032.37,CUST03163,Kiran Iyer,7.35,7587.92,Debit Card
STN0463,EV Charging Station 463,Mangaluru,Karnataka,12.976915,74.901881,Statiq,Commercial,Type 2,150,1212.81,CUST03164,Sneha Iyer,5.12,6209.59,Debit Card
STN0138,EV Charging Station 138,Bengaluru,Karnataka,12.97432,77.606133,Ather Grid,Public,CCS2,30,244.97,CUST03165,Manoj Iyer,5.82,1425.73,UPI
STN0062,EV Charging Station 062,Kochi,Kerala,9.975873,76.256657,Statiq,Commercial,GB/T,11,85.52,CUST03166,Divya Iyer,6.97,596.07,Credit Card
STN0061,EV Charging Station 061,Pune,Maharashtra,18.502159,73.830908,,Public,CCS2,7.2,42.05,CUST03167,Suresh Iyer,7.13,299.82,Credit Card
STN0366,EV Charging Station 366,Delhi,Delhi,28.525487,77.218487,Jio-bp,Public,Type 2,30,289.69,CUST03168,Lakshmi Iyer,7.02,2033.62,Wallet
STN0045,EV Charging Station 045,Kochi,Kerala,9.928787,76.25584,Jio-bp,Public,CCS2,50,228.42,CUST03169,Arun Nair,1.3,296.95,UPI
STN0050,EV Charging Station 050,Belagavi,Karnataka,15.810466,74.478211,ChargeZone,Public,CHAdeMO,50,200.9,CUST03170,Anjali Nair,4.03,809.63,UPI
STN0498,EV Charging Station 498,Kochi,Kerala,9.971031,76.308479,Tata Power,,Type 2,60,348.81,CUST03171,Akhil Nair,6.77,2361.44,UPI
STN0326,EV Charging Station 326,Hyderabad,Telangana,17.351106,78.47374,ChargeZone,Private,Type 2,150,1039.8,CUST03172,Amritha Nair,5.22,5427.76,Debit Card
STN0349,EV Charging Station 349,Mysuru,Karnataka,12.313206,76.63378,Statiq,Public,IEC 60309 3-pin,7.2,39.61,CUST03173,Ravi Nair,1.99,78.82,Credit Card
STN0110,EV Charging Station 110,Belagavi,Karnataka,15.914919,74.41592,Tata Power,Public,Type 2,30,278.8,CUST03174,Priya Nair,1.3,,Credit Card
STN0037,EV Charging Station 037,Hyderabad,Telangana,17.382589,78.431941,Jio-bp,Commercial,CHAdeMO,7.2,69.31,CUST03175,Kiran Nair,0.96,66.54,UPI
STN0125,EV Charging Station 125,Mangaluru,Karnataka,12.854238,74.893278,Ather Grid,Private,GB/T,7.2,35.24,CUST03176,Sneha Nair,1.64,57.79,Debit Card
STN0071,EV Charging Station 071,Hubballi,Karnataka,15.389417,75.059165,Zeon Charging,Commercial,CCS2,150,1252.59,CUST03177,Manoj Nair,3.53,4421.64,Debit Card
STN0499,EV Charging Station 499,Hubballi,Karnataka,15.420073,75.059822,Ather Grid,Public,Type 2,11,74.66,CUST03178,Divya Nair,1.09,81.38,Debit Card
STN0488,EV Charging Station 488,Chennai,Tamil Nadu,13.030297,80.27552,Statiq,Public,GB/T,120,1055.21,CUST03179,Suresh Nair,5.29,,UPI
STN0064,EV Charging Station 064,Hubballi,Karnataka,15.329119,75.12122,Tata Power,Private,CHAdeMO,30,207.01,CUST03180,Lakshmi Nair,6.65,1376.62,Credit Card
STN0450,EV Charging Station 450,Mumbai,Maharashtra,19.084447,72.9174,Jio-bp,Public,CCS2,120,905.92,CUST03181,Arun Kumar,,5942.84,UPI
STN0327,EV Charging Station 327,Bengaluru,Karnataka,12.995334,77.617224,ChargeZone,Private,CCS2,120,1063.78,CUST03182,Anjali Kumar,4.38,4659.36,Debit Card
STN0331,EV Charging Station 331,Kochi,Kerala,9.982644,76.278776,Tata Power,Public,Type 2,3.3,15.19,CUST03183,Akhil Kumar,1.87,28.41,UPI
STN0206,EV Charging Station 206,Hubballi,Karnataka,15.418432,75.039291,Jio-bp,Public,IEC 60309 3-pin,7.2,52.53,CUST03184,Amritha Kumar,4.99,262.12,
STN0337,EV Charging Station 337,Pune,Maharashtra,18.55207,73.91658,Statiq,Commercial,CCS2,60,297.92,CUST03185,Ravi Kumar,4.89,1456.83,Wallet
STN0415,EV Charging Station 415,Bengaluru,Karnataka,12.937951,77.611252,Jio-bp,Public,CCS2,,384.13,CUST03186,Priya Kumar,2.2,845.09,Credit Card
STN0229,EV Charging Station 229,Pune,Maharashtra,18.449169,73.871995,Statiq,Commercial,CCS2,60,242.38,CUST03187,Kiran Kumar,7.76,1880.87,Cash
STN0453,EV Charging Station 453,Chennai,Tamil Nadu,13.080421,80.251103,Ather Grid,Public,GB/T,22,152.75,CUST03188,Sneha Kumar,5.51,841.65,Credit Card
STN0283,EV Charging Station 283,Delhi,Delhi,28.613315,77.26106,ChargeZone,Public,CCS2,11,56.65,CUST03189,Manoj Kumar,0.67,37.96,Credit Card
STN0101,EV Charging Station 101,Belagavi,Karnataka,15.859077,74.472133,ChargeZone,Public,IEC 60309 3-pin,30,243.38,CUST03190,Divya Kumar,7.78,1893.5,
STN0194,EV Charging Station 194,Chennai,Tamil Nadu,13.102883,80.285046,Jio-bp,Private,CCS2,150,622.12,CUST03191,Suresh Kumar,3.6,2239.63,UPI
STN0228,EV Charging Station 228,Belagavi,Karnataka,15.865731,74.499575,ChargeZone,Public,Type 2,60,276.52,CUST03192,Lakshmi Kumar,6.45,1783.55,UPI
STN0260,EV Charging Station 260,Delhi,Delhi,28.57305,77.258302,Jio-bp,Commercial,Type 2,50,305.23,CUST03193,Arun Sharma,1.58,482.26,UPI
STN0481,EV Charging Station 481,Hubballi,Karnataka,15.344706,75.115685,Zeon Charging,Public,GB/T,7.2,54.21,CUST03194,Anjali Sharma,6.48,351.28,Cash
STN0430,EV Charging Station 430,Kochi,Kerala,9.903546,76.284769,Zeon Charging,Private,GB/T,7.2,34.07,CUST03195,Akhil Sharma,6.76,230.31,UPI
STN0468,EV Charging Station 468,Mangaluru,Karnataka,12.884823,74.882679,Zeon Charging,Public,GB/T,22,215.53,CUST03196,Amritha Sharma,7.26,1564.75,UPI
STN0242,EV Charging Station 242,Kochi,Kerala,9.873352,76.262269,Statiq,Public,Type 2,50,479.26,CUST03197,Ravi Sharma,1.15,551.15,UPI
STN0114,EV Charging Station 114,Mumbai,Maharashtra,19.037513,72.975859,Jio-bp,Public,CCS2,11,58.34,CUST03198,Priya Sharma,2.4,140.02,UPI
STN0021,EV Charging Station 021,Hubballi,Karnataka,15.357692,75.13564,Tata Power,Public,Type 2,7.2,37.66,CUST03199,Kiran Sharma,7.54,283.96,UPI
STN0017,EV Charging Station 017,Pune,Maharashtra,18.530446,73.880461,ChargeZone,Private,GB/T,30,132.45,CUST03200,Sneha Sharma,7.75,1026.49,UPI
STN0216,EV Charging Station 216,Pune,Maharashtra,18.518415,73.925688,Ather Grid,Public,Type 2,3.3,24.61,CUST03201,Manoj Sharma,1.64,40.36,UPI
STN0476,EV Charging Station 476,Mangaluru,Karnataka,13.001287,74.888248,Jio-bp,Public,CCS2,7.2,62.26,CUST03202,Divya Sharma,2.57,160.01,UPI
STN0487,EV Charging Station 487,Chennai,Tamil Nadu,13.124718,80.327912,ChargeZone,Public,Type 2,150,692.29,CUST03203,Suresh Sharma,2.17,1502.27,Credit Card
STN0153,EV Charging Station 153,Belagavi,Karnataka,15.820041,74.459082,Tata Power,Public,IEC 60309 3-pin,7.2,42.03,CUST03204,Lakshmi Sharma,3.87,162.66,UPI
STN0105,EV Charging Station 105,Bengaluru,Karnataka,13.014775,77.587046,Jio-bp,Public,CCS2,60,516.42,CUST03205,Arun Reddy,1.5,774.63,UPI
STN0204,EV Charging Station 204,Hubballi,Karnataka,15.350174,75.128041,Statiq,Public,CHAdeMO,22,146.27,CUST03206,Anjali Reddy,5.1,745.98,UPI
STN0158,EV Charging Station 158,Chennai,Tamil Nadu,13.04121,80.238813,Ather Grid,Private,GB/T,50,302.19,CUST03207,Akhil Reddy,5.51,1665.07,UPI
STN0440,EV Charging Station 440,Hyderabad,Telangana,17.393469,78.529036,Ather Grid,Public,IEC 60309 3-pin,30,,CUST03208,Amritha Reddy,4.94,1054.1,Wallet
STN0087,EV Charging Station 087,Mysuru,Karnataka,12.273547,76.654006,Zeon Charging,Public,CCS2,120,1131.33,CUST03209,Ravi Reddy,1.48,1674.37,UPI
STN0203,EV Charging Station 203,Mysuru,Karnataka,12.298332,76.629749,Jio-bp,Public,Type 2,120,,CUST03210,Priya Reddy,0.77,653.55,UPI
STN0013,EV Charging Station 013,Mumbai,Maharashtra,19.072926,72.892846,Jio-bp,Public,Type 2,7.2,66.6,CUST03211,Kiran Reddy,4.99,332.33,Credit Card
STN0273,EV Charging Station 273,Hyderabad,Telangana,17.336707,78.430345,Statiq,Public,Type 2,50,404.44,CUST03212,Sneha Reddy,0.67,270.97,Debit Card
STN0086,EV Charging Station 086,Hubballi,Karnataka,15.393019,75.1337,Zeon Charging,Private,Type 2,120,670.52,CUST03213,Manoj Reddy,5.12,3433.06,UPI
STN0164,EV Charging Station 164,Bengaluru,Karnataka,12.930495,77.585443,ChargeZone,Public,Type 2,60,451.97,CUST03214,Divya Reddy,4.61,2083.58,UPI
STN0253,EV Charging Station 253,Belagavi,Karnataka,15.886657,74.546515,Jio-bp,Public,Type 2,22,200.11,CUST03215,Suresh Reddy,3,600.33,Wallet
STN0283,EV Charging Station 283,Kochi,Kerala,9.861797,76.252406,Jio-bp,Commercial,CCS2,,127.06,CUST03216,Lakshmi Reddy,0.84,106.73,UPI
STN0275,EV Charging Station 275,Mysuru,Karnataka,12.243391,76.627349,Ather Grid,Commercial,CCS2,50,390.54,CUST03217,Arun Patil,5.54,2163.59,UPI
STN0061,EV Charging Station 061,Hubballi,Karnataka,15.349929,75.125933,Jio-bp,Public,Type 2,7.2,29.92,CUST03218,Anjali Patil,6.97,208.54,UPI
STN0075,EV Charging Station 075,Delhi,Delhi,28.592679,77.142342,Tata Power,Public,Type 2,7.2,50.27,CUST03219,Akhil Patil,4.61,231.74,Credit Card
STN0208,EV Charging Station 208,Bengaluru,Karnataka,12.94258,77.599195,Tata Power,Public,CCS2,50,247.73,CUST03220,Amritha Patil,6.27,1553.27,Debit Card
STN0392,EV Charging Station 392,Delhi,Delhi,28.60667,77.242836,Ather Grid,Private,Type 2,7.2,37.64,CUST03221,,1.57,59.09,Debit Card
STN0368,EV Charging Station 368,Bengaluru,Karnataka,12.977079,77.575793,ChargeZone,Public,IEC 60309 3-pin,120,569.55,CUST03222,Priya Patil,2.28,1298.57,UPI
STN0098,EV Charging Station 098,Mumbai,Maharashtra,19.063373,72.904288,ChargeZone,Public,IEC 60309 3-pin,30,186.06,CUST03223,Kiran Patil,6.3,1172.18,Credit Card
STN0417,EV Charging Station 417,Mysuru,Karnataka,12.199708,76.658096,ChargeZone,Commercial,Type 2,120,1111.74,CUST03224,Sneha Patil,3.37,3746.56,Debit Card
STN0373,EV Charging Station 373,Mumbai,Maharashtra,19.080397,72.844524,Jio-bp,Public,GB/T,11,93.41,CUST03225,Manoj Patil,7.81,729.53,UPI
STN0033,EV Charging Station 033,Mumbai,Maharashtra,19.1099,72.856517,Tata Power,Commercial,Type 2,60,523.11,CUST03226,Divya Patil,6.87,3593.77,Credit Card
STN0106,EV Charging Station 106,Hyderabad,Telangana,17.422086,78.488009,Ather Grid,Private,Type 2,22,216.71,CUST03227,Suresh Patil,4.55,986.03,UPI
STN0216,EV Charging Station 216,Bengaluru,Karnataka,12.973879,77.612368,Ather Grid,Commercial,CCS2,30,172.65,CUST03228,Lakshmi Patil,1.73,298.68,Wallet
STN0475,EV Charging Station 475,Hubballi,Karnataka,15.391734,75.153898,Zeon Charging,Public,CCS2,11,103.98,CUST03229,Arun Shetty,5.92,615.56,UPI
STN0397,EV Charging Station 397,Mangaluru,Karnataka,12.859104,74.848375,Jio-bp,Public,CHAdeMO,50,438.3,CUST03230,Anjali Shetty,6.65,2914.7,Credit Card
STN0375,EV Charging Station 375,Chennai,Tamil Nadu,13.151313,80.343335,Zeon Charging,Public,GB/T,11,66.34,CUST03231,Akhil Shetty,4.91,325.73,UPI
STN0411,EV Charging Station 411,Pune,Maharashtra,,73.854065,Tata Power,Private,IEC 60309 3-pin,7.2,54.32,CUST03232,Amritha Shetty,6.24,338.96,Debit Card
STN0256,EV Charging Station 256,Belagavi,Karnataka,15.885662,74.500212,Jio-bp,Public,CCS2,11,57.31,CUST03233,Ravi Shetty,5.46,312.91,UPI
STN0498,EV Charging Station 498,Chennai,Tamil Nadu,13.117249,80.250537,Tata Power,Commercial,IEC 60309 3-pin,30,287.24,CUST03234,Priya Shetty,5.38,1545.35,Credit Card
STN0336,EV Charging Station 336,Delhi,Delhi,28.553567,77.173083,ChargeZone,Public,GB/T,22,88.14,CUST03235,Kiran Shetty,3.39,298.79,UPI
STN0479,EV Charging Station 479,Delhi,Delhi,28.542141,77.179764,Tata Power,Private,CCS2,22,213.72,CUST03236,Sneha Shetty,5.86,1252.4,UPI
STN0213,EV Charging Station 213,Chennai,Tamil Nadu,13.051124,80.279734,Tata Power,Public,Type 2,120,620.07,CUST03237,Manoj Shetty,3.57,2213.65,Debit Card
STN0116,EV Charging Station 116,Hubballi,Karnataka,15.387668,75.127438,Zeon Charging,Public,CCS2,150,1087.32,CUST03238,Divya Shetty,7.77,8448.48,Credit Card
STN0056,EV Charging Station 056,Mangaluru,Karnataka,12.892655,74.79958,Jio-bp,Public,IEC 60309 3-pin,30,223.2,CUST03239,Suresh Shetty,4.99,1113.77,UPI
STN0123,EV Charging Station 123,Hubballi,Karnataka,15.368422,75.094532,Tata Power,Public,CCS2,30,198.52,CUST03240,Lakshmi Shetty,5.84,1159.36,Credit Card
STN0022,EV Charging Station 022,Hubballi,Karnataka,15.45875,75.161834,Zeon Charging,Commercial,IEC 60309 3-pin,7.2,70.18,CUST03241,Arun Rao,3.4,238.61,Debit Card
STN0159,EV Charging Station 159,Hubballi,Karnataka,15.376693,75.141715,Zeon Charging,Commercial,GB/T,7.2,59.95,CUST03242,Anjali Rao,0.62,37.17,Credit Card
STN0296,EV Charging Station 296,Kochi,Kerala,9.979427,76.282374,Zeon Charging,Public,CCS2,30,187.37,CUST03243,Akhil Rao,3.64,682.03,UPI
STN0084,EV Charging Station 084,Delhi,Delhi,28.582742,77.193996,Jio-bp,Public,,50,274.89,CUST03244,Amritha Rao,2.51,689.97,Credit Card
STN0214,EV Charging Station 214,Hubballi,Karnataka,15.396353,75.135256,Jio-bp,Commercial,CCS2,50,373.74,CUST03245,Ravi Rao,4.92,1838.8,UPI
STN0415,EV Charging Station 415,Hubballi,Karnataka,15.397676,75.072305,Tata Power,Public,CCS2,11,71.17,CUST03246,Priya Rao,5.62,399.98,UPI
STN0260,EV Charging Station 260,Delhi,Delhi,28.594881,77.196173,Zeon Charging,Commercial,CCS2,7.2,31.29,CUST03247,Kiran Rao,2.02,63.21,UPI
STN0115,EV Charging Station 115,Pune,Maharashtra,18.509853,73.909059,Zeon Charging,Public,GB/T,11,79.68,CUST03248,Sneha Rao,5.98,476.49,UPI
STN0250,EV Charging Station 250,Belagavi,Karnataka,15.817229,74.529721,Ather Grid,Public,Type 2,150,1494.12,CUST03249,Manoj Rao,2.18,3257.18,Debit Card
STN0397,EV Charging Station 397,Bengaluru,Karnataka,12.892465,77.633644,Tata Power,Public,CCS2,11,88.44,CUST03250,Divya Rao,6.42,567.78,Credit Card
STN0204,EV Charging Station 204,Kochi,Kerala,9.915602,76.282675,Zeon Charging,Public,CCS2,60,297.62,CUST03251,Suresh Rao,5.97,1776.79,Credit Card
STN0355,EV Charging Station 355,Mumbai,Maharashtra,19.074599,72.889421,Statiq,Public,Type 2,7.2,52.72,CUST03252,Lakshmi Rao,3.57,188.21,UPI
STN0076,EV Charging Station 076,Pune,Maharashtra,18.440671,73.784189,Statiq,Private,Type 2,120,1123.89,CUST03253,Arun Iyer,3.34,3753.79,Cash
STN0342,EV Charging Station 342,Kochi,Kerala,9.958653,76.286384,Ather Grid,Public,Type 2,11,53.22,CUST03254,Anjali Iyer,7.69,409.26,Credit Card
STN0252,EV Charging Station 252,Mysuru,Karnataka,12.24748,76.641075,Zeon Charging,Public,IEC 60309 3-pin,50,264.65,CUST03255,Akhil Iyer,4.99,1320.6,Credit Card
STN0475,EV Charging Station 475,Delhi,Delhi,28.609312,77.244346,Tata Power,Public,GB/T,22,89.59,CUST03256,Amritha Iyer,0.97,86.9,UPI
STN0211,EV Charging Station 211,Bengaluru,Karnataka,13.0142,77.667079,Ather Grid,Public,Type 2,11,102.46,CUST03257,Ravi Iyer,0.65,66.6,Debit Card
STN0113,EV Charging Station 113,Chennai,Tamil Nadu,13.07214,80.335973,Ather Grid,Public,CHAdeMO,22,152.87,CUST03258,Priya Iyer,2.46,376.06,Debit Card
STN0208,EV Charging Station 208,Pune,Maharashtra,18.556746,73.832881,Jio-bp,Public,CCS2,50,251.6,CUST03259,Kiran Iyer,0.97,244.05,Credit Card
STN0147,EV Charging Station 147,Mumbai,Maharashtra,19.074333,72.895232,Tata Power,Public,CHAdeMO,7.2,70.36,CUST03260,Sneha Iyer,6.58,462.97,UPI
STN0186,EV Charging Station 186,Hyderabad,Telangana,17.353415,78.476613,ChargeZone,Public,Type 2,30,192.09,CUST03261,Manoj Iyer,5.53,1062.26,UPI
STN0068,EV Charging Station 068,Mumbai,Maharashtra,19.12194,72.804946,ChargeZone,Public,Type 2,120,867.23,CUST03262,Divya Iyer,3.65,3165.39,Debit Card
STN0180,EV Charging Station 180,Hubballi,Karnataka,15.36362,75.114673,ChargeZone,Public,Type 2,30,283.65,CUST03263,Suresh Iyer,5.11,1449.45,Credit Card
STN0215,EV Charging Station 215,Mumbai,Maharashtra,19.066373,72.882762,ChargeZone,Public,CCS2,22,165.22,CUST03264,Lakshmi Iyer,1.45,239.57,UPI
STN0169,EV Charging Station 169,Bengaluru,Karnataka,12.986902,77.637887,Zeon Charging,Public,Type 2,120,1186.56,CUST03265,Arun Nair,5.63,6680.33,UPI
STN0445,EV Charging Station 445,Mumbai,Maharashtra,19.128454,72.85927,Statiq,Private,Type 2,3.3,14.23,CUST03266,Anjali Nair,4.03,57.35,Credit Card
STN0379,EV Charging Station 379,Mumbai,Maharashtra,19.0384,72.896182,Ather Grid,Public,CCS2,120,685.25,CUST03267,Akhil Nair,7.48,5125.67,Wallet
STN0395,EV Charging Station 395,Delhi,Delhi,28.564823,77.194277,Zeon Charging,Public,Type 2,50,458.57,CUST03268,Amritha Nair,7.54,3457.62,Credit Card
STN0242,EV Charging Station 242,Mumbai,Maharashtra,19.045447,72.910826,ChargeZone,Public,CCS2,50,342.65,CUST03269,Ravi Nair,6.68,2288.9,Wallet
STN0247,EV Charging Station 247,Bengaluru,Karnataka,12.930421,77.618789,Ather Grid,Public,Type 2,60,459.86,CUST03270,Priya Nair,5.52,2538.43,UPI
STN0355,EV Charging Station 355,Mysuru,Karnataka,12.29263,76.639171,Tata Power,Public,CCS2,120,857.97,CUST03271,Kiran Nair,3.87,3320.34,Credit Card
STN0011,EV Charging Station 011,Belagavi,Karnataka,15.875723,74.488693,Ather Grid,Public,GB/T,7.2,,CUST03272,Sneha Nair,1.34,86.64,UPI
STN0448,EV Charging Station 448,Pune,Maharashtra,18.477602,73.821707,ChargeZone,Private,Type 2,120,555.07,CUST03273,Manoj Nair,5.87,3258.26,Credit Card
STN0369,,Pune,Maharashtra,18.531923,73.851424,Jio-bp,Private,CCS2,22,171.1,CUST03274,Divya Nair,5.24,896.56,UPI
STN0171,EV Charging Station 171,Mangaluru,Karnataka,12.976487,74.880004,ChargeZone,Public,CCS2,22,141.76,CUST03275,Suresh Nair,5.11,724.39,Wallet
STN0186,EV Charging Station 186,,Karnataka,15.381797,75.160833,Zeon Charging,Private,GB/T,11,83.55,CUST03276,Lakshmi Nair,1.11,92.74,Debit Card
STN0378,EV Charging Station 378,Mumbai,Maharashtra,19.080195,72.886083,Statiq,Public,CCS2,7.2,43.36,CUST03277,Arun Kumar,5.24,227.21,UPI
STN0320,EV Charging Station 320,Kochi,Kerala,9.972962,76.358974,Ather Grid,Public,CCS2,11,56.26,CUST03278,Anjali Kumar,2.16,121.52,UPI
STN0347,EV Charging Station 347,Delhi,Delhi,28.570861,77.208215,Ather Grid,Commercial,CCS2,120,1011.47,CUST03279,Akhil Kumar,4.33,4379.67,UPI
STN0069,EV Charging Station 069,Kochi,Kerala,9.948346,76.260439,Jio-bp,Public,,30,236.92,CUST03280,Amritha Kumar,6.93,1641.86,Credit Card
STN0432,EV Charging Station 432,Mumbai,Maharashtra,19.07804,72.895955,Zeon Charging,Public,CCS2,22,219.26,CUST03281,Ravi Kumar,2.21,484.56,UPI
STN0265,EV Charging Station 265,Bengaluru,Karnataka,12.912836,77.619267,Ather Grid,Public,Type 2,50,359.02,CUST03282,Priya Kumar,6.94,2491.6,Credit Card
STN0008,EV Charging Station 008,Hubballi,Karnataka,15.322993,75.086696,Statiq,Public,CCS2,7.2,65.7,CUST03283,Kiran Kumar,7.18,471.73,Cash
STN0409,EV Charging Station 409,Hyderabad,Telangana,17.375203,78.482948,ChargeZone,Public,Type 2,120,1183.92,CUST03284,Sneha Kumar,0.75,887.94,Wallet
STN0143,EV Charging Station 143,Bengaluru,Karnataka,,77.564593,Statiq,Commercial,Type 2,60,283.75,CUST03285,Manoj Kumar,7.26,2060.02,Credit Card
STN0212,EV Charging Station 212,Hubballi,Karnataka,15.347536,75.12604,Jio-bp,Commercial,CCS2,11,72.24,CUST03286,Divya Kumar,1.46,105.47,UPI
STN0182,EV Charging Station 182,Pune,Maharashtra,18.548088,73.863779,ChargeZone,Public,GB/T,11,87.7,CUST03287,Suresh Kumar,5.06,443.76,UPI
STN0046,EV Charging Station 046,Delhi,Delhi,28.571057,77.148194,Zeon Charging,Public,CCS2,7.2,30.65,CUST03288,Lakshmi Kumar,5.07,155.4,Debit Card
STN0007,EV Charging Station 007,Mangaluru,Karnataka,12.889438,74.865256,Zeon Charging,Public,CCS2,7.2,45.32,CUST03289,Arun Sharma,6.36,288.24,Wallet
STN0036,EV Charging Station 036,Mangaluru,Karnataka,12.876792,74.864502,ChargeZone,Public,Type 2,150,1200.02,CUST03290,Anjali Sharma,6.61,7932.13,Debit Card
STN0116,EV Charging Station 116,Mangaluru,Karnataka,12.901927,74.836934,Statiq,Public,CCS2,30,236.39,CUST03291,,5.86,1385.25,UPI
STN0092,EV Charging Station 092,Kochi,Kerala,9.907607,76.256147,Zeon Charging,Commercial,CCS2,150,1176.72,CUST03292,Amritha Sharma,5.96,7013.25,Wallet
STN0436,EV Charging Station 436,Chennai,Tamil Nadu,13.086279,80.262916,ChargeZone,Public,Type 2,22,206.26,CUST03293,Ravi Sharma,1.25,257.82,Cash
STN0241,EV Charging Station 241,Mangaluru,Karnataka,12.899135,74.917164,Tata Power,Commercial,Type 2,7.2,51.9,CUST03294,Priya Sharma,6.81,353.44,Credit Card
STN0291,EV Charging Station 291,Hubballi,Karnataka,15.367355,75.118298,Tata Power,Commercial,,50,402.14,CUST03295,Kiran Sharma,2.74,1101.86,Credit Card
STN0092,EV Charging Station 092,Belagavi,Karnataka,15.827482,74.521341,Statiq,Public,CCS2,22,104.84,CUST03296,Sneha Sharma,3.22,337.58,Debit Card
STN0134,EV Charging Station 134,Delhi,Delhi,28.615398,77.240135,Zeon Charging,Public,CCS2,120,984.15,CUST03297,Manoj Sharma,1.61,1584.48,UPI
STN0220,EV Charging Station 220,Kochi,Kerala,9.930558,76.265227,Statiq,,CHAdeMO,30,161.85,CUST03298,Divya Sharma,7.53,1218.73,UPI
STN0063,EV Charging Station 063,Mysuru,Karnataka,12.283153,76.650449,Tata Power,Public,Type 2,60,541.32,CUST03299,Suresh Sharma,1.47,795.74,Credit Card
STN0245,EV Charging Station 245,Mysuru,Karnataka,12.294186,76.651145,Statiq,Public,CCS2,50,369.68,CUST03300,Lakshmi Sharma,0.81,299.44,Credit Card
STN0295,EV Charging Station 295,Belagavi,Karnataka,15.875025,74.46549,Zeon Charging,Public,Type 2,30,251.02,CUST03301,Arun Reddy,4.91,1232.51,Debit Card
STN0125,EV Charging Station 125,Hubballi,Karnataka,15.322569,75.105996,Statiq,Private,,50,488.97,CUST03302,Anjali Reddy,5.9,2884.92,Wallet
STN0187,EV Charging Station 187,Hyderabad,Telangana,17.329037,78.475529,ChargeZone,Public,IEC 60309 3-pin,150,1084.61,CUST03303,Akhil Reddy,3.36,3644.29,Credit Card
STN0319,EV Charging Station 319,Belagavi,Karnataka,15.891011,74.495838,Statiq,Private,CCS2,7.2,32.48,CUST03304,Amritha Reddy,7.97,258.87,Credit Card
STN0466,EV Charging Station 466,Hubballi,Karnataka,15.403732,75.063993,Statiq,Private,CCS2,30,263.17,CUST03305,Ravi Reddy,6.87,1807.98,UPI
STN0439,EV Charging Station 439,Pune,Maharashtra,18.538444,73.86765,ChargeZone,Commercial,Type 2,22,183.99,CUST03306,Priya Reddy,4.37,804.04,Credit Card
STN0132,EV Charging Station 132,Bengaluru,Karnataka,12.997853,77.578405,Statiq,Public,Type 2,60,520.41,CUST03307,Kiran Reddy,3.34,1738.17,Debit Card
STN0480,EV Charging Station 480,Hubballi,Karnataka,15.396335,75.110084,Tata Power,Public,CCS2,120,916.21,CUST03308,Sneha Reddy,2.22,2033.99,UPI
STN0022,EV Charging Station 022,Hyderabad,Telangana,17.363388,78.489266,Jio-bp,Public,CCS2,60,481.71,CUST03309,Manoj Reddy,0.85,409.45,Cash
STN0267,EV Charging Station 267,Bengaluru,Karnataka,12.932802,77.617343,Zeon Charging,Public,CHAdeMO,60,395.64,CUST03310,Divya Reddy,6.67,2638.92,UPI
STN0252,EV Charging Station 252,Hubballi,Karnataka,15.361677,75.173158,Ather Grid,Private,CHAdeMO,11,84.13,CUST03311,Suresh Reddy,6.19,520.76,Wallet
STN0269,EV Charging Station 269,Mysuru,Karnataka,12.244861,76.66561,Tata Power,Public,CCS2,11,84.31,CUST03312,Lakshmi Reddy,1.91,161.03,Debit Card
STN0023,EV Charging Station 023,Mumbai,Maharashtra,19.029743,72.947121,ChargeZone,Public,CCS2,,182.67,CUST03313,Arun Patil,5.55,1013.82,Credit Card
STN0057,EV Charging Station 057,Hubballi,Karnataka,,75.158509,Tata Power,Public,CHAdeMO,11,73,CUST03314,Anjali Patil,2.01,146.73,Wallet
STN0447,EV Charging Station 447,Mumbai,Maharashtra,19.050974,72.888117,Zeon Charging,Public,IEC 60309 3-pin,150,1263.61,CUST03315,Akhil Patil,6.97,8807.36,Debit Card
STN0118,EV Charging Station 118,Mangaluru,Karnataka,12.963482,74.90233,Statiq,Private,CCS2,120,966.38,CUST03316,Amritha Patil,1.59,1536.54,Debit Card
STN0288,EV Charging Station 288,Mumbai,Maharashtra,19.066691,72.895185,Jio-bp,Private,Type 2,120,643.54,CUST03317,Ravi Patil,6.88,4427.56,Debit Card
STN0035,EV Charging Station 035,Pune,Maharashtra,18.533623,73.856246,Zeon Charging,Public,Type 2,120,903.72,CUST03318,Priya Patil,3.33,3009.39,UPI
STN0416,EV Charging Station 416,Delhi,Delhi,28.603946,77.226313,ChargeZone,Public,Type 2,7.2,70.88,CUST03319,Kiran Patil,2.87,203.43,UPI
STN0330,EV Charging Station 330,Kochi,Kerala,9.929782,76.289827,Jio-bp,Private,CCS2,50,289.8,CUST03320,Sneha Patil,7.3,2115.54,Debit Card
STN0402,EV Charging Station 402,Bengaluru,Karnataka,12.99655,77.6125,Tata Power,Private,Type 2,,,CUST03321,Manoj Patil,3.67,1286.22,UPI
STN0091,EV Charging Station 091,Kochi,Kerala,9.917981,76.242114,ChargeZone,Public,CCS2,7.2,63.77,CUST03322,Divya Patil,2.37,151.13,Credit Card
STN0003,EV Charging Station 003,Mysuru,Karnataka,12.32727,76.696892,Ather Grid,Public,CCS2,7.2,51.71,CUST03323,Suresh Patil,4.39,227.01,Wallet
STN0133,EV Charging Station 133,Kochi,Kerala,9.933455,76.281375,Ather Grid,Public,Type 2,150,722.66,CUST03324,Lakshmi Patil,4.29,3100.21,Credit Card
STN0381,EV Charging Station 381,Hyderabad,Telangana,17.385206,78.508141,Zeon Charging,Commercial,CCS2,150,1117.74,CUST03325,Arun Shetty,2.47,2760.82,UPI
STN0183,EV Charging Station 183,Mangaluru,Karnataka,12.918585,74.861574,Zeon Charging,Public,GB/T,120,1176.68,CUST03326,Anjali Shetty,3.86,4541.98,Debit Card
STN0254,EV Charging Station 254,Chennai,Tamil Nadu,13.105864,80.261911,Jio-bp,Commercial,CCS2,120,824.2,CUST03327,Akhil Shetty,2.88,2373.7,UPI
STN0391,EV Charging Station 391,Mangaluru,Karnataka,12.957263,74.833998,Tata Power,Commercial,IEC 60309 3-pin,11,84.69,CUST03328,Amritha Shetty,2.23,188.86,UPI
STN0485,EV Charging Station 485,Kochi,Kerala,9.918935,76.240397,Zeon Charging,Private,IEC 60309 3-pin,120,712.56,CUST03329,Ravi Shetty,6.29,4482,Wallet
STN0091,EV Charging Station 091,Delhi,Delhi,28.57674,77.199216,Zeon Charging,Public,Type 2,7.2,48.06,CUST03330,Priya Shetty,1.88,90.35,UPI
STN0121,EV Charging Station 121,Delhi,Delhi,28.619984,77.21838,Ather Grid,Commercial,Type 2,60,427.59,CUST03331,Kiran Shetty,7.52,,UPI
STN0245,EV Charging Station 245,Belagavi,Karnataka,15.794176,74.503348,Zeon Charging,Public,CCS2,50,,CUST03332,Sneha Shetty,7.95,3824.59,Credit Card
STN0294,EV Charging Station 294,Belagavi,Karnataka,15.86385,74.4571,Tata Power,Commercial,Type 2,30,,CUST03333,Manoj Shetty,4.64,785.46,UPI
STN0167,EV Charging Station 167,Bengaluru,Karnataka,12.998831,77.565235,Statiq,Commercial,CCS2,3.3,25.17,CUST03334,Divya Shetty,5.21,131.14,UPI
STN0372,EV Charging Station 372,Belagavi,Karnataka,15.90021,74.490828,Ather Grid,Public,CCS2,,22.94,CUST03335,Suresh Shetty,7.68,176.18,Credit Card
STN0468,EV Charging Station 468,Hubballi,Karnataka,15.354237,75.136651,Statiq,Public,CCS2,150,1156.59,CUST03336,Lakshmi Shetty,2.9,3354.11,UPI
STN0106,EV Charging Station 106,Hyderabad,Telangana,17.343401,78.507299,Tata Power,Private,CCS2,50,214.97,CUST03337,Arun Rao,5.03,1081.3,Credit Card
STN0202,EV Charging Station 202,Mangaluru,Karnataka,12.88491,74.862793,Tata Power,Public,GB/T,7.2,32.52,CUST03338,Anjali Rao,2.5,81.3,UPI
STN0407,EV Charging Station 407,Delhi,Delhi,28.644264,77.202437,ChargeZone,Public,CCS2,7.2,42.53,CUST03339,Akhil Rao,0.54,22.97,UPI
STN0456,EV Charging Station 456,Delhi,Delhi,28.627372,77.235407,Zeon Charging,Private,Type 2,3.3,30.31,CUST03340,Amritha Rao,5.4,163.67,UPI
STN0203,EV Charging Station 203,,,17.352933,78.491324,Statiq,Public,Type 2,60,584.77,CUST03341,Ravi Rao,3.4,1988.22,Debit Card
STN0477,EV Charging Station 477,Chennai,Tamil Nadu,13.132483,80.272126,Ather Grid,Private,Type 2,150,1201.55,CUST03342,Priya Rao,0.67,805.04,Credit Card
STN0036,EV Charging Station 036,Belagavi,Karnataka,15.864399,74.515973,Zeon Charging,Private,Type 2,,199.42,CUST03343,,3.39,676.03,UPI
STN0235,EV Charging Station 235,Bengaluru,Karnataka,,77.54295,Ather Grid,Public,Type 2,11,46.27,CUST03344,Sneha Rao,7.16,331.29,Debit Card
STN0301,EV Charging Station 301,Bengaluru,Karnataka,12.955104,77.622215,Tata Power,Private,GB/T,30,237.38,CUST03345,Manoj Rao,1.37,325.21,UPI
STN0362,EV Charging Station 362,Hubballi,Karnataka,15.346799,75.140559,Ather Grid,Public,,7.2,56.12,CUST03346,Divya Rao,1.02,57.24,UPI
STN0490,EV Charging Station 490,Hubballi,Karnataka,15.382851,75.11399,ChargeZone,Private,CCS2,7.2,53.97,CUST03347,Suresh Rao,2.85,153.81,UPI
STN0128,EV Charging Station 128,Pune,Maharashtra,18.513925,73.789457,Zeon Charging,Public,Type 2,50,291.59,CUST03348,Lakshmi Rao,2.8,816.45,Wallet
STN0266,EV Charging Station 266,Chennai,Tamil Nadu,13.094517,80.25981,Zeon Charging,Public,CCS2,120,1134.48,CUST03349,Arun Iyer,3.44,3902.61,Credit Card
STN0370,EV Charging Station 370,Mangaluru,Karnataka,12.957959,74.925891,Zeon Charging,Private,IEC 60309 3-pin,11,84.42,CUST03350,,0.98,82.73,Wallet
STN0356,EV Charging Station 356,Hyderabad,Telangana,17.342723,78.442683,ChargeZone,Commercial,Type 2,7.2,52.9,CUST03351,Akhil Iyer,4.1,216.89,Debit Card
STN0325,EV Charging Station 325,Chennai,Tamil Nadu,13.095368,80.216834,Ather Grid,Private,Type 2,150,1447.16,CUST03352,Amritha Iyer,3.08,4457.25,UPI
STN0390,EV Charging Station 390,Pune,Maharashtra,18.506112,73.838835,Ather Grid,Public,CCS2,50,477.38,CUST03353,Ravi Iyer,5.03,2401.22,UPI
STN0070,EV Charging Station 070,Hubballi,Karnataka,15.359907,75.162481,ChargeZone,Public,CCS2,11,57.47,CUST03354,,5.13,294.82,UPI
STN0293,EV Charging Station 293,Hyderabad,Telangana,17.417925,78.460756,Tata Power,Private,CCS2,22,134.07,CUST03355,Kiran Iyer,1.9,254.73,Wallet
STN0023,EV Charging Station 023,Mumbai,Maharashtra,19.061146,72.862732,ChargeZone,Commercial,CHAdeMO,60,507.8,CUST03356,Sneha Iyer,7.29,3701.86,Credit Card
STN0018,,Delhi,Delhi,28.606096,77.217766,ChargeZone,Private,GB/T,120,801.74,CUST03357,Manoj Iyer,3.03,2429.27,UPI
STN0256,EV Charging Station 256,Bengaluru,Karnataka,12.976495,77.531865,Jio-bp,Public,CCS2,11,98.54,CUST03358,Divya Iyer,4.88,480.88,UPI
STN0395,EV Charging Station 395,Pune,Maharashtra,18.524202,73.833597,Ather Grid,Public,Type 2,30,157.46,CUST03359,Suresh Iyer,3.12,491.28,UPI
STN0402,EV Charging Station 402,Hyderabad,Telangana,17.386997,78.464434,Ather Grid,Public,Type 2,120,575.35,CUST03360,Lakshmi Iyer,4.35,2502.77,UPI
STN0172,EV Charging Station 172,Kochi,Kerala,9.988383,76.249004,Ather Grid,Public,CHAdeMO,22,115.94,CUST03361,Arun Nair,2.25,260.86,Debit Card
STN0319,EV Charging Station 319,Mangaluru,Karnataka,12.95421,74.884254,Zeon Charging,Public,GB/T,50,274.93,CUST03362,Anjali Nair,5.41,1487.37,UPI
STN0315,EV Charging Station 315,,Karnataka,12.298119,76.636864,Jio-bp,Private,GB/T,120,1178.99,CUST03363,Akhil Nair,7.51,8854.21,Credit Card
STN0132,EV Charging Station 132,Mangaluru,Karnataka,12.944699,74.845833,Statiq,Commercial,IEC 60309 3-pin,60,301.01,CUST03364,Amritha Nair,2.75,827.78,Credit Card
STN0216,,Hubballi,Karnataka,15.386213,75.127449,ChargeZone,Public,,150,1471.34,CUST03365,Ravi Nair,6.09,8960.46,Debit Card
STN0471,EV Charging Station 471,Delhi,Delhi,28.600562,77.265562,Jio-bp,Private,Type 2,60,354.5,CUST03366,Priya Nair,6.32,2240.44,UPI
STN0396,EV Charging Station 396,Bengaluru,Karnataka,13.006705,77.626616,Zeon Charging,Public,CCS2,60,414.9,CUST03367,Kiran Nair,1.49,618.2,UPI
STN0244,EV Charging Station 244,Mangaluru,Karnataka,12.952339,74.884389,ChargeZone,Commercial,Type 2,150,1297.74,CUST03368,Sneha Nair,5.63,7306.28,Credit Card
STN0425,EV Charging Station 425,Mangaluru,Karnataka,12.901368,,Jio-bp,Public,Type 2,120,662.84,CUST03369,Manoj Nair,0.89,589.93,UPI
STN0292,EV Charging Station 292,Mysuru,Karnataka,12.346794,76.659675,Jio-bp,Public,Type 2,50,258.22,CUST03370,Divya Nair,0.97,250.47,UPI
STN0373,EV Charging Station 373,Mumbai,Maharashtra,19.112904,72.962234,Statiq,Public,IEC 60309 3-pin,22,218.55,CUST03371,Suresh Nair,2.51,548.56,UPI
STN0486,EV Charging Station 486,Pune,,18.562693,73.889291,Jio-bp,Public,IEC 60309 3-pin,,1076.91,CUST03372,Lakshmi Nair,3.42,3683.03,Debit Card
STN0421,EV Charging Station 421,Mysuru,Karnataka,12.27931,76.643737,Tata Power,Public,CCS2,50,402.9,CUST03373,Arun Kumar,6.02,2425.46,Credit Card
STN0066,EV Charging Station 066,Bengaluru,Karnataka,12.953234,77.571084,Jio-bp,Public,GB/T,30,172.19,CUST03374,Anjali Kumar,,828.23,Credit Card
STN0358,EV Charging Station 358,Kochi,Kerala,9.973386,76.262413,Ather Grid,Private,GB/T,150,1218.36,CUST03375,Akhil Kumar,4.75,5787.21,Debit Card
STN0286,EV Charging Station 286,Delhi,Delhi,28.554684,77.167756,Zeon Charging,Public,Type 2,120,1069.99,CUST03376,Amritha Kumar,5.42,5799.35,Credit Card
STN0095,EV Charging Station 095,Chennai,Tamil Nadu,13.064928,80.282473,Jio-bp,Commercial,Type 2,30,279.05,CUST03377,Ravi Kumar,7.42,2070.55,Credit Card
STN0390,EV Charging Station 390,Mysuru,Karnataka,12.309638,76.621552,Zeon Charging,Private,CCS2,11,50.39,CUST03378,Priya Kumar,2.83,142.6,UPI
STN0325,EV Charging Station 325,Belagavi,Karnataka,15.852718,74.484534,Tata Power,Public,Type 2,30,137.39,CUST03379,Kiran Kumar,0.97,133.27,Credit Card
STN0452,EV Charging Station 452,Chennai,Tamil Nadu,13.111179,80.25496,Ather Grid,Public,CCS2,150,,CUST03380,Sneha Kumar,7.75,10243.87,UPI
STN0315,EV Charging Station 315,Pune,Maharashtra,18.499549,73.851948,ChargeZone,Public,CHAdeMO,7.2,62.48,CUST03381,Manoj Kumar,1.27,79.35,UPI
STN0454,EV Charging Station 454,Belagavi,Karnataka,15.820742,74.487632,ChargeZone,Public,Type 2,30,278.95,CUST03382,Divya Kumar,7.77,2167.44,Debit Card
STN0181,EV Charging Station 181,Delhi,Delhi,28.619409,77.1554,ChargeZone,Public,CHAdeMO,120,1004.51,CUST03383,Suresh Kumar,7.86,7895.45,UPI
STN0225,EV Charging Station 225,Mumbai,Maharashtra,19.078843,72.918842,ChargeZone,Public,CCS2,120,546.28,CUST03384,Lakshmi Kumar,6.38,3485.27,Credit Card
STN0045,EV Charging Station 045,Kochi,Kerala,9.931168,76.311872,Zeon Charging,Public,Type 2,50,479.41,CUST03385,Arun Sharma,3.53,1692.32,Credit Card
STN0364,EV Charging Station 364,Hubballi,Karnataka,15.350599,75.151755,Tata Power,Public,Type 2,22,176.26,CUST03386,Anjali Sharma,2.55,449.46,UPI
STN0301,EV Charging Station 301,Mysuru,Karnataka,12.255225,76.590624,Ather Grid,Public,GB/T,120,705.61,CUST03387,Akhil Sharma,1.45,1023.13,UPI
STN0338,EV Charging Station 338,Hyderabad,Telangana,17.435049,78.461378,Tata Power,Public,Type 2,120,779.57,CUST03388,Amritha Sharma,1.61,1255.11,Credit Card
STN0485,EV Charging Station 485,Chennai,Tamil Nadu,13.102803,80.259993,Ather Grid,Private,CCS2,150,831.11,CUST03389,Ravi Sharma,0.54,448.8,UPI
STN0450,EV Charging Station 450,Pune,Maharashtra,18.550785,73.880531,Tata Power,Public,CCS2,50,406.69,CUST03390,Priya Sharma,3.96,1610.49,
STN0216,EV Charging Station 216,Hubballi,Karnataka,15.373403,75.127176,Zeon Charging,Commercial,CCS2,22,151.74,CUST03391,,5.22,792.08,UPI
STN0252,EV Charging Station 252,Hubballi,Karnataka,15.422043,75.181303,Jio-bp,Private,CCS2,7.2,57.91,CUST03392,Sneha Sharma,5.43,314.45,Debit Card
STN0151,EV Charging Station 151,Bengaluru,Karnataka,13.002994,77.62,Jio-bp,Public,CCS2,,202.63,CUST03393,Manoj Sharma,1.29,261.39,Credit Card
STN0492,EV Charging Station 492,Kochi,Kerala,9.959348,76.287421,ChargeZone,Public,GB/T,11,107.57,CUST03394,Divya Sharma,1.86,200.08,Credit Card
STN0018,EV Charging Station 018,,Karnataka,12.981389,77.611041,Statiq,Public,Type 2,22,216.22,CUST03395,Suresh Sharma,7.59,1641.11,Cash
STN0407,EV Charging Station 407,Mysuru,Karnataka,12.306062,76.615216,Ather Grid,Public,GB/T,7.2,35.78,CUST03396,Lakshmi Sharma,7.84,280.52,Credit Card
STN0270,EV Charging Station 270,,Kerala,9.88221,76.243523,,Public,CCS2,11,109.66,CUST03397,Arun Reddy,7.21,,Credit Card
STN0149,EV Charging Station 149,Bengaluru,Karnataka,12.939308,77.547845,ChargeZone,Public,CCS2,150,1368.38,CUST03398,Anjali Reddy,4.83,,Credit Card
STN0036,EV Charging Station 036,Kochi,Kerala,9.97081,76.25297,Ather Grid,Private,Type 2,22,115.07,CUST03399,Akhil Reddy,3.29,378.58,Debit Card
STN0271,EV Charging Station 271,Bengaluru,Karnataka,12.918424,77.534685,Zeon Charging,Commercial,CCS2,30,184.58,CUST03400,Amritha Reddy,5.5,1015.19,UPI
STN0401,EV Charging Station 401,Pune,Maharashtra,18.429431,73.877648,Ather Grid,Public,GB/T,11,49.44,CUST03401,Ravi Reddy,2.06,101.85,Debit Card
STN0368,EV Charging Station 368,Chennai,Tamil Nadu,13.01906,80.339512,ChargeZone,Public,CCS2,60,401.82,CUST03402,Priya Reddy,0.74,297.35,Credit Card
STN0444,EV Charging Station 444,Mumbai,Maharashtra,19.078303,72.853157,Tata Power,Private,Type 2,22,109.51,CUST03403,Kiran Reddy,3.8,416.14,UPI
STN0313,EV Charging Station 313,Hubballi,Karnataka,15.426092,75.083286,Statiq,Public,CCS2,7.2,61.89,CUST03404,Sneha Reddy,5.05,312.54,UPI
STN0280,EV Charging Station 280,Delhi,Delhi,28.571826,77.17063,ChargeZone,Public,CCS2,7.2,32.99,CUST03405,Manoj Reddy,4.97,163.96,UPI
STN0079,EV Charging Station 079,Mangaluru,Karnataka,12.860874,74.848256,Zeon Charging,Public,CCS2,50,292.81,CUST03406,Divya Reddy,2.31,676.39,UPI
STN0160,EV Charging Station 160,Hyderabad,Telangana,17.397307,78.456319,ChargeZone,Public,CCS2,50,473.64,CUST03407,Suresh Reddy,1.92,909.39,Credit Card
STN0009,EV Charging Station 009,Mangaluru,Karnataka,12.925181,74.864141,Ather Grid,Public,CCS2,50,,CUST03408,Lakshmi Reddy,6.38,2949.22,Credit Card
STN0436,EV Charging Station 436,Mumbai,Maharashtra,19.093579,72.884168,Jio-bp,Public,GB/T,50,386.65,CUST03409,Arun Patil,,2045.38,Wallet
STN0326,EV Charging Station 326,Pune,Maharashtra,18.488844,73.854259,Jio-bp,Public,CHAdeMO,11,104.57,CUST03410,Anjali Patil,5.44,568.86,Credit Card
STN0274,EV Charging Station 274,Delhi,Delhi,28.686878,77.279891,Tata Power,Public,CCS2,11,52.06,CUST03411,Akhil Patil,0.64,33.32,Credit Card
STN0253,EV Charging Station 253,Hubballi,Karnataka,15.395215,75.129098,Jio-bp,Private,IEC 60309 3-pin,50,363.13,CUST03412,Amritha Patil,0.98,355.87,Wallet
STN0393,EV Charging Station 393,Pune,Maharashtra,18.503433,73.806,Jio-bp,Public,CCS2,11,98.73,CUST03413,Ravi Patil,2.58,254.72,UPI
STN0402,EV Charging Station 402,Hyderabad,Telangana,17.422874,78.496001,Statiq,Commercial,Type 2,120,598.56,CUST03414,Priya Patil,7.66,4584.97,Debit Card
STN0467,EV Charging Station 467,Bengaluru,Karnataka,12.903124,77.590028,Jio-bp,,CCS2,120,564.43,CUST03415,Kiran Patil,2.07,1168.37,UPI
STN0358,EV Charging Station 358,Pune,Maharashtra,18.513868,73.870642,Statiq,Private,CCS2,120,987.85,CUST03416,Sneha Patil,6.58,6500.05,UPI
STN0472,EV Charging Station 472,Mumbai,Maharashtra,19.119215,72.929393,Statiq,Private,Type 2,150,1395.84,CUST03417,Manoj Patil,6.2,8654.21,UPI
STN0474,EV Charging Station 474,Mysuru,Karnataka,12.313891,76.669401,Statiq,Public,CCS2,30,147.23,CUST03418,Divya Patil,7.83,1152.81,UPI
STN0433,EV Charging Station 433,Delhi,Delhi,28.62721,77.216185,Ather Grid,Public,Type 2,30,267.21,CUST03419,Suresh Patil,0.78,208.42,UPI
STN0195,EV Charging Station 195,Kochi,Kerala,9.906669,76.217826,ChargeZone,Private,CCS2,11,55.06,CUST03420,Lakshmi Patil,3.64,200.42,Credit Card
STN0468,EV Charging Station 468,Kochi,Kerala,9.914423,76.318533,Ather Grid,Public,Type 2,7.2,39.48,CUST03421,Arun Shetty,5.77,227.8,Cash
STN0047,EV Charging Station 047,Hubballi,Karnataka,15.350642,75.099479,Ather Grid,Private,CCS2,30,202.68,CUST03422,Anjali Shetty,6.28,1272.83,Credit Card
STN0300,EV Charging Station 300,Mangaluru,Karnataka,12.926137,74.931838,Ather Grid,Private,CCS2,22,95.92,CUST03423,Akhil Shetty,2.73,,UPI
STN0499,EV Charging Station 499,Mangaluru,Karnataka,12.976382,74.87965,Tata Power,Public,CCS2,22,90.14,CUST03424,Amritha Shetty,3.63,327.21,Cash
STN0417,EV Charging Station 417,Hyderabad,Telangana,17.389656,78.522933,ChargeZone,Public,Type 2,60,351.43,CUST03425,Ravi Shetty,6.31,2217.52,UPI
STN0371,EV Charging Station 371,Belagavi,Karnataka,15.859063,74.445021,Tata Power,Public,CCS2,30,279.79,CUST03426,Priya Shetty,6.78,1896.98,UPI
STN0047,EV Charging Station 047,Hubballi,Karnataka,15.362133,75.080993,Tata Power,Public,CHAdeMO,30,125.31,CUST03427,Kiran Shetty,7.22,904.74,Credit Card
STN0275,EV Charging Station 275,Delhi,Delhi,28.637852,77.206211,Statiq,Commercial,GB/T,120,1160.65,CUST03428,Sneha Shetty,7.89,9157.53,Wallet
STN0459,EV Charging Station 459,Mysuru,Karnataka,12.338598,76.605553,Ather Grid,Private,CHAdeMO,7.2,69.54,CUST03429,Manoj Shetty,7.91,550.06,Debit Card
STN0334,,Mysuru,Karnataka,12.292882,76.632512,Jio-bp,Public,CCS2,11,86.24,CUST03430,Divya Shetty,4.35,375.14,UPI
STN0322,EV Charging Station 322,Hyderabad,Telangana,17.382936,78.466978,,Commercial,Type 2,11,105.62,CUST03431,Suresh Shetty,4.05,427.76,Wallet
STN0307,EV Charging Station 307,Hubballi,Karnataka,15.351687,75.151156,Tata Power,Private,Type 2,120,484.64,CUST03432,Lakshmi Shetty,0.85,411.94,Debit Card
STN0163,EV Charging Station 163,Bengaluru,Karnataka,12.977287,77.610922,Tata Power,Commercial,Type 2,50,311.07,CUST03433,Arun Rao,7.23,2249.04,
STN0100,EV Charging Station 100,Mysuru,Karnataka,12.281782,76.617374,Jio-bp,Commercial,CCS2,7.2,44.01,CUST03434,Anjali Rao,6.94,305.43,Credit Card
STN0290,EV Charging Station 290,Hubballi,Karnataka,15.288332,75.077847,Tata Power,Private,CCS2,30,204.41,CUST03435,Akhil Rao,0.73,149.22,Wallet
STN0107,EV Charging Station 107,,Maharashtra,19.084557,72.90836,Statiq,Public,CCS2,11,74.89,CUST03436,Amritha Rao,7.35,550.44,UPI
STN0282,EV Charging Station 282,Mysuru,Karnataka,12.29765,76.625504,Zeon Charging,Commercial,Type 2,11,,CUST03437,Ravi Rao,0.68,52.12,Credit Card
STN0411,EV Charging Station 411,Mumbai,Maharashtra,19.066895,72.963052,Ather Grid,Public,CCS2,60,493.32,CUST03438,Priya Rao,3.28,1618.09,UPI
STN0406,EV Charging Station 406,Bengaluru,Karnataka,13.060006,77.617218,Zeon Charging,Public,CCS2,30,207.24,CUST03439,Kiran Rao,6.63,1374,Credit Card
STN0427,EV Charging Station 427,Mumbai,Maharashtra,19.047855,72.930476,Statiq,Public,,30,140.51,CUST03440,Sneha Rao,6.76,949.85,UPI
STN0299,EV Charging Station 299,Mumbai,Maharashtra,19.130097,72.865562,Jio-bp,Public,CHAdeMO,50,271,CUST03441,Manoj Rao,,1281.83,Debit Card
STN0065,EV Charging Station 065,Hyderabad,Telangana,17.395271,78.508995,Tata Power,Commercial,CHAdeMO,7.2,32.59,CUST03442,Divya Rao,6.81,221.94,UPI
STN0470,EV Charging Station 470,Mumbai,,19.124123,72.852783,Jio-bp,Commercial,CCS2,7.2,61.25,CUST03443,Suresh Rao,4.76,291.55,UPI
STN0340,EV Charging Station 340,Pune,Maharashtra,18.535206,73.836682,Zeon Charging,Commercial,Type 2,22,116.69,CUST03444,Lakshmi Rao,4.53,528.61,Credit Card
STN0355,EV Charging Station 355,Mysuru,Karnataka,12.286884,76.59749,Statiq,Public,CCS2,50,291.98,CUST03445,Arun Iyer,7.68,2242.41,UPI
STN0471,,Mysuru,Karnataka,12.278466,76.666555,Jio-bp,Public,IEC 60309 3-pin,50,254.25,CUST03446,Anjali Iyer,5.24,1332.27,Credit Card
STN0367,EV Charging Station 367,Hubballi,Karnataka,15.365696,75.159668,Ather Grid,Public,IEC 60309 3-pin,22,132.21,CUST03447,Akhil Iyer,5.54,732.44,UPI
STN0363,EV Charging Station 363,Pune,Maharashtra,18.525764,73.8599,Ather Grid,Public,IEC 60309 3-pin,7.2,62.57,CUST03448,Amritha Iyer,1.59,99.49,UPI
STN0038,EV Charging Station 038,Mangaluru,Karnataka,12.954573,74.83619,Ather Grid,Public,CCS2,50,359.86,CUST03449,Ravi Iyer,4.16,1497.02,Debit Card
STN0485,EV Charging Station 485,Pune,Maharashtra,18.51194,73.856907,Tata Power,Public,IEC 60309 3-pin,7.2,29.89,CUST03450,Priya Iyer,1.17,34.97,UPI
STN0307,EV Charging Station 307,Mangaluru,Karnataka,12.915105,74.860853,Tata Power,Public,IEC 60309 3-pin,7.2,65.63,CUST03451,Kiran Iyer,6.87,450.88,UPI
STN0024,EV Charging Station 024,Kochi,Kerala,9.893153,76.295465,Tata Power,Public,IEC 60309 3-pin,50,205.78,CUST03452,Sneha Iyer,4.33,891.03,UPI
STN0314,EV Charging Station 314,Bengaluru,Karnataka,12.871061,77.5721,Jio-bp,Commercial,Type 2,11,60.85,CUST03453,,6.57,399.78,Credit Card
STN0416,EV Charging Station 416,Pune,Maharashtra,18.554247,73.805884,Tata Power,Commercial,Type 2,30,152.13,CUST03454,Divya Iyer,6.74,1025.36,Cash
STN0288,EV Charging Station 288,Kochi,Kerala,9.933808,76.289387,Statiq,,Type 2,60,528.41,CUST03455,Suresh Iyer,6.46,3413.53,Credit Card
STN0194,EV Charging Station 194,Mangaluru,Karnataka,12.895013,74.82587,Jio-bp,Public,CCS2,30,292.07,CUST03456,Lakshmi Iyer,3.34,975.51,Debit Card
STN0260,EV Charging Station 260,Hubballi,Karnataka,15.353478,75.124401,Statiq,Public,CCS2,7.2,39.22,CUST03457,Arun Nair,6.16,241.6,UPI
STN0236,EV Charging Station 236,Chennai,Tamil Nadu,13.108032,80.254091,Tata Power,Public,CCS2,7.2,50.81,CUST03458,Anjali Nair,7.73,392.76,Credit Card
STN0202,EV Charging Station 202,Mysuru,Karnataka,12.283405,76.669125,Ather Grid,Public,Type 2,7.2,67.67,CUST03459,Akhil Nair,4.47,302.48,UPI
STN0048,EV Charging Station 048,Delhi,Delhi,28.653561,77.161061,ChargeZone,Private,Type 2,11,66.89,CUST03460,Amritha Nair,2.82,188.63,Debit Card
STN0161,EV Charging Station 161,Chennai,Tamil Nadu,,80.317221,ChargeZone,Public,Type 2,120,817.71,CUST03461,Ravi Nair,1.21,989.43,Debit Card
STN0387,EV Charging Station 387,,Karnataka,15.844589,74.508406,Statiq,Commercial,CCS2,7.2,57.65,CUST03462,Priya Nair,3.85,221.95,Wallet
STN0113,EV Charging Station 113,Delhi,Delhi,28.634707,77.238391,ChargeZone,Public,CCS2,22,130.33,CUST03463,Kiran Nair,3.39,441.82,UPI
STN0305,EV Charging Station 305,Belagavi,Karnataka,15.856488,74.449578,Statiq,Commercial,CCS2,7.2,36.87,CUST03464,Sneha Nair,2.54,93.65,Wallet
STN0242,EV Charging Station 242,Pune,Maharashtra,18.531113,73.883816,Zeon Charging,Commercial,Type 2,7.2,42.41,CUST03465,Manoj Nair,6.58,279.06,UPI
STN0241,EV Charging Station 241,Mumbai,Maharashtra,19.071231,72.863519,Ather Grid,Commercial,CHAdeMO,22,128.59,CUST03466,Divya Nair,2.12,272.61,Credit Card
STN0157,EV Charging Station 157,Delhi,Delhi,28.669259,77.269862,Tata Power,Public,Type 2,120,1090.27,CUST03467,Suresh Nair,5.77,6290.86,Debit Card
STN0075,EV Charging Station 075,Belagavi,Karnataka,15.82328,74.477996,Ather Grid,Public,Type 2,50,246.83,CUST03468,Lakshmi Nair,2.28,562.77,UPI
STN0025,EV Charging Station 025,Belagavi,Karnataka,15.796822,74.422168,Ather Grid,Private,CCS2,3.3,22.49,CUST03469,Arun Kumar,0.54,12.14,UPI
STN0163,EV Charging Station 163,Mysuru,Karnataka,12.348868,76.613954,Ather Grid,Public,GB/T,3.3,16.57,CUST03470,Anjali Kumar,4.89,81.03,Credit Card
STN0385,EV Charging Station 385,,Karnataka,12.980873,74.840758,Tata Power,Public,CHAdeMO,50,303.57,CUST03471,Akhil Kumar,2.18,661.78,UPI
STN0499,EV Charging Station 499,Mumbai,Maharashtra,19.045751,72.884178,Jio-bp,Commercial,Type 2,7.2,32.34,CUST03472,Amritha Kumar,5.25,169.79,Wallet
STN0184,EV Charging Station 184,Delhi,Delhi,28.614698,77.239576,ChargeZone,Commercial,Type 2,120,727.75,CUST03473,Ravi Kumar,2.94,2139.58,UPI
STN0412,EV Charging Station 412,Belagavi,Karnataka,15.859439,74.488164,Statiq,Public,CCS2,50,319.39,CUST03474,Priya Kumar,2.17,693.08,UPI
STN0334,EV Charging Station 334,Bengaluru,Karnataka,12.932635,77.533096,Ather Grid,Private,CCS2,150,799.51,CUST03475,Kiran Kumar,7.9,6316.13,Debit Card
STN0201,EV Charging Station 201,Belagavi,Karnataka,15.801923,74.479571,ChargeZone,Public,GB/T,120,689.49,CUST03476,Sneha Kumar,4.16,2868.28,Debit Card
STN0036,EV Charging Station 036,Chennai,Tamil Nadu,13.061825,80.270759,,Public,Type 2,7.2,40.14,CUST03477,Manoj Kumar,6.19,248.47,UPI
STN0028,EV Charging Station 028,Delhi,Delhi,28.636286,77.220935,Zeon Charging,Public,IEC 60309 3-pin,22,120.56,CUST03478,Divya Kumar,1.97,237.5,Credit Card
STN0265,EV Charging Station 265,Mysuru,Karnataka,12.31229,76.609036,Tata Power,Private,Type 2,60,276.78,CUST03479,Suresh Kumar,7.19,1990.05,Credit Card
STN0416,EV Charging Station 416,Bengaluru,Karnataka,12.956862,77.634439,ChargeZone,Public,GB/T,150,1023.15,CUST03480,Lakshmi Kumar,3.87,3959.59,
STN0231,EV Charging Station 231,,Maharashtra,18.562344,73.89197,Statiq,Public,Type 2,22,178.94,CUST03481,Arun Sharma,7.76,1388.57,Credit Card
STN0056,EV Charging Station 056,Mumbai,Maharashtra,19.13017,72.873946,Jio-bp,Public,CHAdeMO,60,497.56,CUST03482,Anjali Sharma,6.05,3010.24,UPI
STN0296,EV Charging Station 296,Mangaluru,Karnataka,12.902167,74.833245,Zeon Charging,Public,IEC 60309 3-pin,22,154.72,CUST03483,Akhil Sharma,5.84,903.56,UPI
STN0481,EV Charging Station 481,Kochi,Kerala,9.911448,76.281395,Statiq,Public,CCS2,22,131.71,CUST03484,Amritha Sharma,7.08,932.51,
STN0492,EV Charging Station 492,Bengaluru,Karnataka,12.968325,77.596221,Tata Power,Public,Type 2,120,938.87,CUST03485,Ravi Sharma,2.75,,Cash
STN0267,EV Charging Station 267,Pune,Maharashtra,18.464203,73.870273,Jio-bp,Private,CCS2,30,144.75,CUST03486,Priya Sharma,2.78,402.4,Credit Card
STN0293,EV Charging Station 293,Belagavi,Karnataka,15.799966,74.456099,ChargeZone,Public,IEC 60309 3-pin,150,779.53,CUST03487,Kiran Sharma,1.47,1145.91,Credit Card
STN0015,EV Charging Station 015,Hyderabad,Telangana,17.400321,78.489475,Zeon Charging,Public,CCS2,7.2,36.17,CUST03488,Sneha Sharma,6.43,232.57,UPI
STN0434,EV Charging Station 434,Bengaluru,Karnataka,12.946002,77.606412,Tata Power,Public,GB/T,60,510.01,CUST03489,Manoj Sharma,1.93,984.32,Wallet
STN0269,EV Charging Station 269,Chennai,Tamil Nadu,13.09781,80.229394,Jio-bp,Public,GB/T,30,269.09,CUST03490,Divya Sharma,6.01,1617.23,UPI
STN0152,EV Charging Station 152,Hubballi,Karnataka,15.358857,75.117378,Ather Grid,Public,Type 2,50,435.36,CUST03491,Suresh Sharma,7.37,3208.6,UPI
STN0181,EV Charging Station 181,Mysuru,Karnataka,12.256027,76.626046,Statiq,Public,CCS2,7.2,48.09,CUST03492,Lakshmi Sharma,3.72,178.89,UPI
STN0316,EV Charging Station 316,Bengaluru,Karnataka,12.910124,77.517749,Zeon Charging,Public,IEC 60309 3-pin,150,875.79,CUST03493,Arun Reddy,2.62,2294.57,Credit Card
STN0296,EV Charging Station 296,Chennai,Tamil Nadu,13.062433,80.237104,Tata Power,Public,IEC 60309 3-pin,50,209.01,CUST03494,Anjali Reddy,,242.45,UPI
STN0454,EV Charging Station 454,,Karnataka,13.002559,77.598469,Jio-bp,Public,CCS2,11,74.05,CUST03495,Akhil Reddy,1.71,126.63,Wallet
STN0467,EV Charging Station 467,Kochi,Kerala,9.943303,76.345116,Jio-bp,Private,GB/T,7.2,62.93,CUST03496,Amritha Reddy,3.54,222.77,UPI
STN0439,EV Charging Station 439,Hubballi,Karnataka,15.326651,75.096312,Jio-bp,Commercial,CCS2,3.3,28.05,CUST03497,Ravi Reddy,2.09,58.62,UPI
STN0300,EV Charging Station 300,Delhi,Delhi,28.610002,77.231114,Tata Power,Public,CCS2,7.2,40.73,CUST03498,Priya Reddy,3.33,135.63,UPI
STN0251,EV Charging Station 251,Mumbai,Maharashtra,19.131404,72.88248,Jio-bp,Private,CHAdeMO,50,383.53,CUST03499,Kiran Reddy,7.06,2707.72,UPI
STN0430,EV Charging Station 430,Pune,Maharashtra,18.584968,73.867951,Zeon Charging,Public,CCS2,60,316.69,CUST03500,Sneha Reddy,1.03,326.19,UPI
STN0366,EV Charging Station 366,Bengaluru,Karnataka,12.969823,77.636019,Ather Grid,Public,Type 2,11,44.96,CUST03501,Manoj Reddy,,34.17,UPI
STN0463,EV Charging Station 463,Mangaluru,Karnataka,12.934292,74.876496,ChargeZone,Private,Type 2,7.2,39.02,CUST03502,Divya Reddy,5.94,231.78,UPI
STN0093,EV Charging Station 093,Chennai,Tamil Nadu,13.075208,80.214714,,Public,IEC 60309 3-pin,120,519.11,CUST03503,Suresh Reddy,7.66,3976.38,Credit Card
STN0482,EV Charging Station 482,Hubballi,Karnataka,15.372316,75.092245,Statiq,Public,Type 2,60,254.77,CUST03504,Lakshmi Reddy,1.11,282.79,Credit Card
STN0455,EV Charging Station 455,Hubballi,Karnataka,15.33839,75.170061,Zeon Charging,Commercial,Type 2,11,70.68,CUST03505,Arun Patil,7.72,545.65,UPI
STN0441,EV Charging Station 441,Mysuru,Karnataka,12.280366,76.660348,Zeon Charging,Private,Type 2,7.2,56.47,CUST03506,Anjali Patil,3.57,201.6,Credit Card
STN0126,EV Charging Station 126,,Karnataka,15.892703,74.499269,Ather Grid,Private,IEC 60309 3-pin,120,568.14,CUST03507,Akhil Patil,7.15,4062.2,Cash
STN0118,EV Charging Station 118,Belagavi,Karnataka,15.817269,74.49566,Jio-bp,Public,Type 2,50,409.53,CUST03508,Amritha Patil,0.53,217.05,UPI
STN0377,EV Charging Station 377,Bengaluru,Karnataka,12.901867,77.593122,ChargeZone,Private,IEC 60309 3-pin,7.2,43.52,CUST03509,,2.93,127.51,UPI
STN0440,EV Charging Station 440,Hubballi,Karnataka,15.366722,75.077169,Tata Power,Public,GB/T,50,367.28,CUST03510,Priya Patil,2.38,874.13,Credit Card
STN0102,EV Charging Station 102,Mysuru,Karnataka,12.257378,76.679251,Jio-bp,Public,Type 2,7.2,67.8,CUST03511,Kiran Patil,7.44,504.43,Credit Card
STN0494,EV Charging Station 494,Kochi,Kerala,9.935891,76.282776,ChargeZone,Commercial,GB/T,120,630.57,CUST03512,Sneha Patil,0.61,384.65,Credit Card
STN0436,EV Charging Station 436,Delhi,Delhi,28.557254,77.154652,ChargeZone,Public,Type 2,7.2,55.14,CUST03513,Manoj Patil,2.23,122.96,Credit Card
STN0483,EV Charging Station 483,Delhi,Delhi,28.631403,77.193337,ChargeZone,Public,CCS2,7.2,38.29,CUST03514,Divya Patil,3.83,146.65,Credit Card
STN0495,EV Charging Station 495,Kochi,Kerala,9.910095,76.314553,Ather Grid,Public,CCS2,50,354.11,CUST03515,Suresh Patil,6.08,2152.99,UPI
STN0167,EV Charging Station 167,Belagavi,Karnataka,15.885953,74.566021,Tata Power,Public,Type 2,22,135.3,CUST03516,Lakshmi Patil,2.99,404.55,Debit Card
STN0251,EV Charging Station 251,Chennai,Tamil Nadu,13.109214,80.28722,Ather Grid,Commercial,GB/T,22,105.81,CUST03517,Arun Shetty,4.72,499.42,Credit Card
STN0088,EV Charging Station 088,Bengaluru,Karnataka,12.919168,77.579301,Statiq,Public,IEC 60309 3-pin,7.2,36.29,CUST03518,Anjali Shetty,0.54,19.6,Credit Card
STN0405,EV Charging Station 405,Mysuru,Karnataka,12.319851,76.651601,Zeon Charging,Public,IEC 60309 3-pin,11,66.8,CUST03519,Akhil Shetty,6.46,431.53,UPI
STN0027,EV Charging Station 027,Hubballi,Karnataka,15.399811,75.105141,Jio-bp,Public,CCS2,50,293.72,CUST03520,Amritha Shetty,4.05,1189.57,Debit Card
STN0115,EV Charging Station 115,Hubballi,Karnataka,15.388352,75.114448,Statiq,Commercial,CCS2,11,71.99,CUST03521,Ravi Shetty,0.73,52.55,UPI
STN0303,EV Charging Station 303,Hubballi,Karnataka,15.332401,75.085597,ChargeZone,Public,CHAdeMO,7.2,40.06,CUST03522,Priya Shetty,5.68,227.54,UPI
STN0324,EV Charging Station 324,Kochi,Kerala,9.918769,76.280885,ChargeZone,Public,IEC 60309 3-pin,30,248.29,CUST03523,Kiran Shetty,5.9,1464.91,UPI
STN0198,EV Charging Station 198,Hyderabad,Telangana,,78.541617,Jio-bp,Private,GB/T,150,1083.34,CUST03524,Sneha Shetty,1.02,1105.01,Cash
STN0064,EV Charging Station 064,Mangaluru,Karnataka,12.953903,74.789415,Jio-bp,Public,Type 2,22,151.01,CUST03525,Manoj Shetty,2.91,439.44,UPI
STN0115,EV Charging Station 115,Bengaluru,Karnataka,12.967976,77.61362,Tata Power,Public,GB/T,150,978.01,CUST03526,Divya Shetty,5.84,5711.58,UPI
STN0479,EV Charging Station 479,Mysuru,Karnataka,12.275393,76.652515,Tata Power,Public,GB/T,50,420.62,CUST03527,Suresh Shetty,1.19,500.54,Debit Card
STN0326,EV Charging Station 326,Mumbai,Maharashtra,19.076071,72.902576,Jio-bp,Public,IEC 60309 3-pin,30,168.47,CUST03528,Lakshmi Shetty,0.78,131.41,UPI
STN0410,EV Charging Station 410,Chennai,Tamil Nadu,13.033277,80.229548,Tata Power,Public,CHAdeMO,22,143.14,CUST03529,Arun Rao,3.25,465.2,Wallet
STN0426,EV Charging Station 426,Mangaluru,Karnataka,12.889269,74.803203,Jio-bp,Private,CCS2,120,909.43,CUST03530,Anjali Rao,2.85,2591.88,UPI
STN0436,EV Charging Station 436,Hyderabad,Telangana,17.39808,78.459185,Jio-bp,Public,Type 2,22,92.52,CUST03531,Akhil Rao,5.52,510.71,UPI
STN0451,EV Charging Station 451,Belagavi,Karnataka,15.868563,74.483612,Statiq,Public,Type 2,3.3,32.67,CUST03532,Amritha Rao,4.29,140.15,Credit Card
STN0280,EV Charging Station 280,Delhi,Delhi,28.626574,77.225142,ChargeZone,Public,CCS2,7.2,54.88,CUST03533,Ravi Rao,0.94,51.59,
STN0159,EV Charging Station 159,Chennai,Tamil Nadu,13.073087,80.227384,Tata Power,Public,GB/T,7.2,36.09,CUST03534,Priya Rao,5.73,206.8,Cash
STN0370,EV Charging Station 370,Mangaluru,Karnataka,12.916502,74.875874,Tata Power,,CHAdeMO,7.2,36.11,CUST03535,Kiran Rao,5.44,196.44,UPI
STN0363,EV Charging Station 363,Mysuru,Karnataka,12.302238,76.624951,Zeon Charging,Public,GB/T,120,1083.76,CUST03536,Sneha Rao,7.91,8572.54,Wallet
STN0096,EV Charging Station 096,Mysuru,Karnataka,12.357173,76.57991,Statiq,Public,Type 2,30,240.59,CUST03537,Manoj Rao,3.52,846.88,Debit Card
STN0399,EV Charging Station 399,Mysuru,Karnataka,12.277206,76.657274,Tata Power,Public,IEC 60309 3-pin,22,147.09,CUST03538,Divya Rao,5.97,878.13,UPI
STN0446,EV Charging Station 446,Belagavi,Karnataka,15.833505,74.529526,Jio-bp,Private,Type 2,11,54.65,CUST03539,Suresh Rao,3.69,201.66,Debit Card
STN0199,EV Charging Station 199,Pune,Maharashtra,18.554387,73.899636,ChargeZone,Private,IEC 60309 3-pin,60,371.04,CUST03540,Lakshmi Rao,2.33,864.52,Credit Card
STN0341,EV Charging Station 341,Bengaluru,Karnataka,12.969067,77.636048,ChargeZone,Public,CCS2,30,276.41,CUST03541,Arun Iyer,4.95,1368.23,Credit Card
STN0089,EV Charging Station 089,Hyderabad,Telangana,17.421344,78.489017,Zeon Charging,Public,CCS2,50,251.43,CUST03542,Anjali Iyer,7.99,2008.93,Credit Card
STN0044,EV Charging Station 044,Hubballi,Karnataka,15.340339,75.12014,Ather Grid,Public,Type 2,11,98.17,CUST03543,Akhil Iyer,6.04,592.95,Wallet
STN0457,EV Charging Station 457,Mangaluru,Karnataka,12.837693,74.829367,Tata Power,Private,IEC 60309 3-pin,150,768.75,CUST03544,Amritha Iyer,6.58,5058.38,Credit Card
STN0459,EV Charging Station 459,Mangaluru,Karnataka,12.915686,74.809109,Statiq,Public,Type 2,7.2,31.6,CUST03545,Ravi Iyer,6.67,210.77,UPI
STN0493,EV Charging Station 493,Chennai,Tamil Nadu,13.092172,80.300727,Zeon Charging,Public,GB/T,22,140.67,CUST03546,Priya Iyer,0.54,75.96,UPI
STN0130,EV Charging Station 130,Mysuru,Karnataka,12.334806,76.626397,Zeon Charging,Public,GB/T,120,611.07,CUST03547,Kiran Iyer,2.48,1515.45,Debit Card
STN0405,EV Charging Station 405,Hubballi,Karnataka,15.349171,75.138449,Ather Grid,Private,Type 2,150,1169.1,CUST03548,Sneha Iyer,4.19,4898.53,Debit Card
STN0068,EV Charging Station 068,Mangaluru,Karnataka,12.946946,74.892674,Tata Power,Private,Type 2,7.2,35.35,CUST03549,Manoj Iyer,0.87,30.75,Debit Card
STN0272,EV Charging Station 272,Pune,Maharashtra,18.522758,73.83365,Statiq,Private,CCS2,22,214.11,CUST03550,Divya Iyer,5.18,1109.09,Credit Card
STN0176,EV Charging Station 176,Delhi,Delhi,28.643479,77.197909,Tata Power,Public,GB/T,7.2,47.19,CUST03551,Suresh Iyer,2.37,111.84,Debit Card
STN0400,EV Charging Station 400,Hubballi,Karnataka,15.448045,75.069391,Jio-bp,Public,GB/T,50,414.54,CUST03552,Lakshmi Iyer,4.43,1836.41,UPI
STN0224,EV Charging Station 224,Bengaluru,Karnataka,13.049974,77.581416,Statiq,Private,GB/T,120,1178.43,CUST03553,Arun Nair,3.66,4313.05,Cash
STN0325,EV Charging Station 325,Mysuru,Karnataka,12.313376,76.687607,Ather Grid,Public,CHAdeMO,7.2,36.73,CUST03554,Anjali Nair,4.09,,Credit Card
STN0032,EV Charging Station 032,Hyderabad,Telangana,17.379805,78.461366,ChargeZone,Public,Type 2,120,834.6,CUST03555,Akhil Nair,2.67,2228.38,Credit Card
STN0331,EV Charging Station 331,Mysuru,Karnataka,12.265337,76.682019,Zeon Charging,Public,Type 2,60,571.16,CUST03556,Amritha Nair,4.72,2695.88,Wallet
STN0023,EV Charging Station 023,Hubballi,Karnataka,15.320487,75.134722,,Commercial,GB/T,11,74.33,CUST03557,Ravi Nair,2.36,175.42,Credit Card
STN0049,EV Charging Station 049,Mumbai,Maharashtra,19.080562,72.906028,ChargeZone,Commercial,GB/T,150,,CUST03558,Priya Nair,6.71,7226.07,UPI
STN0106,EV Charging Station 106,Delhi,Delhi,28.653919,77.204146,ChargeZone,Private,CCS2,22,167.26,CUST03559,Kiran Nair,6.84,1144.06,UPI
STN0446,EV Charging Station 446,Chennai,Tamil Nadu,13.087437,80.271872,Statiq,Private,Type 2,150,955.97,CUST03560,Sneha Nair,2.2,2103.13,Debit Card
STN0200,EV Charging Station 200,Kochi,Kerala,9.903124,76.282577,Tata Power,Public,Type 2,60,464.48,CUST03561,Manoj Nair,3.44,1597.81,Wallet
STN0121,EV Charging Station 121,Chennai,Tamil Nadu,13.046361,80.300111,Ather Grid,Public,CCS2,30,204.72,CUST03562,Divya Nair,7.22,1478.08,Debit Card
STN0442,EV Charging Station 442,Kochi,Kerala,9.929253,76.293225,Zeon Charging,Private,CCS2,7.2,34.11,CUST03563,,1.85,63.1,UPI
STN0432,EV Charging Station 432,Hubballi,Karnataka,15.378856,75.176613,Ather Grid,Public,CCS2,60,337.2,CUST03564,Lakshmi Nair,1.28,431.62,Credit Card
STN0243,EV Charging Station 243,Hubballi,Karnataka,15.321499,75.162222,Ather Grid,Public,CCS2,7.2,60.58,CUST03565,Arun Kumar,7.26,439.81,UPI
STN0319,EV Charging Station 319,Hubballi,Karnataka,15.390358,75.092483,Statiq,Private,Type 2,30,182.57,CUST03566,Anjali Kumar,4.55,830.69,Debit Card
STN0093,EV Charging Station 093,Bengaluru,Karnataka,12.961381,77.657752,Zeon Charging,Commercial,Type 2,30,174.82,CUST03567,Akhil Kumar,7.8,1363.6,Credit Card
STN0444,,Hyderabad,Telangana,17.359506,78.466619,Tata Power,Commercial,CCS2,7.2,44.24,CUST03568,Amritha Kumar,1.5,66.36,UPI
STN0440,EV Charging Station 440,Mumbai,Maharashtra,19.05313,72.9149,Statiq,Public,GB/T,50,233.17,CUST03569,Ravi Kumar,3.71,865.06,Wallet
STN0045,EV Charging Station 045,Bengaluru,Karnataka,12.993869,77.57613,Zeon Charging,Commercial,CCS2,30,139.67,CUST03570,Priya Kumar,4.66,650.86,Wallet
STN0029,EV Charging Station 029,Kochi,Kerala,9.883073,76.283211,ChargeZone,Private,GB/T,60,244,CUST03571,Kiran Kumar,7.97,1944.68,Cash
STN0445,EV Charging Station 445,Bengaluru,Karnataka,12.981344,77.5894,Tata Power,Commercial,Type 2,120,1027.48,CUST03572,Sneha Kumar,7.54,7747.2,Debit Card
STN0081,EV Charging Station 081,Chennai,Tamil Nadu,13.020473,80.270931,Zeon Charging,Public,GB/T,50,218.16,CUST03573,Manoj Kumar,1.24,270.52,UPI
STN0456,EV Charging Station 456,Chennai,Tamil Nadu,13.099245,80.256342,Jio-bp,Private,IEC 60309 3-pin,150,1452.55,CUST03574,Divya Kumar,7.7,11184.64,Debit Card
STN0477,EV Charging Station 477,Delhi,Delhi,28.632306,77.281312,ChargeZone,Commercial,IEC 60309 3-pin,60,533.59,CUST03575,Suresh Kumar,2.37,1264.61,UPI
STN0067,EV Charging Station 067,Pune,Maharashtra,18.606343,73.810075,Tata Power,Private,Type 2,120,1063.28,CUST03576,Lakshmi Kumar,5.77,6135.13,Credit Card
STN0123,EV Charging Station 123,Belagavi,Karnataka,15.891163,74.493386,Statiq,Public,Type 2,3.3,32.28,CUST03577,Arun Sharma,3.54,,Debit Card
STN0441,EV Charging Station 441,Belagavi,Karnataka,15.820073,74.461092,ChargeZone,Public,CHAdeMO,7.2,45.19,CUST03578,Anjali Sharma,1.2,54.23,UPI
STN0026,EV Charging Station 026,Pune,Maharashtra,18.444757,73.89432,ChargeZone,Private,Type 2,50,402.28,CUST03579,Akhil Sharma,1.88,756.29,UPI
STN0261,EV Charging Station 261,Belagavi,Karnataka,15.877475,74.503245,Statiq,Commercial,CCS2,50,203.11,CUST03580,Amritha Sharma,2.59,526.05,Credit Card
STN0062,EV Charging Station 062,Bengaluru,Karnataka,12.979048,77.601616,Ather Grid,Public,GB/T,,112.61,CUST03581,Ravi Sharma,7.74,,UPI
STN0361,EV Charging Station 361,Bengaluru,Karnataka,12.961785,77.592192,Jio-bp,Public,CCS2,7.2,63.27,CUST03582,Priya Sharma,3.92,248.02,UPI
STN0188,EV Charging Station 188,,Karnataka,12.280266,76.666592,Ather Grid,Commercial,IEC 60309 3-pin,150,,CUST03583,Kiran Sharma,6.97,9194.61,Cash
STN0080,EV Charging Station 080,Bengaluru,Karnataka,12.983001,77.546606,Tata Power,Public,GB/T,150,1326.03,CUST03584,Sneha Sharma,7.64,10130.87,Debit Card
STN0148,EV Charging Station 148,Chennai,Tamil Nadu,13.159952,80.29837,Zeon Charging,Public,Type 2,22,114.03,CUST03585,Manoj Sharma,7.34,836.98,UPI
STN0096,EV Charging Station 096,Hubballi,Karnataka,15.294223,75.112624,ChargeZone,Private,Type 2,150,859.17,CUST03586,Divya Sharma,6.02,5172.2,Wallet
STN0274,EV Charging Station 274,Hubballi,Karnataka,15.396305,75.171138,ChargeZone,Commercial,Type 2,30,263.11,CUST03587,,6.2,1631.28,UPI
STN0230,EV Charging Station 230,Bengaluru,Karnataka,12.996521,77.561646,Zeon Charging,Private,CCS2,60,318.29,CUST03588,Lakshmi Sharma,5.39,1715.58,Credit Card
STN0267,EV Charging Station 267,Hyderabad,Telangana,17.4035,78.43848,Statiq,Private,CCS2,22,128.88,CUST03589,,4.47,576.09,Credit Card
STN0095,EV Charging Station 095,Bengaluru,Karnataka,12.991508,77.598888,Jio-bp,Public,CCS2,7.2,33.94,CUST03590,Anjali Reddy,7.58,257.27,UPI
STN0176,EV Charging Station 176,Mangaluru,Karnataka,12.933659,74.859598,ChargeZone,Public,CHAdeMO,120,1102.77,CUST03591,Akhil Reddy,3.07,3385.5,UPI
STN0143,EV Charging Station 143,Bengaluru,Karnataka,12.958621,77.568045,ChargeZone,Public,Type 2,120,1067.28,CUST03592,Amritha Reddy,7.35,7844.51,Credit Card
STN0457,EV Charging Station 457,Mumbai,Maharashtra,19.08784,72.884833,Tata Power,Public,Type 2,30,280.22,CUST03593,Ravi Reddy,7.82,2191.32,Credit Card
STN0179,EV Charging Station 179,Mangaluru,Karnataka,12.939429,74.884521,Jio-bp,Public,CHAdeMO,7.2,46.94,CUST03594,Priya Reddy,4.04,189.64,UPI
STN0285,EV Charging Station 285,Hyderabad,Telangana,17.381362,78.513976,Zeon Charging,Commercial,Type 2,22,217.8,CUST03595,Kiran Reddy,5.72,1245.82,Credit Card
STN0495,EV Charging Station 495,Kochi,Kerala,9.938463,76.298627,Ather Grid,Private,Type 2,50,449.81,CUST03596,Sneha Reddy,1.14,512.78,UPI
STN0205,EV Charging Station 205,Delhi,Delhi,28.641093,77.279432,Zeon Charging,Private,CCS2,7.2,,CUST03597,Manoj Reddy,7.43,507.17,UPI
STN0378,EV Charging Station 378,Belagavi,Karnataka,15.878091,74.455245,Ather Grid,Public,CCS2,120,648.96,CUST03598,Divya Reddy,2.76,1791.13,UPI
STN0290,EV Charging Station 290,Mangaluru,Karnataka,12.89816,74.868769,Ather Grid,Private,IEC 60309 3-pin,22,216,CUST03599,Suresh Reddy,5.87,1267.92,Debit Card
STN0435,EV Charging Station 435,Delhi,,28.653211,77.186765,Zeon Charging,Public,IEC 60309 3-pin,120,,CUST03600,Lakshmi Reddy,3.93,1911.98,Cash
STN0348,EV Charging Station 348,Mumbai,Maharashtra,19.10439,72.872242,ChargeZone,Public,CCS2,3.3,22.97,CUST03601,Arun Patil,6.16,141.5,Debit Card
STN0364,EV Charging Station 364,Delhi,Delhi,28.586934,77.232249,Ather Grid,Commercial,Type 2,11,51.37,CUST03602,Anjali Patil,6.06,311.3,UPI
STN0126,EV Charging Station 126,Mangaluru,Karnataka,12.90453,74.825968,Tata Power,Private,IEC 60309 3-pin,,528.92,CUST03603,Akhil Patil,4.45,2353.69,UPI
STN0452,EV Charging Station 452,Mysuru,Karnataka,12.266367,76.653165,Zeon Charging,Public,CHAdeMO,120,865.56,CUST03604,Amritha Patil,4.28,3704.6,Wallet
STN0195,EV Charging Station 195,Chennai,Tamil Nadu,13.051954,80.266896,Ather Grid,Public,IEC 60309 3-pin,60,381.56,CUST03605,Ravi Patil,7.21,,Wallet
STN0028,EV Charging Station 028,Mangaluru,Karnataka,12.843747,74.887482,Zeon Charging,Public,Type 2,11,82.53,CUST03606,Priya Patil,6.52,538.1,Debit Card
STN0479,EV Charging Station 479,,Tamil Nadu,13.071558,80.332234,Zeon Charging,Public,IEC 60309 3-pin,7.2,34.32,CUST03607,Kiran Patil,,187.73,Debit Card
STN0253,EV Charging Station 253,Mumbai,Maharashtra,19.126665,72.847911,Ather Grid,Public,GB/T,30,297.69,CUST03608,Sneha Patil,0.77,229.22,Credit Card
STN0033,EV Charging Station 033,Mysuru,Karnataka,12.293648,76.633088,Ather Grid,Public,CCS2,30,168.92,CUST03609,Manoj Patil,5.73,967.91,UPI
STN0085,EV Charging Station 085,Mumbai,Maharashtra,19.103876,72.886079,Jio-bp,Public,Type 2,150,1286.02,CUST03610,Divya Patil,0.82,1054.54,Cash
STN0008,EV Charging Station 008,Bengaluru,Karnataka,12.952139,77.60797,Statiq,Public,CCS2,11,80.18,CUST03611,Suresh Patil,5.8,465.04,Credit Card
STN0078,EV Charging Station 078,Kochi,Kerala,9.953199,76.261038,ChargeZone,Public,GB/T,11,,CUST03612,Lakshmi Patil,6.68,416.23,UPI
STN0338,EV Charging Station 338,Delhi,Delhi,28.581406,77.222963,Tata Power,Public,Type 2,11,93.62,CUST03613,Arun Shetty,1.8,168.52,UPI
STN0205,EV Charging Station 205,Mysuru,Karnataka,12.350937,76.632792,Ather Grid,Public,GB/T,7.2,45.21,CUST03614,Anjali Shetty,6.38,288.44,Debit Card
STN0197,EV Charging Station 197,Kochi,Kerala,9.937264,76.316142,Statiq,Public,CCS2,60,271.64,CUST03615,Akhil Shetty,1.31,355.85,UPI
STN0496,EV Charging Station 496,Mumbai,Maharashtra,19.066759,72.816856,Zeon Charging,Commercial,CCS2,7.2,49.29,CUST03616,Amritha Shetty,3.87,190.75,Wallet
STN0353,EV Charging Station 353,,Telangana,17.434592,78.47071,Statiq,Public,Type 2,22,171.72,CUST03617,Ravi Shetty,6.12,1050.93,UPI
STN0480,EV Charging Station 480,Bengaluru,Karnataka,12.920006,77.511019,ChargeZone,Public,IEC 60309 3-pin,22,114.31,CUST03618,Priya Shetty,2.82,322.35,Debit Card
STN0272,EV Charging Station 272,Kochi,Kerala,9.900911,76.268859,ChargeZone,Private,Type 2,50,220.61,CUST03619,Kiran Shetty,2.36,520.64,Wallet
STN0149,EV Charging Station 149,Belagavi,Karnataka,15.874502,74.476302,Tata Power,Commercial,CCS2,3.3,21.9,CUST03620,Sneha Shetty,6.15,134.68,Wallet
STN0049,,Bengaluru,Karnataka,12.951319,77.622515,Ather Grid,Public,CCS2,11,81.78,CUST03621,Manoj Shetty,2.86,233.89,UPI
STN0027,EV Charging Station 027,Mumbai,Maharashtra,19.079416,72.90447,Tata Power,Commercial,Type 2,3.3,14.89,CUST03622,Divya Shetty,5.09,75.79,Credit Card
STN0356,EV Charging Station 356,Pune,Maharashtra,18.493882,73.849619,Ather Grid,Public,GB/T,11,90.4,CUST03623,Suresh Shetty,3.42,,UPI
STN0442,EV Charging Station 442,Pune,Maharashtra,18.530409,73.782775,Statiq,,CCS2,11,97.59,CUST03624,Lakshmi Shetty,3.47,338.64,Credit Card
STN0052,EV Charging Station 052,Mumbai,Maharashtra,19.037328,72.908302,Statiq,Commercial,CHAdeMO,30,131.47,CUST03625,Arun Rao,2.84,373.37,UPI
STN0218,EV Charging Station 218,Kochi,Kerala,9.912287,76.248912,Statiq,Private,Type 2,22,153.43,CUST03626,Anjali Rao,7.87,1207.49,UPI
STN0039,EV Charging Station 039,Hubballi,Karnataka,15.357828,75.109686,Ather Grid,Public,GB/T,120,1061.2,CUST03627,Akhil Rao,7.26,7704.31,Debit Card
STN0096,EV Charging Station 096,Hubballi,Karnataka,15.394634,75.138322,ChargeZone,Public,CCS2,120,1116.49,CUST03628,Amritha Rao,1.17,1306.29,Credit Card
STN0050,EV Charging Station 050,Chennai,Tamil Nadu,13.158005,80.252934,ChargeZone,Commercial,CHAdeMO,150,1119.84,CUST03629,Ravi Rao,1.89,2116.5,UPI
STN0237,EV Charging Station 237,Mumbai,Maharashtra,19.047024,72.88886,Statiq,Public,IEC 60309 3-pin,60,475.44,CUST03630,Priya Rao,6.67,3171.18,Credit Card
STN0142,EV Charging Station 142,Delhi,Delhi,28.519485,77.206361,ChargeZone,Private,Type 2,22,95.66,CUST03631,Kiran Rao,6.44,616.05,UPI
STN0061,EV Charging Station 061,Delhi,Delhi,28.655759,77.221044,Statiq,Private,Type 2,30,133.88,CUST03632,Sneha Rao,3.13,419.04,Debit Card
STN0407,EV Charging Station 407,Mumbai,Maharashtra,19.141615,72.894668,Statiq,Commercial,CCS2,7.2,35.49,CUST03633,Manoj Rao,7.06,250.56,UPI
STN0396,EV Charging Station 396,Pune,Maharashtra,18.565661,73.824307,Jio-bp,Commercial,CHAdeMO,60,592.87,CUST03634,Divya Rao,5.64,3343.79,Debit Card
STN0006,EV Charging Station 006,Hyderabad,Telangana,17.38721,78.550264,Zeon Charging,Public,Type 2,60,270.45,CUST03635,Suresh Rao,7.49,2025.67,UPI
STN0014,EV Charging Station 014,Bengaluru,Karnataka,12.999372,77.657273,Tata Power,Public,CHAdeMO,22,129.28,CUST03636,Lakshmi Rao,2.09,270.2,Debit Card
STN0474,EV Charging Station 474,Belagavi,Karnataka,15.830478,74.463398,ChargeZone,Public,GB/T,120,662.73,CUST03637,Arun Iyer,5.09,3373.3,UPI
STN0424,EV Charging Station 424,Mangaluru,Karnataka,12.923063,74.882724,Ather Grid,Public,CCS2,,222.01,CUST03638,Anjali Iyer,0.78,173.17,UPI
STN0012,EV Charging Station 012,Hyderabad,Telangana,17.409812,78.520226,,Public,Type 2,60,548.4,CUST03639,Akhil Iyer,0.63,345.49,Credit Card
STN0384,EV Charging Station 384,Hubballi,Karnataka,15.379967,75.100416,Tata Power,Public,CHAdeMO,60,521.88,CUST03640,Amritha Iyer,7.33,3825.38,UPI
STN0140,EV Charging Station 140,Mangaluru,Karnataka,12.969154,74.847246,Jio-bp,Public,CCS2,150,922.11,CUST03641,Ravi Iyer,3.4,3135.17,Debit Card
STN0377,EV Charging Station 377,Hyderabad,Telangana,17.338637,78.494483,ChargeZone,Private,CHAdeMO,11,88.34,CUST03642,Priya Iyer,5.7,503.54,UPI
STN0288,EV Charging Station 288,Mangaluru,Karnataka,12.961131,74.820655,Statiq,Public,Type 2,7.2,49.55,CUST03643,Kiran Iyer,5.68,281.44,Credit Card
STN0241,EV Charging Station 241,Kochi,Kerala,9.923424,76.258312,Statiq,Public,Type 2,7.2,,CUST03644,Sneha Iyer,5.51,390.27,UPI
STN0410,EV Charging Station 410,Kochi,Kerala,9.962706,76.238709,Zeon Charging,Private,CHAdeMO,30,146.14,CUST03645,Manoj Iyer,0.56,81.84,UPI
STN0408,EV Charging Station 408,Hyderabad,Telangana,17.369255,78.558346,Statiq,Public,CCS2,7.2,71.28,CUST03646,Divya Iyer,0.94,67,UPI
STN0314,EV Charging Station 314,Chennai,Tamil Nadu,13.117535,80.291211,Statiq,Private,,30,205.19,CUST03647,Suresh Iyer,6.37,1307.06,Wallet
STN0287,EV Charging Station 287,Delhi,Delhi,28.621544,77.134423,Statiq,Private,GB/T,150,1235.98,CUST03648,Lakshmi Iyer,4.17,5154.04,Debit Card
STN0115,EV Charging Station 115,Mysuru,Karnataka,12.362892,76.591148,Ather Grid,Public,Type 2,7.2,64.47,CUST03649,Arun Nair,,203.08,UPI
STN0070,EV Charging Station 070,Pune,Maharashtra,18.496484,73.866705,Jio-bp,Public,GB/T,7.2,39.22,CUST03650,Anjali Nair,3.37,,UPI
STN0236,EV Charging Station 236,Bengaluru,Karnataka,12.97126,77.604239,Statiq,Commercial,CCS2,11,84.63,CUST03651,Akhil Nair,3.6,304.67,Credit Card
STN0221,EV Charging Station 221,Hubballi,Karnataka,15.384139,75.118536,Tata Power,Public,Type 2,11,65.82,CUST03652,Amritha Nair,2.53,166.52,Debit Card
STN0264,EV Charging Station 264,Chennai,Tamil Nadu,13.090599,80.320233,Jio-bp,Public,CHAdeMO,120,714.52,CUST03653,Ravi Nair,5.59,3994.17,Cash
STN0442,EV Charging Station 442,Mumbai,Maharashtra,19.027179,72.878129,Ather Grid,Commercial,CCS2,11,50.6,CUST03654,Priya Nair,4.58,231.75,UPI
STN0306,EV Charging Station 306,Bengaluru,Karnataka,12.952551,77.571653,Ather Grid,Public,GB/T,7.2,55.73,CUST03655,Kiran Nair,0.52,28.98,Debit Card
STN0428,EV Charging Station 428,Delhi,Delhi,28.631415,77.179625,Tata Power,Public,Type 2,60,322.36,CUST03656,Sneha Nair,1.61,519,UPI
STN0427,EV Charging Station 427,,Karnataka,12.904689,74.861017,Tata Power,Public,GB/T,22,91.09,CUST03657,Manoj Nair,2.39,217.71,UPI
STN0167,EV Charging Station 167,Chennai,Tamil Nadu,13.054288,80.301469,Statiq,Public,Type 2,22,94.28,CUST03658,Divya Nair,5.85,551.54,UPI
STN0106,EV Charging Station 106,Kochi,Kerala,9.953227,76.259618,ChargeZone,Public,CHAdeMO,7.2,30.93,CUST03659,Suresh Nair,3.01,93.1,Credit Card
STN0144,EV Charging Station 144,Delhi,Delhi,28.581475,77.203593,Zeon Charging,Private,Type 2,120,873.07,CUST03660,Lakshmi Nair,4.18,3649.43,Credit Card
STN0409,EV Charging Station 409,Hyderabad,Telangana,17.389442,78.428599,Zeon Charging,Private,Type 2,11,74.24,CUST03661,Arun Kumar,5.24,389.02,Debit Card
STN0406,EV Charging Station 406,Mysuru,Karnataka,12.317259,76.675611,Jio-bp,Public,CHAdeMO,11,107.76,CUST03662,Anjali Kumar,2.23,240.3,UPI
STN0242,EV Charging Station 242,Mysuru,Karnataka,12.312485,76.643369,Jio-bp,Public,IEC 60309 3-pin,50,388.71,CUST03663,Akhil Kumar,4.41,1714.21,UPI
STN0103,EV Charging Station 103,Pune,Maharashtra,18.51421,73.872949,Statiq,Public,Type 2,150,604.41,CUST03664,Amritha Kumar,7.13,4309.44,UPI
STN0157,EV Charging Station 157,Delhi,Delhi,28.623771,77.218569,ChargeZone,Public,CHAdeMO,11,90.9,CUST03665,Ravi Kumar,5.57,506.31,Debit Card
STN0404,EV Charging Station 404,Hyderabad,Telangana,17.396715,78.471186,ChargeZone,Commercial,Type 2,11,84.59,CUST03666,Priya Kumar,7,592.13,Debit Card
STN0464,EV Charging Station 464,Chennai,Tamil Nadu,13.036118,80.273018,Zeon Charging,Private,Type 2,22,101.88,CUST03667,Kiran Kumar,5.74,584.79,Debit Card
STN0489,EV Charging Station 489,Delhi,Delhi,28.610853,77.231399,Zeon Charging,Commercial,CCS2,11,100.9,CUST03668,Sneha Kumar,6.23,628.61,UPI
STN0256,EV Charging Station 256,Bengaluru,Karnataka,12.998146,77.576903,Ather Grid,Public,CCS2,3.3,20.93,CUST03669,Manoj Kumar,3.14,65.72,Credit Card
STN0367,EV Charging Station 367,,Telangana,17.404913,78.446439,Zeon Charging,Public,CCS2,7.2,44.84,CUST03670,Divya Kumar,7.86,352.44,UPI
STN0133,EV Charging Station 133,Mangaluru,Karnataka,12.908784,74.823215,ChargeZone,Public,GB/T,30,126,CUST03671,Suresh Kumar,7.55,951.3,UPI
STN0363,EV Charging Station 363,Kochi,Kerala,9.945,76.274457,Ather Grid,,GB/T,50,228.13,CUST03672,Lakshmi Kumar,3.7,844.08,UPI
STN0143,EV Charging Station 143,Hyderabad,Telangana,17.403913,78.44337,Statiq,Commercial,CCS2,11,94.86,CUST03673,Arun Sharma,7.61,721.88,UPI
STN0170,EV Charging Station 170,Mumbai,Maharashtra,19.083201,72.879557,Jio-bp,Public,CCS2,60,548.97,CUST03674,Anjali Sharma,5.53,3035.8,UPI
STN0011,EV Charging Station 011,Hyderabad,Telangana,17.413508,78.480089,Statiq,Public,,150,1221.04,CUST03675,Akhil Sharma,6.95,8486.23,Credit Card
STN0208,EV Charging Station 208,Hubballi,Karnataka,15.410741,75.09328,Tata Power,Public,Type 2,120,983.93,CUST03676,Amritha Sharma,2.33,2292.56,UPI
STN0209,EV Charging Station 209,Mysuru,Karnataka,12.339879,76.66171,Ather Grid,Commercial,IEC 60309 3-pin,30,198.71,CUST03677,Ravi Sharma,2.47,490.81,UPI
STN0189,EV Charging Station 189,Mangaluru,Karnataka,12.92579,74.790931,Statiq,Public,GB/T,120,1023.02,CUST03678,Priya Sharma,0.63,644.5,Wallet
STN0112,EV Charging Station 112,Delhi,Delhi,28.63112,77.179305,Statiq,Public,CCS2,30,202.69,CUST03679,Kiran Sharma,6.96,1410.72,Credit Card
STN0167,EV Charging Station 167,Pune,Maharashtra,18.452758,73.855298,Zeon Charging,Commercial,Type 2,7.2,58.29,CUST03680,Sneha Sharma,2.66,155.05,UPI
STN0036,EV Charging Station 036,Hyderabad,Telangana,17.393899,78.502542,ChargeZone,Public,CCS2,30,293,CUST03681,Manoj Sharma,6.23,1825.39,UPI
STN0321,EV Charging Station 321,Belagavi,Karnataka,15.821967,74.48763,Jio-bp,Public,GB/T,30,252.36,CUST03682,Divya Sharma,6.61,,UPI
STN0313,,Hyderabad,Telangana,17.396045,78.517555,Zeon Charging,Commercial,CCS2,7.2,62.66,CUST03683,Suresh Sharma,0.76,47.62,Credit Card
STN0275,EV Charging Station 275,Belagavi,Karnataka,15.860695,74.467254,Jio-bp,Public,IEC 60309 3-pin,50,365.83,CUST03684,Lakshmi Sharma,5.25,1920.61,UPI
STN0102,EV Charging Station 102,Mumbai,Maharashtra,19.048487,72.86499,ChargeZone,Public,Type 2,150,641.54,CUST03685,Arun Reddy,1.11,712.11,UPI
STN0416,EV Charging Station 416,Mumbai,Maharashtra,19.024192,72.836309,Jio-bp,Public,Type 2,,,CUST03686,Anjali Reddy,6.58,1209.4,Wallet
STN0384,EV Charging Station 384,Bengaluru,Karnataka,12.918903,77.560946,Zeon Charging,Public,IEC 60309 3-pin,30,219.57,CUST03687,Akhil Reddy,7.99,1754.36,Credit Card
STN0417,EV Charging Station 417,Mangaluru,Karnataka,12.853027,74.825058,Ather Grid,Public,CHAdeMO,22,202.84,CUST03688,Amritha Reddy,7.41,1503.04,Wallet
STN0123,EV Charging Station 123,Pune,Maharashtra,18.537087,73.889439,Tata Power,Public,CCS2,22,136.63,CUST03689,Ravi Reddy,6.94,948.21,UPI
STN0303,EV Charging Station 303,Mysuru,Karnataka,12.24549,76.689936,Ather Grid,Private,CCS2,50,451.06,CUST03690,Priya Reddy,7.74,3491.2,Debit Card
STN0083,EV Charging Station 083,Chennai,Tamil Nadu,13.127734,80.268826,Statiq,Commercial,CCS2,120,640.33,CUST03691,Kiran Reddy,2.57,1645.65,Cash
STN0388,EV Charging Station 388,Hyderabad,Telangana,,78.459061,Tata Power,Public,CCS2,120,502.44,CUST03692,Sneha Reddy,2.17,1090.29,UPI
STN0023,EV Charging Station 023,Belagavi,Karnataka,15.877426,74.431895,Ather Grid,Private,CCS2,7.2,59.18,CUST03693,Manoj Reddy,7.95,470.48,UPI
STN0250,EV Charging Station 250,Kochi,Kerala,,76.225061,Zeon Charging,,CCS2,22,102.67,CUST03694,Divya Reddy,3.71,380.91,UPI
STN0342,EV Charging Station 342,Pune,Maharashtra,18.477399,73.850945,Jio-bp,Public,GB/T,30,123.4,CUST03695,Suresh Reddy,1.28,157.95,Credit Card
STN0238,EV Charging Station 238,Mysuru,Karnataka,12.298153,76.60372,ChargeZone,Public,GB/T,7.2,48.17,CUST03696,Lakshmi Reddy,3.66,176.3,Credit Card
STN0032,EV Charging Station 032,Pune,Maharashtra,18.503274,73.861409,ChargeZone,Public,CCS2,22,131.98,CUST03697,Arun Patil,1.29,170.25,Wallet
STN0414,EV Charging Station 414,Delhi,Delhi,28.599873,77.19075,Statiq,Public,CHAdeMO,30,208.1,CUST03698,Anjali Patil,1.69,351.69,UPI
STN0306,EV Charging Station 306,Mysuru,Karnataka,12.283143,76.699381,Tata Power,Public,Type 2,50,217.01,CUST03699,Akhil Patil,3.1,672.73,UPI
STN0292,EV Charging Station 292,Kochi,Kerala,9.985176,76.243797,ChargeZone,Public,CCS2,11,74.57,CUST03700,Amritha Patil,7.1,529.45,UPI
STN0126,EV Charging Station 126,Pune,Maharashtra,18.476803,73.789812,Zeon Charging,Commercial,GB/T,60,410.05,CUST03701,Ravi Patil,6.52,2673.53,Credit Card
STN0107,EV Charging Station 107,Hubballi,Karnataka,15.299689,75.15287,Ather Grid,Private,Type 2,60,293.49,CUST03702,Priya Patil,2.81,824.71,Credit Card
STN0061,EV Charging Station 061,Delhi,Delhi,28.665593,77.143544,Ather Grid,Private,CCS2,11,108.76,CUST03703,Kiran Patil,,585.13,UPI
STN0357,EV Charging Station 357,Chennai,Tamil Nadu,13.097749,80.346692,Tata Power,Public,CCS2,50,434.22,CUST03704,Sneha Patil,1.04,451.59,UPI
STN0390,EV Charging Station 390,Kochi,Kerala,9.883299,76.259717,Tata Power,Public,CCS2,7.2,38.38,CUST03705,Manoj Patil,1.8,69.08,Credit Card
STN0230,EV Charging Station 230,Delhi,Delhi,28.636407,77.246285,Statiq,Public,CCS2,120,1133.08,CUST03706,Divya Patil,5.61,6356.58,Debit Card
STN0312,EV Charging Station 312,Chennai,Tamil Nadu,13.038154,80.27205,ChargeZone,Public,CHAdeMO,50,433.55,CUST03707,Suresh Patil,6.71,2909.12,Wallet
STN0103,EV Charging Station 103,Belagavi,Karnataka,15.874116,74.509486,Tata Power,Public,GB/T,22,182.21,CUST03708,Lakshmi Patil,2.8,510.19,UPI
STN0089,EV Charging Station 089,Mangaluru,Karnataka,12.843493,74.936547,Statiq,Commercial,Type 2,7.2,56.45,CUST03709,Arun Shetty,1.46,82.42,Wallet
STN0157,EV Charging Station 157,Chennai,Tamil Nadu,13.126084,80.290535,Zeon Charging,Public,Type 2,30,298.98,CUST03710,Anjali Shetty,5.23,1563.67,UPI
STN0434,EV Charging Station 434,Mysuru,Karnataka,12.288083,76.693231,Jio-bp,Public,CCS2,22,162.96,CUST03711,Akhil Shetty,6.54,1065.76,UPI
STN0373,EV Charging Station 373,Belagavi,Karnataka,15.831865,74.535346,Tata Power,Public,CHAdeMO,7.2,67.99,CUST03712,Amritha Shetty,1.09,74.11,
STN0321,EV Charging Station 321,Hubballi,Karnataka,15.401869,75.168648,Tata Power,Public,CCS2,120,519.05,CUST03713,Ravi Shetty,4.2,2180.01,Credit Card
STN0359,EV Charging Station 359,Kochi,Kerala,10.005872,76.263959,ChargeZone,Private,Type 2,22,143.54,CUST03714,Priya Shetty,3.94,565.55,Debit Card
STN0359,EV Charging Station 359,Hubballi,Karnataka,15.242155,75.170915,Ather Grid,Public,GB/T,50,449.98,CUST03715,Kiran Shetty,6.71,3019.37,Debit Card
STN0019,EV Charging Station 019,Chennai,Tamil Nadu,13.104158,80.273561,Zeon Charging,Public,Type 2,120,847.04,CUST03716,Sneha Shetty,7.51,6361.27,UPI
STN0482,EV Charging Station 482,Pune,Maharashtra,18.48561,73.905504,Zeon Charging,Public,Type 2,30,200.67,CUST03717,Manoj Shetty,7.36,1476.93,Cash
STN0124,EV Charging Station 124,Hyderabad,Telangana,17.471188,78.481184,Tata Power,Private,CCS2,120,542.03,CUST03718,Divya Shetty,3.02,1636.93,Wallet
STN0361,EV Charging Station 361,Belagavi,Karnataka,15.854721,74.457018,Statiq,,IEC 60309 3-pin,120,746.24,CUST03719,Suresh Shetty,2.52,1880.52,Debit Card
STN0342,EV Charging Station 342,Hyderabad,Telangana,17.401552,78.498876,Zeon Charging,Private,Type 2,120,788.54,CUST03720,Lakshmi Shetty,6.08,4794.32,Credit Card
STN0236,EV Charging Station 236,Chennai,Tamil Nadu,13.131036,80.277913,Zeon Charging,Public,CCS2,22,214.98,CUST03721,Arun Rao,3,644.94,Credit Card
STN0391,EV Charging Station 391,Mumbai,Maharashtra,19.050129,72.876579,Statiq,Public,CCS2,,249.89,CUST03722,Anjali Rao,2.71,677.2,Credit Card
STN0152,EV Charging Station 152,Kochi,Kerala,9.95515,76.245353,ChargeZone,Public,Type 2,50,331.22,CUST03723,Akhil Rao,7.45,2467.59,
STN0446,EV Charging Station 446,Hyderabad,Telangana,17.377289,78.495709,Tata Power,Public,GB/T,22,190.67,CUST03724,Amritha Rao,5.94,1132.58,Debit Card
STN0061,EV Charging Station 061,Hyderabad,Telangana,17.373082,78.542225,Tata Power,,Type 2,30,208.26,CUST03725,Ravi Rao,7.48,1557.78,UPI
STN0394,EV Charging Station 394,Bengaluru,Karnataka,12.968754,77.662792,Tata Power,Public,IEC 60309 3-pin,150,1200.94,CUST03726,Priya Rao,2.1,2521.97,UPI
STN0061,EV Charging Station 061,Hubballi,Karnataka,15.344851,75.151469,Tata Power,Public,Type 2,50,243.28,CUST03727,Kiran Rao,0.55,133.8,UPI
STN0339,EV Charging Station 339,Hubballi,Karnataka,15.348132,75.029605,Jio-bp,Private,IEC 60309 3-pin,22,212.46,CUST03728,Sneha Rao,1.62,344.19,UPI
STN0202,EV Charging Station 202,Hubballi,Karnataka,15.37894,75.15638,Tata Power,Commercial,Type 2,11,94.31,CUST03729,Manoj Rao,4.5,424.4,Wallet
STN0154,EV Charging Station 154,Mangaluru,Karnataka,12.873772,74.821096,Zeon Charging,Public,Type 2,7.2,46.62,CUST03730,Divya Rao,6.82,317.95,Credit Card
STN0415,EV Charging Station 415,Hubballi,Karnataka,15.337907,75.068081,Statiq,Public,Type 2,60,268.38,CUST03731,Suresh Rao,4.1,1100.36,UPI
STN0443,EV Charging Station 443,Mangaluru,Karnataka,12.859573,74.817088,Statiq,Public,Type 2,11,109.81,CUST03732,Lakshmi Rao,2.22,243.78,Credit Card
STN0131,EV Charging Station 131,Hubballi,Karnataka,15.361531,75.091566,Ather Grid,Public,IEC 60309 3-pin,60,425.62,CUST03733,Arun Iyer,3.63,1545,UPI
STN0413,EV Charging Station 413,Bengaluru,Karnataka,13.017833,77.58855,Ather Grid,Public,Type 2,22,166.44,CUST03734,Anjali Iyer,5.07,843.85,Credit Card
STN0106,EV Charging Station 106,Delhi,Delhi,28.608293,77.257388,Statiq,Public,Type 2,120,507.44,CUST03735,Akhil Iyer,3.22,1633.96,Debit Card
STN0368,EV Charging Station 368,Delhi,Delhi,28.668115,77.295587,Statiq,Public,GB/T,60,240.61,CUST03736,Amritha Iyer,7.4,1780.51,UPI
STN0057,EV Charging Station 057,Hyderabad,Telangana,17.383379,78.467698,Jio-bp,Public,Type 2,60,427.83,CUST03737,Ravi Iyer,7.02,3003.37,UPI
STN0057,EV Charging Station 057,Belagavi,Karnataka,15.861313,74.478667,Tata Power,Public,IEC 60309 3-pin,30,271.45,CUST03738,Priya Iyer,2.49,,UPI
STN0087,EV Charging Station 087,Pune,Maharashtra,18.480005,73.818624,ChargeZone,Public,CCS2,30,145.84,CUST03739,Kiran Iyer,7.72,1125.88,Wallet
STN0352,EV Charging Station 352,Mysuru,Karnataka,12.24911,76.645481,Statiq,Commercial,Type 2,11,79.46,CUST03740,Sneha Iyer,7.97,633.3,UPI
STN0428,EV Charging Station 428,Delhi,Delhi,28.589681,77.154828,Tata Power,Public,CCS2,11,83.22,CUST03741,Manoj Iyer,2.03,168.94,Credit Card
STN0158,EV Charging Station 158,Delhi,Delhi,28.549596,77.216868,Tata Power,Public,IEC 60309 3-pin,7.2,47.26,CUST03742,Divya Iyer,3.54,167.3,UPI
STN0371,EV Charging Station 371,Hyderabad,Telangana,17.417914,78.480779,Statiq,Commercial,CHAdeMO,60,503.24,CUST03743,Suresh Iyer,5.23,2631.95,Debit Card
STN0261,EV Charging Station 261,Belagavi,Karnataka,15.862799,74.487246,,Public,IEC 60309 3-pin,50,225.87,CUST03744,Lakshmi Iyer,1.18,266.53,UPI
STN0445,EV Charging Station 445,Chennai,Tamil Nadu,13.127484,80.326081,Ather Grid,Commercial,CCS2,7.2,55.73,CUST03745,Arun Nair,2.54,141.55,Debit Card
STN0339,EV Charging Station 339,Mangaluru,Karnataka,12.87364,74.799574,Tata Power,Public,CCS2,11,68.5,CUST03746,Anjali Nair,3,205.5,
STN0095,EV Charging Station 095,Kochi,Kerala,9.949845,76.263314,Tata Power,Private,CCS2,3.3,15.66,CUST03747,Akhil Nair,7.51,117.61,UPI
STN0284,EV Charging Station 284,Mumbai,Maharashtra,19.075094,72.864044,Zeon Charging,Public,IEC 60309 3-pin,22,165.39,CUST03748,Amritha Nair,1.93,319.2,UPI
STN0147,EV Charging Station 147,Bengaluru,Karnataka,12.934813,77.593746,Jio-bp,Public,CCS2,60,462.11,CUST03749,Ravi Nair,,1372.47,Wallet
STN0407,EV Charging Station 407,Mangaluru,Karnataka,12.866914,74.907219,Statiq,,IEC 60309 3-pin,60,278.05,CUST03750,Priya Nair,6.03,1676.64,UPI
STN0303,EV Charging Station 303,Mangaluru,Karnataka,12.954242,74.830436,Ather Grid,Public,Type 2,50,262.66,CUST03751,Kiran Nair,4.48,1176.72,Wallet
STN0497,EV Charging Station 497,Mumbai,Maharashtra,19.07761,72.940717,ChargeZone,Public,Type 2,50,221.51,CUST03752,Sneha Nair,7.24,1603.73,Credit Card
STN0350,EV Charging Station 350,Hubballi,Karnataka,15.327204,75.148653,Ather Grid,Public,CCS2,120,903.71,CUST03753,Manoj Nair,2,1807.42,UPI
STN0499,EV Charging Station 499,Hubballi,Karnataka,15.400092,75.157897,Zeon Charging,Commercial,CCS2,11,54.26,CUST03754,Divya Nair,2.99,162.24,UPI
STN0448,EV Charging Station 448,Mangaluru,Karnataka,12.905934,,Zeon Charging,Commercial,Type 2,30,211.54,CUST03755,Suresh Nair,7.98,1688.09,UPI
STN0155,EV Charging Station 155,Chennai,Tamil Nadu,13.096875,80.290273,Zeon Charging,Private,CCS2,60,320.86,CUST03756,Lakshmi Nair,0.68,218.18,Debit Card
STN0398,EV Charging Station 398,Bengaluru,Karnataka,12.877396,77.614814,Tata Power,Private,Type 2,3.3,27.11,CUST03757,Arun Kumar,2.32,62.9,Wallet
STN0464,EV Charging Station 464,Kochi,,9.855558,76.306524,Ather Grid,Private,Type 2,7.2,52.08,CUST03758,Anjali Kumar,6.2,322.9,UPI
STN0350,EV Charging Station 350,Hyderabad,Telangana,,78.431037,Tata Power,Private,GB/T,30,171.98,CUST03759,Akhil Kumar,4.12,708.56,UPI
STN0125,EV Charging Station 125,Hubballi,Karnataka,15.465696,75.177757,Statiq,Public,CCS2,50,390.43,CUST03760,Amritha Kumar,2.59,1011.21,UPI
STN0245,EV Charging Station 245,Mangaluru,Karnataka,12.918768,74.889497,Jio-bp,Public,CCS2,150,999.98,CUST03761,Ravi Kumar,2.27,2269.95,
STN0242,EV Charging Station 242,Mysuru,Karnataka,,76.669041,ChargeZone,Public,IEC 60309 3-pin,120,1116.6,CUST03762,Priya Kumar,3.05,3405.63,Debit Card
STN0496,EV Charging Station 496,Mangaluru,Karnataka,12.960935,74.866175,ChargeZone,Public,CCS2,7.2,61.51,CUST03763,Kiran Kumar,1.34,82.42,UPI
STN0137,EV Charging Station 137,Bengaluru,Karnataka,12.999903,77.573604,ChargeZone,Public,Type 2,50,217.49,CUST03764,Sneha Kumar,3.72,809.06,UPI
STN0493,EV Charging Station 493,Mysuru,Karnataka,12.27002,76.617555,Tata Power,Commercial,CCS2,30,286.33,CUST03765,Manoj Kumar,7.51,2150.34,Wallet
STN0329,EV Charging Station 329,Mysuru,Karnataka,12.274568,76.622479,Statiq,Public,CHAdeMO,120,496.68,CUST03766,Divya Kumar,7.44,3695.3,Debit Card
STN0187,EV Charging Station 187,Mysuru,Karnataka,12.311613,76.680803,Jio-bp,Private,CCS2,22,114.45,CUST03767,Suresh Kumar,4.7,537.92,Credit Card
STN0087,EV Charging Station 087,Kochi,Kerala,9.923226,76.285598,Tata Power,Public,CCS2,7.2,71.69,CUST03768,Lakshmi Kumar,1.63,116.85,UPI
STN0189,EV Charging Station 189,Mysuru,Karnataka,12.35305,76.630776,Zeon Charging,Public,GB/T,120,1190.16,CUST03769,Arun Sharma,1.46,1737.63,Credit Card
STN0410,EV Charging Station 410,Chennai,Tamil Nadu,13.034751,80.271803,Tata Power,Private,GB/T,11,63.31,CUST03770,Anjali Sharma,0.78,49.38,UPI
STN0034,EV Charging Station 034,Kochi,Kerala,9.923166,76.226276,Zeon Charging,Private,CCS2,50,261.91,CUST03771,Akhil Sharma,6.49,1699.8,UPI
STN0070,EV Charging Station 070,Delhi,Delhi,28.623175,77.210491,Zeon Charging,Private,Type 2,22,198.41,CUST03772,Amritha Sharma,0.56,111.11,Wallet
STN0324,EV Charging Station 324,Delhi,Delhi,,77.256497,Ather Grid,Public,IEC 60309 3-pin,120,581.47,CUST03773,Ravi Sharma,7.22,4198.21,UPI
STN0246,EV Charging Station 246,Pune,Maharashtra,18.493407,73.871017,Jio-bp,Commercial,GB/T,120,1057.48,CUST03774,Priya Sharma,7.07,7476.38,UPI
STN0472,EV Charging Station 472,Delhi,Delhi,28.599123,77.227159,Tata Power,Public,CCS2,120,857.36,CUST03775,Kiran Sharma,6.27,5375.65,Debit Card
STN0466,EV Charging Station 466,Mangaluru,Karnataka,12.899792,74.83757,Statiq,Public,Type 2,120,626.38,CUST03776,Sneha Sharma,6.62,4146.64,Cash
STN0212,EV Charging Station 212,Pune,Maharashtra,18.485183,73.808954,Zeon Charging,Private,CCS2,30,136.76,CUST03777,Manoj Sharma,6.58,899.88,Credit Card
STN0048,EV Charging Station 048,Delhi,Delhi,28.583469,77.222922,,Public,Type 2,3.3,32.68,CUST03778,Divya Sharma,0.95,31.05,Debit Card
STN0049,EV Charging Station 049,Delhi,Delhi,28.710399,77.242692,Tata Power,Private,Type 2,,521.93,CUST03779,Suresh Sharma,1,521.93,UPI
STN0208,EV Charging Station 208,Pune,Maharashtra,18.528742,73.877527,Zeon Charging,Commercial,GB/T,22,140.89,CUST03780,Lakshmi Sharma,0.92,129.62,Credit Card
STN0249,EV Charging Station 249,Kochi,Kerala,9.95127,76.260876,Jio-bp,Public,IEC 60309 3-pin,120,1107.68,CUST03781,Arun Reddy,2.44,2702.74,UPI
STN0203,EV Charging Station 203,Delhi,Delhi,28.604093,77.174565,Tata Power,Public,GB/T,22,214.53,CUST03782,Anjali Reddy,5.93,1272.16,UPI
STN0159,EV Charging Station 159,Bengaluru,Karnataka,12.932995,77.612908,Zeon Charging,Private,IEC 60309 3-pin,50,464.02,CUST03783,Akhil Reddy,7.15,3317.74,UPI
STN0087,EV Charging Station 087,Chennai,Tamil Nadu,13.040802,80.194519,Ather Grid,Commercial,Type 2,22,,CUST03784,Amritha Reddy,5.2,505.49,Debit Card
STN0238,EV Charging Station 238,Belagavi,Karnataka,15.813874,74.496367,Jio-bp,Public,Type 2,50,401.35,CUST03785,Ravi Reddy,7.06,2833.53,Credit Card
STN0001,EV Charging Station 001,Bengaluru,Karnataka,12.937849,77.639593,Zeon Charging,Private,Type 2,150,603.37,CUST03786,,4.84,2920.31,Debit Card
STN0229,EV Charging Station 229,Delhi,Delhi,28.556418,77.180096,Ather Grid,Private,GB/T,120,1190.53,CUST03787,Kiran Reddy,0.74,880.99,UPI
STN0357,EV Charging Station 357,Chennai,Tamil Nadu,13.057275,80.288954,Jio-bp,Public,Type 2,11,95.76,CUST03788,Sneha Reddy,6.8,651.17,UPI
STN0446,EV Charging Station 446,Belagavi,Karnataka,15.925024,74.482536,Ather Grid,Public,CCS2,7.2,63,CUST03789,Manoj Reddy,5.41,340.83,Debit Card
STN0242,EV Charging Station 242,Mangaluru,Karnataka,12.879147,74.845737,Ather Grid,Public,CCS2,3.3,17.75,CUST03790,Divya Reddy,3.81,67.63,UPI
STN0010,EV Charging Station 010,Belagavi,Karnataka,15.847528,74.431142,Statiq,Public,CHAdeMO,50,216.07,CUST03791,Suresh Reddy,6.72,1451.99,Credit Card
STN0147,EV Charging Station 147,Mumbai,Maharashtra,19.051723,72.858317,Jio-bp,Commercial,GB/T,7.2,33.78,CUST03792,Lakshmi Reddy,3.41,115.19,UPI
STN0220,EV Charging Station 220,Chennai,Tamil Nadu,13.068138,80.272404,Tata Power,Private,CCS2,150,1487.93,CUST03793,Arun Patil,4.97,7395.01,UPI
STN0115,EV Charging Station 115,Mangaluru,Karnataka,12.835895,74.882047,ChargeZone,Public,GB/T,30,189.54,CUST03794,Anjali Patil,1.12,212.28,UPI
STN0086,EV Charging Station 086,Delhi,Delhi,28.546468,77.239899,Statiq,Public,Type 2,50,353.9,CUST03795,Akhil Patil,4.86,1719.95,Debit Card
STN0336,EV Charging Station 336,Belagavi,Karnataka,15.876614,74.425792,Zeon Charging,Private,IEC 60309 3-pin,60,261.59,CUST03796,Amritha Patil,1.51,395,UPI
STN0323,EV Charging Station 323,Kochi,Kerala,9.910614,76.300232,Tata Power,Public,CCS2,7.2,69.28,CUST03797,Ravi Patil,4.21,291.67,Credit Card
STN0410,EV Charging Station 410,Belagavi,Karnataka,15.813153,74.509517,Statiq,Public,CCS2,60,265.87,CUST03798,Priya Patil,3.21,853.44,UPI
STN0384,EV Charging Station 384,Hubballi,Karnataka,15.344168,75.096363,Tata Power,Public,CHAdeMO,60,309.1,CUST03799,Kiran Patil,3.44,1063.3,Credit Card
STN0243,EV Charging Station 243,Bengaluru,Karnataka,12.973724,77.626617,Ather Grid,Public,Type 2,30,264.48,CUST03800,Sneha Patil,2.16,571.28,Debit Card
STN0046,EV Charging Station 046,Kochi,Kerala,9.947976,76.236543,Statiq,Public,Type 2,120,1173.73,CUST03801,Manoj Patil,2.09,2453.1,Cash
STN0400,EV Charging Station 400,Chennai,Tamil Nadu,,80.257553,Zeon Charging,Private,Type 2,11,108.36,CUST03802,,2.12,229.72,UPI
STN0069,EV Charging Station 069,Bengaluru,Karnataka,13.00152,77.62199,ChargeZone,Public,GB/T,11,88.12,CUST03803,Suresh Patil,6.68,588.64,Credit Card
STN0065,EV Charging Station 065,Hubballi,Karnataka,15.352145,75.163739,Tata Power,Public,CCS2,120,657.25,CUST03804,Lakshmi Patil,1.59,1045.03,UPI
STN0064,,Hubballi,Karnataka,15.353903,75.120121,Ather Grid,Public,CCS2,50,463.04,CUST03805,Arun Shetty,5.15,2384.66,Credit Card
STN0024,EV Charging Station 024,Mumbai,Maharashtra,19.058785,72.849792,Zeon Charging,Public,GB/T,50,327.94,CUST03806,Anjali Shetty,1.05,344.34,Debit Card
STN0318,EV Charging Station 318,Kochi,Kerala,9.942911,76.252858,Jio-bp,Public,IEC 60309 3-pin,60,358.1,CUST03807,Akhil Shetty,5.85,2094.89,Debit Card
STN0097,EV Charging Station 097,Mysuru,Karnataka,12.255806,76.605872,Statiq,Private,GB/T,50,423.06,CUST03808,Amritha Shetty,2.7,1142.26,Credit Card
STN0033,EV Charging Station 033,Hubballi,Karnataka,15.368568,75.137168,Statiq,Public,CCS2,50,285,CUST03809,Ravi Shetty,3.99,1137.15,
STN0469,EV Charging Station 469,Mysuru,Karnataka,12.324693,76.627355,Statiq,Public,CCS2,150,1486.64,CUST03810,Priya Shetty,0.99,1471.77,Credit Card
STN0303,EV Charging Station 303,Mysuru,Karnataka,12.398291,76.645704,Ather Grid,Public,Type 2,50,278.42,CUST03811,Kiran Shetty,3.28,913.22,UPI
STN0316,EV Charging Station 316,Mysuru,Karnataka,12.250118,76.647569,Tata Power,Commercial,CHAdeMO,60,493.77,CUST03812,Sneha Shetty,6.78,3347.76,Debit Card
STN0372,EV Charging Station 372,Bengaluru,Karnataka,12.96425,77.592459,Statiq,Public,GB/T,7.2,41.98,CUST03813,Manoj Shetty,6.43,269.93,Credit Card
STN0319,EV Charging Station 319,Mumbai,Maharashtra,19.038502,72.826514,Jio-bp,Private,Type 2,60,567.64,CUST03814,Divya Shetty,6.59,3740.75,UPI
STN0016,EV Charging Station 016,Chennai,Tamil Nadu,13.093064,80.293423,Tata Power,Public,Type 2,22,145.27,CUST03815,,6,871.62,Credit Card
STN0419,EV Charging Station 419,,Delhi,28.676487,77.156552,Tata Power,Public,Type 2,7.2,31.17,CUST03816,Lakshmi Shetty,4.73,147.43,Credit Card
STN0159,EV Charging Station 159,Mangaluru,Karnataka,12.854988,74.902491,Jio-bp,Public,Type 2,150,908.25,CUST03817,Arun Rao,0.78,708.44,Wallet
STN0039,EV Charging Station 039,Mumbai,Maharashtra,19.192749,72.901049,Ather Grid,Public,GB/T,11,95.04,CUST03818,Anjali Rao,3.39,322.19,UPI
STN0350,EV Charging Station 350,Chennai,Tamil Nadu,13.100273,80.194019,Statiq,Public,GB/T,60,263.98,CUST03819,Akhil Rao,2.3,607.15,Credit Card
STN0054,EV Charging Station 054,Delhi,Delhi,28.630364,77.145846,Tata Power,Public,Type 2,50,401.87,CUST03820,Amritha Rao,4.83,1941.03,Credit Card
STN0469,EV Charging Station 469,Hyderabad,Telangana,17.370468,78.459692,Zeon Charging,Public,CCS2,3.3,24.58,CUST03821,Ravi Rao,5.74,141.09,Debit Card
STN0444,EV Charging Station 444,Chennai,Tamil Nadu,13.040884,80.210226,ChargeZone,Public,Type 2,22,165.4,CUST03822,Priya Rao,7.3,1207.42,Cash
STN0329,EV Charging Station 329,Belagavi,Karnataka,15.878938,74.557093,Ather Grid,Public,GB/T,22,176.95,CUST03823,Kiran Rao,4.03,713.11,UPI
STN0081,EV Charging Station 081,Mysuru,Karnataka,12.343016,76.69158,ChargeZone,Private,CCS2,22,101.05,CUST03824,Sneha Rao,5.06,,Debit Card
STN0001,EV Charging Station 001,Mangaluru,Karnataka,12.927899,74.832536,Jio-bp,Public,Type 2,11,87.32,CUST03825,Manoj Rao,4.51,393.81,UPI
STN0204,EV Charging Station 204,Pune,Maharashtra,18.520515,73.871688,Jio-bp,Private,Type 2,150,1087.98,CUST03826,Divya Rao,4.25,4623.92,UPI
STN0077,EV Charging Station 077,Belagavi,Karnataka,15.830902,74.516648,Ather Grid,Private,Type 2,50,368.17,CUST03827,Suresh Rao,1.13,416.03,
STN0393,EV Charging Station 393,Hubballi,Karnataka,15.341582,75.063998,Tata Power,Private,IEC 60309 3-pin,120,582.03,CUST03828,Lakshmi Rao,4.12,2397.96,UPI
STN0337,EV Charging Station 337,Hubballi,Karnataka,15.371685,75.11036,Tata Power,Commercial,,30,225.79,CUST03829,Arun Iyer,3.67,828.65,UPI
STN0376,EV Charging Station 376,Kochi,Kerala,9.862819,76.222641,Zeon Charging,Public,CCS2,60,381.81,CUST03830,Anjali Iyer,0.83,316.9,UPI
STN0422,EV Charging Station 422,Mysuru,Karnataka,12.357856,76.621653,Jio-bp,Public,CCS2,,201.62,CUST03831,Akhil Iyer,6.95,1401.26,Credit Card
STN0466,EV Charging Station 466,Chennai,Tamil Nadu,13.120919,80.2992,Jio-bp,Public,Type 2,22,128.99,CUST03832,Amritha Iyer,1.33,171.56,UPI
STN0147,EV Charging Station 147,Bengaluru,Karnataka,12.957447,77.61584,Jio-bp,Private,IEC 60309 3-pin,30,194.56,CUST03833,Ravi Iyer,3.43,667.34,UPI
STN0010,EV Charging Station 010,Hubballi,Karnataka,15.374523,75.153212,Tata Power,Public,CCS2,7.2,70.11,CUST03834,Priya Iyer,2.63,184.39,Cash
STN0051,EV Charging Station 051,Mumbai,Maharashtra,19.087514,72.841831,Tata Power,Private,IEC 60309 3-pin,120,1057.41,CUST03835,Kiran Iyer,5.42,5731.16,UPI
STN0349,EV Charging Station 349,Belagavi,Karnataka,15.866438,74.478756,Statiq,,Type 2,11,91.34,CUST03836,Sneha Iyer,0.84,76.73,Credit Card
STN0274,EV Charging Station 274,Mumbai,Maharashtra,19.047778,72.898306,Jio-bp,,CCS2,60,251.67,CUST03837,Manoj Iyer,1.43,359.89,Credit Card
STN0287,EV Charging Station 287,Hubballi,Karnataka,15.377338,75.08548,ChargeZone,Private,CHAdeMO,120,812.14,CUST03838,Divya Iyer,3.03,2460.78,UPI
STN0032,EV Charging Station 032,Chennai,Tamil Nadu,13.159801,80.206714,ChargeZone,Public,CCS2,120,1109.52,CUST03839,Suresh Iyer,7.99,8865.06,UPI
STN0481,EV Charging Station 481,Mysuru,Karnataka,12.283003,76.641018,ChargeZone,Public,GB/T,11,84.91,CUST03840,Lakshmi Iyer,2.07,175.76,Debit Card
STN0432,EV Charging Station 432,Delhi,Delhi,28.57907,77.22514,Statiq,Commercial,Type 2,30,276.19,CUST03841,Arun Nair,0.99,273.43,Cash
STN0348,EV Charging Station 348,Mysuru,Karnataka,12.255402,76.720816,Statiq,Commercial,CCS2,50,209.21,CUST03842,Anjali Nair,7.7,1610.92,Credit Card
STN0146,EV Charging Station 146,Mysuru,Karnataka,12.341539,76.689561,Zeon Charging,Public,CCS2,7.2,,CUST03843,Akhil Nair,3.09,208.11,Credit Card
STN0389,EV Charging Station 389,Delhi,Delhi,28.61409,77.208321,Ather Grid,Public,Type 2,60,367,CUST03844,Amritha Nair,5.88,2157.96,UPI
STN0159,EV Charging Station 159,Mysuru,Karnataka,12.32063,76.644823,Ather Grid,Public,CCS2,7.2,59.76,CUST03845,Ravi Nair,4.6,274.9,UPI
STN0153,EV Charging Station 153,Kochi,,9.903453,76.230512,Tata Power,Public,CCS2,22,192.19,CUST03846,Priya Nair,4.17,801.43,UPI
STN0254,EV Charging Station 254,Hyderabad,Telangana,17.432524,78.501848,Ather Grid,Public,Type 2,120,848.32,CUST03847,Kiran Nair,5.64,4784.52,Wallet
STN0387,EV Charging Station 387,,Tamil Nadu,13.122735,80.246381,Zeon Charging,Private,,120,485.94,CUST03848,Sneha Nair,4.95,2405.4,UPI
STN0153,EV Charging Station 153,Mysuru,Karnataka,12.26328,76.677309,Jio-bp,Public,CCS2,60,555.21,CUST03849,Manoj Nair,5.34,,Credit Card
STN0446,EV Charging Station 446,Pune,Maharashtra,18.537462,73.883553,Jio-bp,,IEC 60309 3-pin,11,62.09,CUST03850,Divya Nair,5.55,344.6,Debit Card
STN0429,EV Charging Station 429,,Telangana,17.411902,78.500749,Ather Grid,Public,Type 2,7.2,40.33,CUST03851,Suresh Nair,7.81,314.98,Credit Card
STN0095,EV Charging Station 095,Chennai,Tamil Nadu,13.048607,80.290295,Ather Grid,Public,GB/T,7.2,32.26,CUST03852,Lakshmi Nair,7.41,239.05,Credit Card
STN0044,EV Charging Station 044,Delhi,Delhi,28.635341,77.17035,Ather Grid,Commercial,Type 2,30,255,CUST03853,Arun Kumar,2.69,685.95,UPI
STN0279,EV Charging Station 279,Delhi,Delhi,28.54978,77.199001,Jio-bp,Commercial,Type 2,60,467.32,CUST03854,Anjali Kumar,2.27,1060.82,UPI
STN0352,EV Charging Station 352,Chennai,Tamil Nadu,13.142849,80.311296,Zeon Charging,Public,IEC 60309 3-pin,150,1259.32,CUST03855,Akhil Kumar,4.5,5666.94,Wallet
STN0222,EV Charging Station 222,Chennai,Tamil Nadu,13.113105,80.293794,Ather Grid,Public,Type 2,7.2,71.08,CUST03856,Amritha Kumar,3.64,258.73,UPI
STN0099,EV Charging Station 099,Mumbai,Maharashtra,19.07927,72.886366,ChargeZone,Commercial,CCS2,7.2,52.52,CUST03857,Ravi Kumar,5.87,308.29,Debit Card
STN0156,EV Charging Station 156,Belagavi,Karnataka,15.852841,74.475297,Tata Power,Public,Type 2,7.2,39.19,CUST03858,Priya Kumar,3.6,141.08,Credit Card
STN0089,EV Charging Station 089,Hyderabad,Telangana,17.401854,78.500723,Tata Power,Public,Type 2,11,101.89,CUST03859,Kiran Kumar,5.12,521.68,Wallet
STN0270,EV Charging Station 270,Hyderabad,Telangana,17.395711,78.496146,Statiq,Public,CHAdeMO,30,210.73,CUST03860,Sneha Kumar,6.74,1420.32,Credit Card
STN0351,EV Charging Station 351,Mysuru,Karnataka,12.294375,76.655985,Ather Grid,Public,CCS2,120,841.65,CUST03861,Manoj Kumar,6.44,5420.23,UPI
STN0113,EV Charging Station 113,Pune,Maharashtra,18.498274,73.799571,ChargeZone,Public,Type 2,11,80.17,CUST03862,Divya Kumar,5.91,473.8,UPI
STN0177,EV Charging Station 177,Delhi,Delhi,28.609238,77.25949,Statiq,Public,IEC 60309 3-pin,120,1060.44,CUST03863,Suresh Kumar,2.58,2735.94,UPI
STN0111,EV Charging Station 111,Delhi,Delhi,28.589286,77.190976,Tata Power,Public,CCS2,22,184.87,CUST03864,Lakshmi Kumar,3.54,654.44,Cash
STN0400,EV Charging Station 400,Hyderabad,Telangana,17.44457,78.464146,Statiq,Commercial,CCS2,60,498.88,CUST03865,Arun Sharma,4.11,2050.4,Wallet
STN0240,EV Charging Station 240,,Karnataka,12.930989,74.77889,Jio-bp,Public,CCS2,50,482.67,CUST03866,Anjali Sharma,5.36,2587.11,Debit Card
STN0081,EV Charging Station 081,Mangaluru,Karnataka,12.883947,74.850885,ChargeZone,,CHAdeMO,60,330.73,CUST03867,Akhil Sharma,0.91,300.96,UPI
STN0235,EV Charging Station 235,Hubballi,Karnataka,15.361374,75.137198,Ather Grid,Commercial,CCS2,7.2,67.03,CUST03868,Amritha Sharma,5.12,343.19,Debit Card
STN0134,EV Charging Station 134,Kochi,Kerala,9.941948,76.235444,Jio-bp,Public,CCS2,7.2,66.08,CUST03869,Ravi Sharma,2.4,158.59,UPI
STN0457,EV Charging Station 457,Hubballi,Karnataka,15.329261,75.076189,ChargeZone,Public,Type 2,11,73.23,CUST03870,Priya Sharma,5.97,437.18,Debit Card
STN0312,EV Charging Station 312,Pune,Maharashtra,18.518033,73.85791,Statiq,Public,CCS2,22,167.83,CUST03871,Kiran Sharma,3.69,619.29,Credit Card
STN0469,EV Charging Station 469,Pune,Maharashtra,18.515494,73.896726,Ather Grid,Public,Type 2,11,90.55,CUST03872,Sneha Sharma,3.83,346.81,Debit Card
STN0493,EV Charging Station 493,Kochi,Kerala,,76.223483,Tata Power,Private,CCS2,50,440.88,CUST03873,Manoj Sharma,3.87,1706.21,Debit Card
STN0135,EV Charging Station 135,Bengaluru,Karnataka,12.995882,77.619691,Jio-bp,Public,Type 2,11,91.31,CUST03874,Divya Sharma,6.23,568.86,Debit Card
STN0430,EV Charging Station 430,Mysuru,Karnataka,12.292216,76.603485,Tata Power,Private,IEC 60309 3-pin,120,862.36,CUST03875,Suresh Sharma,6.99,6027.9,Credit Card
STN0454,EV Charging Station 454,Bengaluru,Karnataka,12.9323,77.576237,Statiq,Public,Type 2,60,269.41,CUST03876,Lakshmi Sharma,3.96,1066.86,Debit Card
STN0227,EV Charging Station 227,Mumbai,Maharashtra,19.042202,72.945342,ChargeZone,Private,IEC 60309 3-pin,30,190.8,CUST03877,Arun Reddy,1.11,211.79,Debit Card
STN0081,EV Charging Station 081,Delhi,Delhi,28.605786,77.215302,Statiq,Public,GB/T,120,1175.97,CUST03878,Anjali Reddy,3.21,3774.86,Debit Card
STN0126,EV Charging Station 126,Belagavi,Karnataka,15.867431,74.540109,Tata Power,Private,CCS2,120,571.4,CUST03879,Akhil Reddy,1.79,1022.81,UPI
STN0233,EV Charging Station 233,Chennai,Tamil Nadu,13.10764,80.260264,Tata Power,Public,Type 2,150,1132.44,CUST03880,Amritha Reddy,5.98,,UPI
STN0140,EV Charging Station 140,Hubballi,Karnataka,15.370185,75.136352,Ather Grid,Public,Type 2,30,247.44,CUST03881,Ravi Reddy,2.52,623.55,Cash
STN0407,EV Charging Station 407,Belagavi,Karnataka,15.857984,74.479355,ChargeZone,Commercial,CCS2,30,176.73,CUST03882,Priya Reddy,2.26,399.41,Credit Card
STN0207,EV Charging Station 207,Belagavi,Karnataka,15.85123,74.457123,Ather Grid,Public,Type 2,22,185.82,CUST03883,Kiran Reddy,3.99,741.42,UPI
STN0006,EV Charging Station 006,Kochi,Kerala,9.945823,76.2961,Jio-bp,Public,GB/T,11,76.25,CUST03884,Sneha Reddy,7.45,568.06,Credit Card
STN0260,EV Charging Station 260,Mysuru,Karnataka,12.281328,76.666768,Jio-bp,Commercial,CCS2,11,103.8,CUST03885,Manoj Reddy,1.92,199.3,UPI
STN0122,EV Charging Station 122,Mumbai,Maharashtra,19.032836,72.884136,ChargeZone,Private,Type 2,150,1172.14,CUST03886,Divya Reddy,1.79,2098.13,UPI
STN0241,EV Charging Station 241,Mangaluru,Karnataka,12.933114,74.889186,Statiq,Private,GB/T,7.2,30.74,CUST03887,Suresh Reddy,1.39,42.73,UPI
STN0427,EV Charging Station 427,Hubballi,Karnataka,15.322816,75.149052,Tata Power,Public,CCS2,,53.66,CUST03888,Lakshmi Reddy,1.4,75.12,Wallet
STN0326,EV Charging Station 326,Bengaluru,Karnataka,13.035693,77.562648,Statiq,Public,CCS2,50,,CUST03889,Arun Patil,2.81,1112.9,UPI
STN0133,EV Charging Station 133,Hubballi,Karnataka,15.361371,75.125543,Ather Grid,Public,IEC 60309 3-pin,30,171.18,CUST03890,Anjali Patil,6.72,1150.33,UPI
STN0278,EV Charging Station 278,Mangaluru,Karnataka,12.866412,74.875976,ChargeZone,Public,CCS2,120,1073.84,CUST03891,,2.45,2630.91,Cash
STN0110,EV Charging Station 110,Mumbai,Maharashtra,19.090638,72.870386,ChargeZone,Public,CCS2,7.2,50.42,CUST03892,Amritha Patil,2.03,102.35,Credit Card
STN0156,EV Charging Station 156,,Karnataka,15.342954,75.136721,Zeon Charging,Public,IEC 60309 3-pin,50,279.47,CUST03893,Ravi Patil,0.58,162.09,Credit Card
STN0080,EV Charging Station 080,Delhi,Delhi,28.612418,77.192395,Zeon Charging,Commercial,IEC 60309 3-pin,30,159.52,CUST03894,Priya Patil,5.13,818.34,Cash
STN0430,EV Charging Station 430,Hyderabad,Telangana,17.4383,78.47448,Statiq,Commercial,Type 2,150,678.78,CUST03895,Kiran Patil,2.56,1737.68,Credit Card
STN0076,EV Charging Station 076,Mangaluru,Karnataka,12.867136,74.858173,Zeon Charging,Public,IEC 60309 3-pin,120,684.69,CUST03896,Sneha Patil,7.73,5292.65,UPI
STN0163,EV Charging Station 163,Mysuru,Karnataka,12.326122,76.632284,Zeon Charging,Public,CCS2,120,642.69,CUST03897,Manoj Patil,5.98,3843.29,Credit Card
STN0147,EV Charging Station 147,Mysuru,Karnataka,12.302388,76.665815,Tata Power,Commercial,Type 2,120,1057.31,CUST03898,Divya Patil,6.77,7157.99,Credit Card
STN0482,EV Charging Station 482,Kochi,Kerala,9.961942,76.299581,Tata Power,Public,CCS2,30,212.84,CUST03899,Suresh Patil,4.02,855.62,UPI
STN0386,EV Charging Station 386,Pune,Maharashtra,18.546505,73.893372,Statiq,Private,CCS2,7.2,49.99,CUST03900,Lakshmi Patil,2.61,130.47,Cash
STN0028,EV Charging Station 028,Mangaluru,Karnataka,12.91376,74.875747,Zeon Charging,Commercial,CCS2,7.2,,CUST03901,Arun Shetty,6.41,338.45,UPI
STN0266,EV Charging Station 266,Mumbai,Maharashtra,19.080838,72.880154,Zeon Charging,Public,CCS2,50,228.12,CUST03902,Anjali Shetty,2.74,625.05,UPI
STN0426,EV Charging Station 426,Hubballi,Karnataka,15.381054,75.180259,Zeon Charging,Private,Type 2,150,741.45,CUST03903,Akhil Shetty,7.32,5427.41,Credit Card
STN0124,EV Charging Station 124,Bengaluru,Karnataka,,77.600695,Jio-bp,Private,GB/T,120,622.87,CUST03904,Amritha Shetty,2.57,1600.78,Credit Card
STN0382,EV Charging Station 382,Mysuru,Karnataka,12.359719,76.658015,Tata Power,Public,Type 2,22,91.06,CUST03905,Ravi Shetty,4.07,370.61,UPI
STN0135,,Mangaluru,Karnataka,12.876127,74.852767,ChargeZone,,CCS2,150,1316.81,CUST03906,Priya Shetty,0.89,1171.96,Debit Card
STN0421,EV Charging Station 421,Mumbai,Maharashtra,19.056442,72.860999,ChargeZone,Public,Type 2,60,582.57,CUST03907,Kiran Shetty,1.19,693.26,Credit Card
STN0342,EV Charging Station 342,Kochi,Kerala,9.892635,76.298083,Jio-bp,Private,Type 2,50,294.89,CUST03908,Sneha Shetty,2.66,784.41,Credit Card
STN0423,EV Charging Station 423,Kochi,Kerala,9.908607,76.293742,Ather Grid,Commercial,CCS2,11,108.23,CUST03909,Manoj Shetty,3.52,380.97,Wallet
STN0136,EV Charging Station 136,Delhi,Delhi,28.613722,77.234686,Ather Grid,Public,Type 2,11,70.78,CUST03910,Divya Shetty,0.87,61.58,Credit Card
STN0303,EV Charging Station 303,Delhi,Delhi,28.61211,77.241564,Tata Power,Private,CCS2,7.2,46.44,CUST03911,Suresh Shetty,2.41,,UPI
STN0335,EV Charging Station 335,Mangaluru,Karnataka,12.907874,74.862206,Jio-bp,Commercial,CHAdeMO,11,56.73,CUST03912,Lakshmi Shetty,2.25,127.64,UPI
STN0108,EV Charging Station 108,Belagavi,Karnataka,15.789122,74.482611,Tata Power,Public,CCS2,3.3,15.54,CUST03913,Arun Rao,0.5,7.77,Credit Card
STN0065,EV Charging Station 065,Mysuru,Karnataka,12.364837,76.640938,Statiq,Public,CCS2,30,293.74,CUST03914,Anjali Rao,3.82,1122.09,UPI
STN0214,EV Charging Station 214,Belagavi,Karnataka,15.863767,74.465577,Statiq,Private,Type 2,50,233.93,CUST03915,Akhil Rao,7.52,1759.15,Cash
STN0278,EV Charging Station 278,Kochi,Kerala,9.956906,76.274475,ChargeZone,Public,CHAdeMO,7.2,47.81,CUST03916,Amritha Rao,3.23,154.43,Credit Card
STN0452,EV Charging Station 452,Mysuru,Karnataka,12.320017,76.634157,ChargeZone,Public,CCS2,50,329.42,CUST03917,Ravi Rao,1.31,431.54,Credit Card
STN0332,EV Charging Station 332,Pune,Maharashtra,18.496762,73.890725,Ather Grid,Public,Type 2,22,144.6,CUST03918,Priya Rao,7.93,1146.68,Debit Card
STN0123,EV Charging Station 123,Pune,Maharashtra,18.465372,73.801675,Ather Grid,Public,GB/T,11,78.94,CUST03919,Kiran Rao,2.16,170.51,Debit Card
STN0297,EV Charging Station 297,Bengaluru,Karnataka,12.986731,77.621293,ChargeZone,Public,CCS2,7.2,41.38,CUST03920,Sneha Rao,6.4,264.83,Cash
STN0390,EV Charging Station 390,Pune,Maharashtra,18.500855,73.8539,ChargeZone,Public,IEC 60309 3-pin,7.2,48.52,CUST03921,Manoj Rao,1.8,87.34,UPI
STN0259,EV Charging Station 259,Pune,Maharashtra,18.517155,73.840768,ChargeZone,Public,CCS2,22,192.15,CUST03922,Divya Rao,7.91,1519.91,Debit Card
STN0256,EV Charging Station 256,Mumbai,Maharashtra,19.103774,72.86724,Ather Grid,Private,CCS2,120,752.3,CUST03923,Suresh Rao,3.61,2715.8,UPI
STN0497,EV Charging Station 497,Hyderabad,Telangana,17.395304,78.484529,Statiq,Public,Type 2,120,681.02,CUST03924,Lakshmi Rao,,1116.87,UPI
STN0370,EV Charging Station 370,Bengaluru,Karnataka,12.976521,77.627348,Statiq,Commercial,CCS2,3.3,26,CUST03925,Arun Iyer,5.78,150.28,UPI
STN0491,EV Charging Station 491,Hubballi,Karnataka,15.41638,75.043885,Ather Grid,Public,Type 2,7.2,61.16,CUST03926,Anjali Iyer,7.54,461.15,Debit Card
STN0027,EV Charging Station 027,Pune,Maharashtra,18.495065,73.881594,Zeon Charging,Private,IEC 60309 3-pin,150,1187.93,CUST03927,Akhil Iyer,3.28,3896.41,UPI
STN0135,EV Charging Station 135,Hubballi,Karnataka,15.349494,75.066193,Tata Power,,Type 2,120,638.92,CUST03928,Amritha Iyer,5.6,3577.95,UPI
STN0340,EV Charging Station 340,Kochi,Kerala,9.933353,76.278093,Tata Power,Commercial,CCS2,50,481.15,CUST03929,Ravi Iyer,5.51,2651.14,UPI
STN0222,EV Charging Station 222,Mysuru,Karnataka,12.329837,76.685906,ChargeZone,Private,CCS2,30,140.07,CUST03930,Priya Iyer,7.21,1009.9,
STN0128,EV Charging Station 128,Bengaluru,Karnataka,12.956348,77.629691,Jio-bp,Public,GB/T,11,103.09,CUST03931,Kiran Iyer,6.06,624.73,Credit Card
STN0407,EV Charging Station 407,Mumbai,Maharashtra,19.072097,72.852331,Zeon Charging,Commercial,Type 2,7.2,,CUST03932,Sneha Iyer,3.45,171.91,UPI
STN0480,EV Charging Station 480,Chennai,Tamil Nadu,13.087152,80.298303,Tata Power,Public,CHAdeMO,50,388.05,CUST03933,Manoj Iyer,,201.79,UPI
STN0334,EV Charging Station 334,Hyderabad,,17.390219,78.510695,Tata Power,Public,CCS2,7.2,49.88,CUST03934,Divya Iyer,6.33,315.74,UPI
STN0455,EV Charging Station 455,,Tamil Nadu,13.079363,80.312539,Jio-bp,,CCS2,60,381.58,CUST03935,Suresh Iyer,6.71,2560.4,UPI
STN0244,EV Charging Station 244,Kochi,Kerala,9.937358,76.23504,Jio-bp,Private,Type 2,30,166.47,CUST03936,Lakshmi Iyer,0.76,126.52,UPI
STN0211,EV Charging Station 211,Hubballi,Karnataka,15.380425,75.069714,Statiq,Public,,11,91.57,CUST03937,Arun Nair,2.63,240.83,Debit Card
STN0225,EV Charging Station 225,Mangaluru,Karnataka,12.865459,,Tata Power,Public,CCS2,60,314.52,CUST03938,Anjali Nair,3.26,1025.34,UPI
STN0392,EV Charging Station 392,Mumbai,Maharashtra,19.031582,72.89442,Statiq,Public,Type 2,60,426.11,CUST03939,Akhil Nair,5.18,2207.25,Credit Card
STN0065,EV Charging Station 065,Mangaluru,Karnataka,12.927783,74.833204,Statiq,Commercial,GB/T,30,294.29,CUST03940,Amritha Nair,1.8,529.72,UPI
STN0307,EV Charging Station 307,Pune,Maharashtra,18.496495,73.828732,Zeon Charging,Public,CCS2,150,952.99,CUST03941,Ravi Nair,0.87,829.1,Credit Card
STN0169,EV Charging Station 169,Mangaluru,Karnataka,12.902168,74.889853,Tata Power,Public,CHAdeMO,7.2,42.78,CUST03942,Priya Nair,,115.93,UPI
STN0452,EV Charging Station 452,Delhi,Delhi,28.608256,77.217647,Jio-bp,Public,CHAdeMO,30,283.5,CUST03943,Kiran Nair,1.72,487.62,Credit Card
STN0338,EV Charging Station 338,Belagavi,Karnataka,15.858824,74.496215,Zeon Charging,Private,,150,682.1,CUST03944,Sneha Nair,2.2,1500.62,UPI
STN0079,EV Charging Station 079,Delhi,Delhi,28.527741,77.242381,Zeon Charging,Public,Type 2,30,275.37,CUST03945,Manoj Nair,4.36,1200.61,Debit Card
STN0362,EV Charging Station 362,Chennai,Tamil Nadu,13.066598,80.271544,Jio-bp,Commercial,CHAdeMO,60,562.27,CUST03946,Divya Nair,6.26,3519.81,UPI
STN0434,EV Charging Station 434,Bengaluru,Karnataka,12.888881,77.593197,Ather Grid,Commercial,Type 2,22,134.78,CUST03947,Suresh Nair,2.16,291.12,UPI
STN0430,EV Charging Station 430,Mumbai,Maharashtra,19.103929,72.818324,Tata Power,Commercial,CCS2,7.2,55.75,CUST03948,Lakshmi Nair,7.1,395.82,UPI
STN0447,EV Charging Station 447,Mumbai,Maharashtra,19.047938,72.832893,Tata Power,Public,IEC 60309 3-pin,7.2,61,CUST03949,Arun Kumar,2.55,155.55,UPI
STN0152,EV Charging Station 152,Delhi,Delhi,28.569942,77.247054,Statiq,Public,GB/T,50,458.77,CUST03950,Anjali Kumar,,1669.92,UPI
STN0051,EV Charging Station 051,Pune,Maharashtra,18.497384,73.766242,Zeon Charging,Commercial,IEC 60309 3-pin,22,165.86,CUST03951,Akhil Kumar,4.79,794.47,Cash
STN0398,EV Charging Station 398,Mysuru,,12.241188,76.639939,Statiq,Public,CCS2,11,91.3,CUST03952,Amritha Kumar,0.51,46.56,UPI
STN0086,,Chennai,Tamil Nadu,13.061604,80.190654,Tata Power,Public,CHAdeMO,7.2,38.07,CUST03953,Ravi Kumar,7.81,297.33,Debit Card
STN0389,EV Charging Station 389,Mangaluru,Karnataka,12.91084,74.8449,Statiq,Private,CCS2,22,198.58,CUST03954,Priya Kumar,6.08,1207.37,UPI
STN0335,EV Charging Station 335,Belagavi,Karnataka,15.898809,74.446726,Statiq,Public,IEC 60309 3-pin,3.3,16.24,CUST03955,Kiran Kumar,3.86,62.69,Cash
STN0351,EV Charging Station 351,Pune,Maharashtra,18.508456,73.810287,Zeon Charging,Private,CCS2,7.2,39.59,CUST03956,Sneha Kumar,5.33,211.01,Debit Card
STN0462,EV Charging Station 462,Mangaluru,Karnataka,12.904801,74.865523,Statiq,Public,Type 2,50,428.33,CUST03957,Manoj Kumar,6.79,2908.36,UPI
STN0456,EV Charging Station 456,Chennai,Tamil Nadu,13.060049,80.25438,Zeon Charging,Public,CCS2,22,196.37,CUST03958,Divya Kumar,6.53,1282.3,Debit Card
STN0202,,Mysuru,Karnataka,12.323477,76.673801,Ather Grid,Private,CCS2,,190.95,CUST03959,Suresh Kumar,2.68,511.75,UPI
STN0464,EV Charging Station 464,Chennai,Tamil Nadu,13.089224,80.255542,Tata Power,Public,CHAdeMO,120,1190.95,CUST03960,Lakshmi Kumar,6.73,8015.09,UPI
STN0435,EV Charging Station 435,Mumbai,Maharashtra,19.029588,72.926257,Ather Grid,Public,CCS2,50,447.3,CUST03961,Arun Sharma,5.9,2639.07,Debit Card
STN0364,EV Charging Station 364,Mumbai,Maharashtra,19.068736,72.889974,Zeon Charging,Private,CCS2,7.2,56.81,CUST03962,Anjali Sharma,1.61,,UPI
STN0351,EV Charging Station 351,Mumbai,Maharashtra,19.086996,72.895583,Zeon Charging,Commercial,CHAdeMO,120,1174.38,CUST03963,Akhil Sharma,6.8,7985.78,Credit Card
STN0166,EV Charging Station 166,Pune,Maharashtra,18.515204,,ChargeZone,Commercial,Type 2,30,,CUST03964,Amritha Sharma,6.72,1227.34,Cash
STN0085,EV Charging Station 085,Hyderabad,,17.367508,78.497799,ChargeZone,Public,CCS2,7.2,56.86,CUST03965,Ravi Sharma,6.68,379.82,Cash
STN0451,EV Charging Station 451,Kochi,Kerala,9.942867,76.284509,Jio-bp,Public,CCS2,7.2,59.27,CUST03966,Priya Sharma,2.48,146.99,Credit Card
STN0140,EV Charging Station 140,Hubballi,Karnataka,15.380582,75.095163,Jio-bp,Public,CCS2,7.2,45.25,CUST03967,Kiran Sharma,2.91,131.68,Cash
STN0141,EV Charging Station 141,Hyderabad,Telangana,17.330942,78.49734,Statiq,Private,GB/T,7.2,57.91,CUST03968,Sneha Sharma,7.21,417.53,Credit Card
STN0034,EV Charging Station 034,Belagavi,Karnataka,15.827115,74.503378,ChargeZone,Public,CCS2,22,113.73,CUST03969,Manoj Sharma,1.58,179.69,UPI
STN0226,EV Charging Station 226,Kochi,Kerala,9.927984,76.242587,Ather Grid,Private,CCS2,60,314.79,CUST03970,Divya Sharma,2.06,648.47,UPI
STN0094,EV Charging Station 094,Hubballi,Karnataka,15.328885,75.171921,Zeon Charging,Commercial,GB/T,120,695.37,CUST03971,Suresh Sharma,3.87,2691.08,UPI
STN0307,EV Charging Station 307,Kochi,Kerala,9.912567,76.276033,Ather Grid,Public,Type 2,7.2,70.34,CUST03972,Lakshmi Sharma,0.66,46.42,UPI
STN0328,EV Charging Station 328,Hyderabad,Telangana,17.414356,78.505794,Jio-bp,Public,CCS2,7.2,36.96,CUST03973,Arun Reddy,7.89,291.61,UPI
STN0146,EV Charging Station 146,Delhi,Delhi,28.571879,,Jio-bp,Public,GB/T,120,1012.36,CUST03974,Anjali Reddy,4.5,4555.62,UPI
STN0254,EV Charging Station 254,Bengaluru,Karnataka,12.938003,77.606838,Ather Grid,Public,CHAdeMO,50,297.5,CUST03975,Akhil Reddy,4.73,1407.18,Credit Card
STN0324,EV Charging Station 324,Mangaluru,Karnataka,12.890335,74.87776,Tata Power,Commercial,IEC 60309 3-pin,60,339.81,CUST03976,Amritha Reddy,5.12,1739.83,UPI
STN0151,EV Charging Station 151,Mangaluru,Karnataka,12.949213,74.870083,,Private,GB/T,30,218.77,CUST03977,Ravi Reddy,1.12,245.02,Wallet
STN0446,EV Charging Station 446,Mangaluru,Karnataka,12.909908,,ChargeZone,Public,Type 2,22,103.08,CUST03978,Priya Reddy,7.54,777.22,UPI
STN0404,EV Charging Station 404,Mangaluru,Karnataka,12.914814,74.921104,Jio-bp,Public,CCS2,60,372.1,CUST03979,Kiran Reddy,6.14,2284.69,Credit Card
STN0048,EV Charging Station 048,Hyderabad,Telangana,17.358117,78.554885,Zeon Charging,Public,CCS2,30,216.97,CUST03980,Sneha Reddy,3.34,724.68,Credit Card
STN0212,EV Charging Station 212,Chennai,Tamil Nadu,13.109118,80.309355,Jio-bp,Public,GB/T,120,500.22,CUST03981,Manoj Reddy,4.36,2180.96,Debit Card
STN0388,EV Charging Station 388,Hyderabad,Telangana,17.396954,78.497078,ChargeZone,Private,CCS2,7.2,29.85,CUST03982,Divya Reddy,0.73,21.79,Credit Card
STN0183,EV Charging Station 183,Hyderabad,Telangana,17.39684,78.476861,Zeon Charging,Commercial,GB/T,22,134.65,CUST03983,Suresh Reddy,4.42,595.15,Credit Card
STN0313,EV Charging Station 313,Mysuru,Karnataka,12.237439,76.641232,Statiq,Private,GB/T,7.2,37.34,CUST03984,Lakshmi Reddy,1.22,45.55,Credit Card
STN0325,EV Charging Station 325,,Karnataka,12.333085,76.636404,Statiq,Public,CCS2,120,971.49,CUST03985,Arun Patil,4.03,3915.1,Debit Card
STN0023,EV Charging Station 023,Hubballi,Karnataka,15.387683,75.119282,Ather Grid,Public,CHAdeMO,22,136.4,CUST03986,Anjali Patil,5.96,812.94,UPI
STN0188,EV Charging Station 188,Hyderabad,Telangana,17.391188,78.465095,Statiq,Public,Type 2,30,155.24,CUST03987,Akhil Patil,0.65,100.91,UPI
STN0316,EV Charging Station 316,Mysuru,Karnataka,12.340019,76.642446,Ather Grid,Public,Type 2,30,291.48,CUST03988,Amritha Patil,4.71,1372.87,
STN0421,EV Charging Station 421,Kochi,Kerala,9.900629,76.238,Zeon Charging,Public,IEC 60309 3-pin,22,195.77,CUST03989,Ravi Patil,3.08,,Debit Card
STN0334,EV Charging Station 334,Delhi,Delhi,28.585221,77.206281,Tata Power,Public,Type 2,7.2,66.98,CUST03990,Priya Patil,1.17,78.37,Credit Card
STN0400,EV Charging Station 400,Hyderabad,Telangana,17.37109,78.470443,Jio-bp,Public,CCS2,7.2,68.12,CUST03991,Kiran Patil,4.4,299.73,Wallet
STN0303,EV Charging Station 303,Bengaluru,Karnataka,12.977901,77.569148,Zeon Charging,Public,Type 2,30,190.05,CUST03992,Sneha Patil,0.87,165.34,Credit Card
STN0347,EV Charging Station 347,Pune,Maharashtra,18.502353,73.888106,Ather Grid,,Type 2,22,103.83,CUST03993,Manoj Patil,3.08,319.8,Wallet
STN0463,EV Charging Station 463,Bengaluru,Karnataka,12.984758,77.641827,ChargeZone,Commercial,Type 2,22,140.56,CUST03994,Divya Patil,6.58,924.88,Wallet
STN0090,EV Charging Station 090,Hyderabad,Telangana,17.412768,78.462616,Tata Power,,CCS2,30,247.99,CUST03995,Suresh Patil,7.35,1822.73,Debit Card
STN0257,EV Charging Station 257,Kochi,Kerala,9.890619,76.286521,ChargeZone,Public,CHAdeMO,50,283.48,CUST03996,Lakshmi Patil,4.02,1139.59,UPI
STN0462,EV Charging Station 462,Hubballi,Karnataka,15.369783,75.125374,Tata Power,Public,CCS2,30,126.37,CUST03997,Arun Shetty,5.28,667.23,Credit Card
STN0475,EV Charging Station 475,Kochi,Kerala,9.96018,76.244447,Jio-bp,Public,Type 2,7.2,57.22,CUST03998,Anjali Shetty,6.98,399.4,UPI
STN0137,EV Charging Station 137,Bengaluru,Karnataka,12.925485,77.575508,ChargeZone,,CCS2,7.2,44.4,CUST03999,Akhil Shetty,3.37,149.63,UPI
STN0442,EV Charging Station 442,Mangaluru,Karnataka,12.892171,74.844371,Ather Grid,Commercial,IEC 60309 3-pin,7.2,33.7,CUST04000,Amritha Shetty,2.41,81.22,UPI
STN0342,EV Charging Station 342,Chennai,Tamil Nadu,,80.283588,Tata Power,Private,CCS2,7.2,48.83,CUST04001,Ravi Shetty,7.15,349.13,UPI
STN0034,,Mumbai,Maharashtra,19.115669,72.902943,Tata Power,Public,Type 2,50,458.22,CUST04002,Priya Shetty,7.08,3244.2,Credit Card
STN0107,EV Charging Station 107,Pune,Maharashtra,18.537703,73.890491,ChargeZone,Public,IEC 60309 3-pin,11,100.81,CUST04003,Kiran Shetty,4.36,439.53,UPI
STN0104,EV Charging Station 104,Delhi,Delhi,28.623023,77.190609,Ather Grid,Public,CCS2,60,248.77,CUST04004,Sneha Shetty,4.81,1196.58,UPI
STN0463,EV Charging Station 463,Chennai,Tamil Nadu,13.065665,80.347896,Zeon Charging,Public,CHAdeMO,3.3,28.71,CUST04005,Manoj Shetty,2.58,74.07,UPI
STN0371,EV Charging Station 371,Pune,Maharashtra,18.496045,73.899642,ChargeZone,Public,Type 2,7.2,60.91,CUST04006,Divya Shetty,5.2,316.73,Credit Card
STN0189,EV Charging Station 189,Bengaluru,Karnataka,13.015459,,Statiq,Public,IEC 60309 3-pin,50,390.45,CUST04007,Suresh Shetty,2.19,855.09,Credit Card
STN0228,EV Charging Station 228,Hubballi,Karnataka,15.338948,75.092264,Ather Grid,Public,IEC 60309 3-pin,60,307.58,CUST04008,Lakshmi Shetty,4.46,1371.81,UPI
STN0399,EV Charging Station 399,Belagavi,Karnataka,15.840837,74.490113,Tata Power,Public,CCS2,60,448.03,CUST04009,Arun Rao,4.21,1886.21,Debit Card
STN0310,EV Charging Station 310,Mumbai,Maharashtra,19.070806,72.882455,Jio-bp,Public,CCS2,150,1368.44,CUST04010,Anjali Rao,3.63,4967.44,Debit Card
STN0316,EV Charging Station 316,Mumbai,Maharashtra,19.070441,72.886898,Statiq,Private,GB/T,120,564.08,CUST04011,Akhil Rao,0.76,428.7,UPI
STN0191,EV Charging Station 191,Kochi,Kerala,9.980664,76.201389,ChargeZone,Public,Type 2,150,778.22,CUST04012,Amritha Rao,6.2,4824.96,Debit Card
STN0110,EV Charging Station 110,Kochi,Kerala,9.99911,76.254483,Ather Grid,Commercial,Type 2,7.2,41.55,CUST04013,Ravi Rao,1.88,78.11,
STN0467,EV Charging Station 467,Kochi,Kerala,9.989874,76.319902,Ather Grid,Public,CCS2,150,798.57,CUST04014,Priya Rao,4.55,3633.49,Cash
STN0089,EV Charging Station 089,Kochi,Kerala,9.900258,76.225461,Zeon Charging,Public,IEC 60309 3-pin,60,442.73,CUST04015,,4.44,1965.72,Credit Card
STN0059,EV Charging Station 059,Delhi,Delhi,28.601462,77.195942,Zeon Charging,Public,CHAdeMO,50,223.65,CUST04016,Sneha Rao,4.08,912.49,Credit Card
STN0478,EV Charging Station 478,Delhi,Delhi,28.63662,77.174852,,Public,CHAdeMO,120,566.42,CUST04017,Manoj Rao,7.93,4491.71,UPI
STN0340,EV Charging Station 340,Kochi,Kerala,9.944049,76.313392,Ather Grid,Public,CCS2,22,104.53,CUST04018,Divya Rao,4.83,504.88,UPI
STN0092,EV Charging Station 092,Mysuru,Karnataka,12.424969,76.619267,Zeon Charging,Public,CCS2,7.2,38.83,CUST04019,Suresh Rao,7.32,284.24,Credit Card
STN0312,EV Charging Station 312,Kochi,Kerala,9.979779,76.289622,Tata Power,Private,Type 2,7.2,54.64,CUST04020,Lakshmi Rao,1.13,61.74,UPI
STN0024,EV Charging Station 024,Mumbai,Maharashtra,19.085244,72.847895,Tata Power,Public,CCS2,60,471.51,CUST04021,Arun Iyer,6.44,3036.52,Credit Card
STN0351,EV Charging Station 351,Pune,Maharashtra,18.524556,73.819857,Statiq,Public,GB/T,50,268.25,CUST04022,Anjali Iyer,6.67,1789.23,UPI
STN0007,EV Charging Station 007,,Delhi,28.582398,77.237464,Tata Power,Public,Type 2,,483.77,CUST04023,Akhil Iyer,3.07,1485.17,UPI
STN0467,EV Charging Station 467,Bengaluru,Karnataka,12.971142,77.676653,Ather Grid,Commercial,CCS2,30,217.75,CUST04024,Amritha Iyer,1.9,413.72,Cash
STN0114,EV Charging Station 114,Chennai,Tamil Nadu,13.088097,80.241046,Tata Power,Private,CCS2,11,60.42,CUST04025,Ravi Iyer,1.75,105.74,UPI
STN0411,EV Charging Station 411,,Kerala,9.962625,76.257523,ChargeZone,Public,CCS2,30,143.41,CUST04026,Priya Iyer,7.24,1038.29,Credit Card
STN0074,EV Charging Station 074,Kochi,Kerala,9.950059,76.294349,Statiq,Private,CCS2,120,1177.16,CUST04027,Kiran Iyer,3.13,,Wallet
STN0319,EV Charging Station 319,Hubballi,Karnataka,15.336371,75.092955,Tata Power,Public,IEC 60309 3-pin,120,581.9,CUST04028,Sneha Iyer,6.72,3910.37,UPI
STN0255,EV Charging Station 255,Pune,Maharashtra,18.571432,73.873288,Jio-bp,Public,GB/T,30,274.95,CUST04029,Manoj Iyer,7.52,2067.62,UPI
STN0009,EV Charging Station 009,Delhi,Delhi,28.615722,77.147153,Zeon Charging,Commercial,CCS2,7.2,30.89,CUST04030,Divya Iyer,6.71,207.27,Credit Card
STN0218,EV Charging Station 218,Belagavi,Karnataka,15.856215,74.468179,Tata Power,Public,Type 2,120,675.41,CUST04031,,1.59,1073.9,UPI
STN0393,EV Charging Station 393,Delhi,Delhi,28.63161,77.193561,Jio-bp,Public,CCS2,7.2,41.53,CUST04032,Lakshmi Iyer,5.56,230.91,UPI
STN0118,EV Charging Station 118,Mysuru,Karnataka,12.311312,76.662511,Zeon Charging,Public,CCS2,11,76.1,CUST04033,Arun Nair,0.68,51.75,Credit Card
STN0313,EV Charging Station 313,Kochi,Kerala,9.892612,76.300199,ChargeZone,Public,CCS2,11,77.56,CUST04034,Anjali Nair,7.65,593.33,Credit Card
STN0074,EV Charging Station 074,Pune,Maharashtra,18.516974,73.834587,Tata Power,Public,GB/T,7.2,38.18,CUST04035,Akhil Nair,3.44,131.34,Credit Card
STN0237,EV Charging Station 237,,Kerala,9.914347,,Zeon Charging,,CCS2,120,1154.94,CUST04036,Amritha Nair,6.79,7842.04,Debit Card
STN0477,EV Charging Station 477,Delhi,Delhi,28.579883,77.208892,Zeon Charging,Public,Type 2,150,837.78,CUST04037,Ravi Nair,1.36,1139.38,UPI
STN0393,EV Charging Station 393,Kochi,Kerala,9.896886,76.230441,Statiq,Public,CCS2,30,284.04,CUST04038,Priya Nair,0.8,227.23,Credit Card
STN0387,EV Charging Station 387,Delhi,Delhi,28.657167,77.196556,ChargeZone,Commercial,CCS2,30,120.81,CUST04039,Kiran Nair,1.52,183.63,UPI
STN0167,EV Charging Station 167,Mumbai,Maharashtra,19.084248,72.79977,Statiq,Commercial,CCS2,7.2,39.14,CUST04040,Sneha Nair,7.92,309.99,Credit Card
STN0081,EV Charging Station 081,Bengaluru,Karnataka,13.02418,77.57315,Tata Power,Public,Type 2,3.3,30.72,CUST04041,Manoj Nair,0.84,25.8,Wallet
STN0205,EV Charging Station 205,Hubballi,Karnataka,15.294553,75.132683,Ather Grid,Commercial,CCS2,7.2,66.33,CUST04042,Divya Nair,3.7,245.42,Wallet
STN0184,EV Charging Station 184,Chennai,Tamil Nadu,13.139985,80.28543,Zeon Charging,Public,Type 2,22,217.54,CUST04043,,5.71,1242.15,
STN0363,EV Charging Station 363,Hyderabad,Telangana,17.329642,78.518233,Jio-bp,Private,Type 2,11,60.9,CUST04044,Lakshmi Nair,1.17,71.25,
STN0390,EV Charging Station 390,Kochi,Kerala,9.954608,76.300166,Ather Grid,Public,Type 2,120,558.8,CUST04045,Arun Kumar,7.38,4123.94,Debit Card
STN0034,EV Charging Station 034,Chennai,Tamil Nadu,13.137997,80.260484,Zeon Charging,Public,CCS2,7.2,51.5,CUST04046,Anjali Kumar,3.13,161.2,Credit Card
STN0440,EV Charging Station 440,Kochi,Kerala,9.860999,76.186095,Ather Grid,Commercial,Type 2,22,123.29,CUST04047,Akhil Kumar,3.9,480.83,UPI
STN0128,EV Charging Station 128,Mysuru,Karnataka,12.292646,76.631511,ChargeZone,Public,IEC 60309 3-pin,60,461.73,CUST04048,Amritha Kumar,2.98,1375.96,Credit Card
STN0427,EV Charging Station 427,Mangaluru,Karnataka,,74.846706,ChargeZone,Public,Type 2,120,504.09,CUST04049,Ravi Kumar,1.2,604.91,UPI
STN0328,EV Charging Station 328,Mumbai,Maharashtra,19.085838,72.937317,Tata Power,Public,Type 2,11,100.76,CUST04050,Priya Kumar,7.43,748.65,UPI
STN0437,EV Charging Station 437,Kochi,Kerala,9.921509,76.289879,Jio-bp,Private,CCS2,120,693.78,CUST04051,,1.34,929.67,UPI
STN0485,EV Charging Station 485,Mangaluru,Karnataka,12.905594,74.831212,ChargeZone,Public,IEC 60309 3-pin,60,318.4,CUST04052,Sneha Kumar,3.83,1219.47,UPI
STN0016,EV Charging Station 016,Hyderabad,Telangana,17.386256,78.44478,Jio-bp,Public,CCS2,7.2,,CUST04053,Manoj Kumar,5.06,261.1,UPI
STN0346,EV Charging Station 346,Kochi,Kerala,9.925461,,Zeon Charging,Public,Type 2,11,92.93,CUST04054,Divya Kumar,3.29,305.74,UPI
STN0202,EV Charging Station 202,Belagavi,Karnataka,15.893185,74.553045,ChargeZone,Commercial,Type 2,7.2,33.51,CUST04055,Suresh Kumar,5.16,172.91,UPI
STN0205,EV Charging Station 205,Hyderabad,Telangana,17.311878,78.402224,Statiq,Public,CCS2,120,946.81,CUST04056,Lakshmi Kumar,5.2,4923.41,Wallet
STN0494,EV Charging Station 494,Bengaluru,Karnataka,12.922608,77.524361,ChargeZone,Public,IEC 60309 3-pin,50,220.92,CUST04057,Arun Sharma,0.53,117.09,Cash
STN0256,EV Charging Station 256,Mangaluru,Karnataka,12.905185,74.872058,Tata Power,Public,CCS2,11,,CUST04058,Anjali Sharma,5.47,576.21,UPI
STN0433,EV Charging Station 433,Mumbai,Maharashtra,19.117832,72.855336,ChargeZone,Public,CHAdeMO,7.2,31.34,CUST04059,Akhil Sharma,2.36,73.96,UPI
STN0109,EV Charging Station 109,Mumbai,Maharashtra,19.077864,72.928187,Statiq,Public,GB/T,22,164.31,CUST04060,Amritha Sharma,2.83,465,Credit Card
STN0302,EV Charging Station 302,Pune,Maharashtra,18.512916,73.858449,Statiq,,Type 2,150,817.92,CUST04061,Ravi Sharma,3.78,3091.74,Debit Card
STN0306,EV Charging Station 306,Hubballi,Karnataka,15.347636,75.076178,Ather Grid,Public,GB/T,150,646.81,CUST04062,Priya Sharma,0.72,465.7,UPI
STN0294,EV Charging Station 294,Hubballi,,15.351016,75.161737,Zeon Charging,Public,Type 2,120,973.34,CUST04063,Kiran Sharma,5.5,5353.37,Wallet
STN0100,,,Karnataka,12.96125,77.559752,,Public,IEC 60309 3-pin,60,284.02,CUST04064,Sneha Sharma,3.75,1065.07,UPI
STN0033,EV Charging Station 033,Hyderabad,Telangana,17.401,78.464514,ChargeZone,Private,CHAdeMO,50,,CUST04065,Manoj Sharma,3.49,1497.49,UPI
STN0432,EV Charging Station 432,Bengaluru,Karnataka,13.029598,77.612282,Tata Power,Private,CCS2,7.2,59.06,CUST04066,Divya Sharma,1.82,107.49,Debit Card
STN0268,EV Charging Station 268,Mumbai,Maharashtra,19.082201,72.889219,Jio-bp,Commercial,Type 2,150,1466.81,CUST04067,Suresh Sharma,6.24,9152.89,UPI
STN0431,EV Charging Station 431,Mangaluru,Karnataka,12.906897,74.872146,ChargeZone,Public,Type 2,60,361.61,CUST04068,Lakshmi Sharma,3.64,1316.26,Credit Card
STN0110,EV Charging Station 110,Pune,Maharashtra,18.520206,73.914489,Ather Grid,Public,,11,53.5,CUST04069,Arun Reddy,5.63,301.2,Credit Card
STN0057,EV Charging Station 057,Mysuru,Karnataka,12.32402,76.664709,Jio-bp,Public,GB/T,11,50.74,CUST04070,Anjali Reddy,7.18,364.31,Credit Card
STN0101,EV Charging Station 101,Bengaluru,Karnataka,12.947053,77.584817,Zeon Charging,Commercial,CCS2,7.2,65.65,CUST04071,Akhil Reddy,4.27,280.33,UPI
STN0428,EV Charging Station 428,Bengaluru,Karnataka,13.002204,77.538417,,Public,Type 2,,34.86,CUST04072,Amritha Reddy,2.87,100.05,UPI
STN0317,EV Charging Station 317,Mysuru,Karnataka,12.279691,76.669663,Zeon Charging,Commercial,CCS2,30,230.82,CUST04073,Ravi Reddy,,1163.33,Credit Card
STN0219,EV Charging Station 219,Mysuru,Karnataka,12.281437,76.667889,Zeon Charging,Public,Type 2,11,45.57,CUST04074,Priya Reddy,5.34,243.34,Debit Card
STN0436,EV Charging Station 436,Hyderabad,Telangana,17.385503,78.430417,Tata Power,Private,GB/T,120,623.14,CUST04075,Kiran Reddy,7.39,4605,UPI
STN0199,EV Charging Station 199,Chennai,Tamil Nadu,13.136977,80.266922,ChargeZone,Private,CHAdeMO,11,89.27,CUST04076,Sneha Reddy,4.47,399.04,Credit Card
STN0349,EV Charging Station 349,Mysuru,Karnataka,,76.642755,Tata Power,Public,CCS2,50,221.42,CUST04077,Manoj Reddy,5.13,1135.88,Credit Card
STN0021,EV Charging Station 021,Hubballi,Karnataka,15.363926,75.112511,Statiq,Private,CCS2,120,810.81,CUST04078,Divya Reddy,4.48,3632.43,Credit Card
STN0256,EV Charging Station 256,,Karnataka,12.925933,74.852196,,Public,CCS2,50,354.93,CUST04079,Suresh Reddy,5.11,1813.69,UPI
STN0252,EV Charging Station 252,Mumbai,Maharashtra,19.114193,72.84046,Tata Power,Private,Type 2,3.3,30.32,CUST04080,Lakshmi Reddy,7.47,226.49,UPI
STN0137,EV Charging Station 137,Mangaluru,Karnataka,12.899836,74.831187,Ather Grid,Commercial,CCS2,7.2,68.99,CUST04081,Arun Patil,1.12,77.27,UPI
STN0247,EV Charging Station 247,Belagavi,Karnataka,15.877189,74.49393,Tata Power,Private,CHAdeMO,11,98.3,CUST04082,Anjali Patil,6.34,623.22,Wallet
STN0216,EV Charging Station 216,Mysuru,Karnataka,12.333722,76.588698,Zeon Charging,Commercial,CCS2,60,448.28,CUST04083,Akhil Patil,6.04,2707.61,Cash
STN0059,EV Charging Station 059,Hubballi,Karnataka,15.33192,75.123346,,Public,Type 2,7.2,53.97,CUST04084,Amritha Patil,6.46,348.65,Cash
STN0180,,Mysuru,Karnataka,12.282894,76.731068,Statiq,Commercial,Type 2,11,53.72,CUST04085,Ravi Patil,2.56,137.52,Credit Card
STN0491,EV Charging Station 491,Mangaluru,Karnataka,12.919551,74.801576,ChargeZone,,CCS2,22,102.64,CUST04086,Priya Patil,5.64,578.89,Debit Card
STN0079,EV Charging Station 079,Belagavi,Karnataka,15.846514,74.405581,ChargeZone,Public,GB/T,30,187.05,CUST04087,Kiran Patil,2.51,469.5,Debit Card
STN0367,,Mysuru,Karnataka,12.278566,76.63244,Statiq,Public,Type 2,60,301.26,CUST04088,Sneha Patil,5.24,1578.6,Credit Card
STN0317,EV Charging Station 317,Mumbai,,19.08928,72.863658,Jio-bp,Public,CHAdeMO,3.3,27.25,CUST04089,Manoj Patil,7.95,216.64,Debit Card
STN0062,EV Charging Station 062,Delhi,Delhi,28.623127,77.207425,ChargeZone,Public,Type 2,30,156.82,CUST04090,Divya Patil,2.72,426.55,Credit Card
STN0247,EV Charging Station 247,Mysuru,Karnataka,12.248908,76.650649,Zeon Charging,Public,IEC 60309 3-pin,30,189.39,CUST04091,Suresh Patil,4.48,848.47,Debit Card
STN0217,EV Charging Station 217,,Kerala,9.943952,76.260747,Statiq,Private,Type 2,150,728.35,CUST04092,Lakshmi Patil,1.01,735.63,UPI
STN0300,EV Charging Station 300,Belagavi,Karnataka,,74.561672,Zeon Charging,Commercial,CCS2,22,102.75,CUST04093,Arun Shetty,7.52,772.68,UPI
STN0378,EV Charging Station 378,Kochi,Kerala,9.971376,76.315644,Statiq,Public,Type 2,7.2,42.9,CUST04094,Anjali Shetty,3.96,169.88,Debit Card
STN0272,EV Charging Station 272,Pune,Maharashtra,18.485513,73.847853,Ather Grid,Public,Type 2,60,392.31,CUST04095,Akhil Shetty,6.56,2573.55,Debit Card
STN0087,EV Charging Station 087,Hubballi,Karnataka,15.398967,75.129139,Tata Power,Private,CCS2,120,515.31,CUST04096,Amritha Shetty,0.53,273.11,Wallet
STN0469,EV Charging Station 469,Mangaluru,Karnataka,12.910628,74.892224,Statiq,Public,Type 2,30,162.7,CUST04097,Ravi Shetty,2.16,351.43,Credit Card
STN0165,EV Charging Station 165,Mumbai,Maharashtra,19.042703,72.876094,Statiq,Public,Type 2,50,258.53,CUST04098,Priya Shetty,,1246.11,Wallet
STN0259,EV Charging Station 259,Mumbai,Maharashtra,19.104977,72.83967,Tata Power,Private,CHAdeMO,7.2,50.62,CUST04099,Kiran Shetty,4.88,247.03,UPI
STN0033,EV Charging Station 033,Belagavi,Karnataka,15.785566,74.486213,Zeon Charging,Public,CHAdeMO,50,223.42,CUST04100,Sneha Shetty,3.53,788.67,UPI
STN0268,EV Charging Station 268,Pune,Maharashtra,18.523632,73.815393,ChargeZone,Public,Type 2,7.2,54.17,CUST04101,Manoj Shetty,4.16,225.35,UPI
STN0293,EV Charging Station 293,Hyderabad,Telangana,17.358336,78.427717,Tata Power,Private,CCS2,120,542.56,CUST04102,Divya Shetty,4.62,2506.63,UPI
STN0422,EV Charging Station 422,Bengaluru,Karnataka,12.996658,77.570838,Jio-bp,Public,GB/T,7.2,57.38,CUST04103,Suresh Shetty,7.07,405.68,Cash
STN0175,EV Charging Station 175,Delhi,Delhi,28.630887,,Statiq,Private,Type 2,22,130.12,CUST04104,Lakshmi Shetty,1.87,243.32,Wallet
STN0283,EV Charging Station 283,Pune,Maharashtra,18.514867,73.88933,ChargeZone,Public,GB/T,22,190.49,CUST04105,Arun Rao,0.8,152.39,Credit Card
STN0073,EV Charging Station 073,Hyderabad,Telangana,17.334861,78.461775,ChargeZone,Public,CCS2,150,672.42,CUST04106,Anjali Rao,3.3,2218.99,UPI
STN0034,EV Charging Station 034,Mangaluru,Karnataka,12.852132,74.758131,Statiq,Public,Type 2,120,924.02,CUST04107,Akhil Rao,7.78,7188.88,UPI
STN0150,EV Charging Station 150,Mumbai,Maharashtra,19.109236,72.889676,Zeon Charging,Commercial,Type 2,11,74.34,CUST04108,Amritha Rao,7.9,587.29,Credit Card
STN0116,EV Charging Station 116,Hubballi,Karnataka,15.425527,75.123248,ChargeZone,Commercial,Type 2,50,473.16,CUST04109,Ravi Rao,7.74,3662.26,UPI
STN0253,EV Charging Station 253,Mangaluru,Karnataka,12.86796,74.842867,Statiq,Public,CCS2,7.2,68.86,CUST04110,Priya Rao,3.89,267.87,UPI
STN0417,EV Charging Station 417,Chennai,Tamil Nadu,13.092221,80.242297,Statiq,Private,Type 2,7.2,34.81,CUST04111,Kiran Rao,7.69,267.69,UPI
STN0468,EV Charging Station 468,Kochi,Kerala,9.849911,76.216523,Zeon Charging,Public,IEC 60309 3-pin,30,126.86,CUST04112,Sneha Rao,1.73,219.47,UPI
STN0365,EV Charging Station 365,Mysuru,Karnataka,12.312605,76.640272,Zeon Charging,Public,CCS2,11,49.24,CUST04113,Manoj Rao,3.07,151.17,Wallet
STN0078,EV Charging Station 078,Chennai,Tamil Nadu,13.139818,80.254906,Zeon Charging,Commercial,CHAdeMO,11,83.44,CUST04114,Divya Rao,1.56,130.17,Cash
STN0465,EV Charging Station 465,Delhi,Delhi,28.597374,77.310193,Ather Grid,Private,CCS2,50,390.69,CUST04115,Suresh Rao,3.06,1195.51,Wallet
STN0383,EV Charging Station 383,Mangaluru,Karnataka,12.916971,74.863921,,Public,Type 2,11,83.98,CUST04116,Lakshmi Rao,1.2,100.78,UPI
STN0227,EV Charging Station 227,Hyderabad,Telangana,17.403403,78.421507,Zeon Charging,Commercial,CCS2,60,307.27,CUST04117,Arun Iyer,7.97,2448.94,Credit Card
STN0200,EV Charging Station 200,Belagavi,Karnataka,,74.506031,Jio-bp,Commercial,CCS2,7.2,51.55,CUST04118,Anjali Iyer,1.68,86.6,UPI
STN0249,EV Charging Station 249,Mysuru,Karnataka,12.284965,76.630179,Zeon Charging,Public,CHAdeMO,150,1063.86,CUST04119,Akhil Iyer,6.61,7032.11,UPI
STN0248,EV Charging Station 248,Bengaluru,Karnataka,12.956942,77.58254,Tata Power,Commercial,CCS2,22,115.41,CUST04120,Amritha Iyer,6.33,730.55,Credit Card
STN0119,EV Charging Station 119,Mumbai,Maharashtra,19.02864,72.90764,Statiq,Public,CCS2,7.2,47.39,CUST04121,Ravi Iyer,5.96,282.44,Credit Card
STN0397,EV Charging Station 397,Delhi,Delhi,28.609589,77.219826,Ather Grid,Commercial,GB/T,30,149.69,CUST04122,Priya Iyer,4.62,691.57,UPI
STN0404,EV Charging Station 404,Hyderabad,Telangana,17.408656,78.446763,Jio-bp,Private,IEC 60309 3-pin,60,285.14,CUST04123,Kiran Iyer,4.31,1228.95,UPI
STN0381,EV Charging Station 381,Hyderabad,Telangana,17.366404,78.46498,Jio-bp,Public,CCS2,7.2,35.25,CUST04124,Sneha Iyer,1.02,35.96,Credit Card
STN0329,EV Charging Station 329,Mangaluru,Karnataka,12.903247,74.805446,Zeon Charging,Private,CHAdeMO,7.2,33.21,CUST04125,Manoj Iyer,6.48,215.2,UPI
STN0311,EV Charging Station 311,Hyderabad,Telangana,17.40391,78.463931,Ather Grid,Commercial,IEC 60309 3-pin,120,499.92,CUST04126,Divya Iyer,6.78,3389.46,Credit Card
STN0415,EV Charging Station 415,Mysuru,Karnataka,12.346102,76.647364,Jio-bp,Private,Type 2,50,251.71,CUST04127,Suresh Iyer,6.08,1530.4,Debit Card
STN0270,EV Charging Station 270,,Delhi,28.643671,77.180348,Jio-bp,Public,Type 2,50,342.71,CUST04128,Lakshmi Iyer,3.59,1230.33,UPI
STN0019,EV Charging Station 019,Hubballi,Karnataka,15.377362,75.133667,Zeon Charging,Public,CCS2,3.3,14.76,CUST04129,Arun Nair,5.65,83.39,UPI
STN0408,EV Charging Station 408,Pune,Maharashtra,18.596295,73.85531,Ather Grid,Public,IEC 60309 3-pin,11,75.67,CUST04130,Anjali Nair,2.96,223.98,UPI
STN0392,EV Charging Station 392,Mysuru,,12.285233,76.624859,Zeon Charging,Public,CHAdeMO,50,368.31,CUST04131,Akhil Nair,6.9,2541.34,UPI
STN0368,EV Charging Station 368,Mangaluru,Karnataka,12.899162,74.876242,Statiq,,IEC 60309 3-pin,7.2,33.82,CUST04132,Amritha Nair,1.41,47.69,UPI
STN0202,EV Charging Station 202,Hyderabad,Telangana,17.358197,78.470444,Ather Grid,Public,CCS2,22,174.79,CUST04133,Ravi Nair,2.04,356.57,UPI
STN0084,EV Charging Station 084,Mangaluru,Karnataka,12.913332,74.913494,Zeon Charging,Public,Type 2,150,889.65,CUST04134,Priya Nair,2.31,2055.09,UPI
STN0263,EV Charging Station 263,Mumbai,Maharashtra,19.021846,72.88001,Jio-bp,Private,CCS2,7.2,50.99,CUST04135,Kiran Nair,1.93,98.41,Credit Card
STN0321,EV Charging Station 321,Mysuru,Karnataka,12.316274,76.643383,Jio-bp,Public,CCS2,11,92.7,CUST04136,Sneha Nair,2.97,275.32,Credit Card
STN0087,EV Charging Station 087,Hyderabad,Telangana,17.440312,78.485263,ChargeZone,Public,IEC 60309 3-pin,7.2,38.19,CUST04137,Manoj Nair,1.81,69.12,Wallet
STN0208,EV Charging Station 208,Kochi,Kerala,9.89655,76.251086,ChargeZone,Public,CHAdeMO,22,210.15,CUST04138,Divya Nair,7.49,1574.02,Debit Card
STN0247,EV Charging Station 247,Hubballi,Karnataka,15.422113,75.158431,Ather Grid,Private,Type 2,120,1032.22,CUST04139,Suresh Nair,4.35,4490.16,Credit Card
STN0383,EV Charging Station 383,Mumbai,Maharashtra,19.057973,72.826542,Statiq,Public,Type 2,50,237.23,CUST04140,Lakshmi Nair,7.74,1836.16,UPI
STN0433,EV Charging Station 433,Mysuru,Karnataka,12.266911,76.654773,Zeon Charging,Private,IEC 60309 3-pin,30,145.77,CUST04141,Arun Kumar,6.73,981.03,Credit Card
STN0416,EV Charging Station 416,Mangaluru,Karnataka,12.984243,74.874904,Statiq,Public,CCS2,22,122.93,CUST04142,Anjali Kumar,7.03,864.2,UPI
STN0014,EV Charging Station 014,Bengaluru,Karnataka,13.031781,77.573197,Tata Power,Private,Type 2,7.2,49.5,CUST04143,Akhil Kumar,5.16,255.42,Credit Card
STN0419,EV Charging Station 419,Hyderabad,Telangana,17.402972,78.463701,Tata Power,Public,CHAdeMO,22,174.15,CUST04144,Amritha Kumar,4.21,733.17,Debit Card
STN0475,EV Charging Station 475,Hyderabad,Telangana,17.38206,78.500978,ChargeZone,Public,Type 2,7.2,41.38,CUST04145,Ravi Kumar,7.22,298.76,UPI
STN0086,EV Charging Station 086,Hyderabad,Telangana,17.392023,78.483754,Zeon Charging,Private,Type 2,7.2,59.16,CUST04146,Priya Kumar,6.32,373.89,UPI
STN0165,EV Charging Station 165,Mysuru,Karnataka,12.340913,76.60558,Zeon Charging,Private,Type 2,30,175.33,CUST04147,Kiran Kumar,5.94,1041.46,Wallet
STN0276,EV Charging Station 276,Chennai,Tamil Nadu,13.07317,80.321771,ChargeZone,Private,CHAdeMO,120,969.13,CUST04148,Sneha Kumar,6.24,6047.37,Wallet
STN0125,EV Charging Station 125,Mangaluru,Karnataka,12.884446,74.857996,Tata Power,Public,GB/T,120,968.43,CUST04149,Manoj Kumar,6.48,6275.43,Credit Card
STN0087,EV Charging Station 087,Hubballi,Karnataka,15.33979,75.170267,Zeon Charging,Public,Type 2,22,172.32,CUST04150,Divya Kumar,4.64,799.56,UPI
STN0167,EV Charging Station 167,Belagavi,Karnataka,15.860522,74.518944,Zeon Charging,Public,Type 2,11,56.81,CUST04151,Suresh Kumar,1.41,80.1,UPI
STN0020,EV Charging Station 020,,Maharashtra,18.463158,73.828188,ChargeZone,Public,IEC 60309 3-pin,50,402.65,CUST04152,Lakshmi Kumar,1.37,551.63,Credit Card
STN0361,,Pune,Maharashtra,18.561804,73.849264,Tata Power,Public,CCS2,,281.69,CUST04153,Arun Sharma,4.72,1329.58,Wallet
STN0491,,Chennai,Tamil Nadu,13.039866,80.266028,Tata Power,Commercial,CCS2,7.2,68.93,CUST04154,Anjali Sharma,5.74,395.66,Debit Card
STN0007,EV Charging Station 007,Hyderabad,Telangana,17.357988,78.502201,Tata Power,Commercial,CCS2,7.2,42.81,CUST04155,Akhil Sharma,2.47,105.74,Credit Card
STN0496,EV Charging Station 496,Mysuru,Karnataka,12.306246,76.636896,ChargeZone,Public,CCS2,22,129.19,CUST04156,Amritha Sharma,6.99,903.04,Debit Card
STN0125,EV Charging Station 125,Kochi,Kerala,,76.188469,ChargeZone,Public,Type 2,7.2,64.34,CUST04157,Ravi Sharma,5.23,336.5,
STN0429,EV Charging Station 429,Delhi,Delhi,28.664326,77.240539,Statiq,Private,CCS2,,820.1,CUST04158,Priya Sharma,6.35,5207.64,UPI
STN0028,EV Charging Station 028,Hubballi,Karnataka,15.38908,75.115182,Statiq,Public,Type 2,60,414.03,CUST04159,Kiran Sharma,2,828.06,Debit Card
STN0201,EV Charging Station 201,Pune,Maharashtra,18.545318,73.923703,Tata Power,Public,CCS2,7.2,42.8,CUST04160,Sneha Sharma,5.26,225.13,UPI
STN0010,EV Charging Station 010,Chennai,Tamil Nadu,13.020264,80.231452,Tata Power,Public,CCS2,22,120.48,CUST04161,Manoj Sharma,7.99,962.64,Credit Card
STN0490,EV Charging Station 490,Mangaluru,Karnataka,12.93382,74.862839,Zeon Charging,Commercial,CHAdeMO,30,140.25,CUST04162,Divya Sharma,6.76,948.09,Credit Card
STN0288,EV Charging Station 288,Hubballi,Karnataka,15.341111,75.144452,Zeon Charging,Private,Type 2,60,323.75,CUST04163,Suresh Sharma,3.2,1036,Credit Card
STN0355,EV Charging Station 355,Hyderabad,Telangana,17.346223,78.510287,Ather Grid,Public,Type 2,50,272.28,CUST04164,Lakshmi Sharma,5.12,1394.07,Credit Card
STN0062,EV Charging Station 062,Delhi,Delhi,28.580689,77.197978,Zeon Charging,Commercial,CHAdeMO,30,124.88,CUST04165,Arun Reddy,4.86,606.92,Debit Card
STN0372,EV Charging Station 372,Mangaluru,Karnataka,12.891996,74.847765,Zeon Charging,Private,Type 2,7.2,58.61,CUST04166,Anjali Reddy,4.33,253.78,Cash
STN0327,EV Charging Station 327,Bengaluru,Karnataka,12.90844,77.531987,Zeon Charging,Private,CCS2,7.2,49.77,CUST04167,Akhil Reddy,6.49,323.01,UPI
STN0236,EV Charging Station 236,Chennai,Tamil Nadu,13.070772,80.288563,ChargeZone,Public,CCS2,3.3,13.22,CUST04168,Amritha Reddy,2.24,29.61,Wallet
STN0059,EV Charging Station 059,Mysuru,Karnataka,12.310393,76.596594,ChargeZone,Public,CHAdeMO,3.3,14.72,CUST04169,Ravi Reddy,2.22,32.68,
STN0438,EV Charging Station 438,Hyderabad,Telangana,17.406108,78.466886,Statiq,,Type 2,7.2,34.67,CUST04170,Priya Reddy,7.51,260.37,Wallet
STN0232,EV Charging Station 232,Hyderabad,Telangana,17.449296,78.481032,Statiq,Commercial,GB/T,7.2,36.55,CUST04171,Kiran Reddy,4.22,154.24,Wallet
STN0258,EV Charging Station 258,Chennai,Tamil Nadu,13.060378,80.31617,Zeon Charging,Public,CCS2,50,477.37,CUST04172,Sneha Reddy,3.05,1455.98,Credit Card
STN0022,EV Charging Station 022,Hyderabad,Telangana,17.376052,,ChargeZone,Commercial,CCS2,7.2,53.92,CUST04173,Manoj Reddy,1.91,102.99,UPI
STN0092,EV Charging Station 092,Hyderabad,Telangana,17.348743,78.443433,Tata Power,Public,IEC 60309 3-pin,150,1317.13,CUST04174,Divya Reddy,7.1,9351.62,UPI
STN0310,EV Charging Station 310,Mangaluru,Karnataka,12.912623,74.878102,ChargeZone,Public,IEC 60309 3-pin,60,575.33,CUST04175,Suresh Reddy,1.93,1110.39,UPI
STN0400,EV Charging Station 400,Mumbai,Maharashtra,19.067607,72.874716,Zeon Charging,Private,CCS2,22,142.93,CUST04176,Lakshmi Reddy,6.35,907.61,UPI
STN0226,EV Charging Station 226,Delhi,Delhi,28.610608,77.163599,Jio-bp,Public,Type 2,11,48.29,CUST04177,Arun Patil,5.01,241.93,UPI
STN0009,EV Charging Station 009,Delhi,Delhi,28.629087,77.137722,Ather Grid,Public,CCS2,60,287.41,CUST04178,Anjali Patil,4.28,1230.11,Credit Card
STN0188,EV Charging Station 188,Kochi,Kerala,9.986545,76.237174,Statiq,Public,Type 2,22,188.86,CUST04179,Akhil Patil,6.97,1316.35,UPI
STN0462,EV Charging Station 462,Mysuru,Karnataka,12.297666,76.576076,Ather Grid,Public,Type 2,60,512.83,CUST04180,Amritha Patil,0.62,317.95,Credit Card
STN0273,EV Charging Station 273,Delhi,Delhi,28.6245,77.256246,Statiq,Private,GB/T,50,217.37,CUST04181,Ravi Patil,6.29,1367.26,Debit Card
STN0298,EV Charging Station 298,Bengaluru,Karnataka,12.978349,77.590818,Ather Grid,Public,IEC 60309 3-pin,22,115.48,CUST04182,Priya Patil,1.6,184.77,UPI
STN0003,EV Charging Station 003,Pune,Maharashtra,18.488265,73.846088,Zeon Charging,Public,Type 2,30,159.8,CUST04183,Kiran Patil,3.2,511.36,UPI
STN0244,EV Charging Station 244,Mumbai,Maharashtra,19.152374,72.878089,Statiq,Public,CCS2,7.2,54.89,CUST04184,Sneha Patil,3.88,212.97,Credit Card
STN0262,,Chennai,Tamil Nadu,13.119371,80.262273,Ather Grid,Private,CHAdeMO,60,449.22,CUST04185,Manoj Patil,0.93,417.77,UPI
STN0246,EV Charging Station 246,Chennai,Tamil Nadu,13.096635,80.298188,Tata Power,Public,CCS2,120,621.55,CUST04186,Divya Patil,6.76,4201.68,Credit Card
STN0080,EV Charging Station 080,Chennai,Tamil Nadu,13.088527,80.302583,ChargeZone,,GB/T,30,286.48,CUST04187,Suresh Patil,2.61,747.71,UPI
STN0004,EV Charging Station 004,Mangaluru,Karnataka,12.910926,74.845443,Zeon Charging,Public,IEC 60309 3-pin,7.2,68.66,CUST04188,Lakshmi Patil,6.12,420.2,Debit Card
STN0185,EV Charging Station 185,Bengaluru,Karnataka,12.982633,77.608786,Statiq,Public,,22,195.62,CUST04189,Arun Shetty,1.57,307.12,Credit Card
STN0246,EV Charging Station 246,Bengaluru,Karnataka,13.036751,77.589245,Ather Grid,Public,,22,177.01,CUST04190,Anjali Shetty,2.62,463.77,Debit Card
STN0352,EV Charging Station 352,Kochi,Kerala,9.94109,76.271521,Zeon Charging,Public,Type 2,11,55.42,CUST04191,Akhil Shetty,5.18,287.08,UPI
STN0202,EV Charging Station 202,Delhi,,28.577325,77.242071,Statiq,Public,IEC 60309 3-pin,22,202.72,CUST04192,Amritha Shetty,6.45,1307.54,UPI
STN0225,EV Charging Station 225,Belagavi,Karnataka,15.853649,74.496213,Jio-bp,Public,CHAdeMO,22,199.36,CUST04193,Ravi Shetty,6.3,1255.97,UPI
STN0212,EV Charging Station 212,Delhi,Delhi,28.690245,77.205163,Statiq,Public,CCS2,7.2,52.97,CUST04194,Priya Shetty,6.28,332.65,Wallet
STN0021,EV Charging Station 021,Hyderabad,Telangana,17.333458,78.427676,Statiq,Public,Type 2,120,909.54,CUST04195,Kiran Shetty,3,2728.62,Credit Card
STN0497,EV Charging Station 497,Pune,Maharashtra,18.493452,73.907221,Tata Power,Public,CHAdeMO,7.2,67.51,CUST04196,Sneha Shetty,2.51,169.45,UPI
STN0291,EV Charging Station 291,Pune,Maharashtra,18.496561,73.876007,Tata Power,Commercial,Type 2,50,238.08,CUST04197,Manoj Shetty,1.95,464.26,Debit Card
STN0220,EV Charging Station 220,Mumbai,Maharashtra,19.017776,72.853766,Zeon Charging,Private,Type 2,30,211.75,CUST04198,Divya Shetty,6.97,1475.9,UPI
STN0131,EV Charging Station 131,Pune,Maharashtra,18.55035,73.837554,Zeon Charging,Public,Type 2,60,505.3,CUST04199,Suresh Shetty,5.22,2637.67,Credit Card
STN0296,EV Charging Station 296,Pune,Maharashtra,18.52728,73.862163,Jio-bp,Public,Type 2,7.2,62.48,CUST04200,Lakshmi Shetty,1.16,72.48,Credit Card
STN0452,EV Charging Station 452,Hubballi,Karnataka,15.323747,75.151241,ChargeZone,Public,Type 2,22,159.39,CUST04201,Arun Rao,3.43,546.71,
STN0336,EV Charging Station 336,Belagavi,Karnataka,15.78805,74.547237,Zeon Charging,,CCS2,120,876.24,CUST04202,Anjali Rao,3.43,3005.5,Debit Card
STN0305,EV Charging Station 305,Delhi,Delhi,28.536545,77.253126,ChargeZone,Public,CCS2,22,104.21,CUST04203,Akhil Rao,5.97,622.13,Debit Card
STN0153,EV Charging Station 153,Pune,Maharashtra,18.494803,73.833502,Zeon Charging,Public,CCS2,150,640.77,CUST04204,Amritha Rao,2.68,1717.26,Debit Card
STN0261,EV Charging Station 261,Kochi,Kerala,9.87466,76.249346,Ather Grid,Public,IEC 60309 3-pin,11,98.89,CUST04205,Ravi Rao,7.12,704.1,UPI
STN0334,EV Charging Station 334,Hyderabad,Telangana,17.310922,78.566783,ChargeZone,Private,,50,216.91,CUST04206,Priya Rao,3.2,694.11,Debit Card
STN0444,EV Charging Station 444,Mysuru,Karnataka,12.29929,76.638509,ChargeZone,Public,Type 2,60,303.85,CUST04207,Kiran Rao,6.42,1950.72,UPI
STN0004,EV Charging Station 004,Delhi,Delhi,28.581468,77.226539,ChargeZone,Public,Type 2,150,1063.41,CUST04208,Sneha Rao,4.69,4987.39,UPI
STN0072,EV Charging Station 072,Belagavi,Karnataka,15.897885,74.523241,Zeon Charging,Public,CCS2,3.3,16.55,CUST04209,Manoj Rao,0.75,12.41,Credit Card
STN0183,EV Charging Station 183,Belagavi,Karnataka,15.844093,74.575193,Tata Power,Public,CCS2,30,167.35,CUST04210,,3.2,535.52,Debit Card
STN0311,EV Charging Station 311,Belagavi,Karnataka,15.875397,74.517141,Ather Grid,Public,CCS2,30,134.41,CUST04211,Suresh Rao,7.74,1040.33,Credit Card
STN0055,EV Charging Station 055,Pune,Maharashtra,18.530989,73.817411,Ather Grid,Public,Type 2,120,1191.86,CUST04212,Lakshmi Rao,3.92,4672.09,Debit Card
STN0306,EV Charging Station 306,Mangaluru,Karnataka,12.960414,74.799064,Tata Power,Public,Type 2,30,285.31,CUST04213,Arun Iyer,5.22,1489.32,UPI
STN0094,EV Charging Station 094,Bengaluru,Karnataka,12.949127,77.621453,Zeon Charging,Public,GB/T,11,89.83,CUST04214,Anjali Iyer,5.12,459.93,Cash
STN0427,EV Charging Station 427,Hyderabad,Telangana,17.395523,78.481594,Jio-bp,Public,Type 2,50,459.86,CUST04215,Akhil Iyer,4.72,2170.54,UPI
STN0272,EV Charging Station 272,Kochi,Kerala,9.932256,76.251062,Statiq,Public,Type 2,,212.55,CUST04216,Amritha Iyer,5.62,1194.53,UPI
STN0169,,Belagavi,Karnataka,15.855131,74.493439,Ather Grid,Commercial,Type 2,50,467.73,CUST04217,Ravi Iyer,5.11,2390.1,Debit Card
STN0089,EV Charging Station 089,Hubballi,Karnataka,15.354777,75.068685,Zeon Charging,Public,Type 2,120,915.91,CUST04218,Priya Iyer,3.5,3205.68,Wallet
STN0313,EV Charging Station 313,Mumbai,Maharashtra,19.07348,72.88864,Statiq,Public,Type 2,60,260.82,CUST04219,Kiran Iyer,3.3,860.71,UPI
STN0265,EV Charging Station 265,Belagavi,Karnataka,15.883679,74.487203,Statiq,Public,CCS2,22,217.6,CUST04220,Sneha Iyer,6.65,1447.04,Debit Card
STN0080,EV Charging Station 080,Delhi,Delhi,28.619592,77.250696,,Public,Type 2,7.2,67.38,CUST04221,Manoj Iyer,0.79,53.23,UPI
STN0183,EV Charging Station 183,Hyderabad,Telangana,17.357781,78.497848,Statiq,Public,CCS2,150,1388.99,CUST04222,Divya Iyer,2.92,4055.85,UPI
STN0155,EV Charging Station 155,,Karnataka,12.883203,74.827278,Tata Power,Private,GB/T,50,298.27,CUST04223,Suresh Iyer,5.29,1577.85,Credit Card
STN0234,EV Charging Station 234,Chennai,Tamil Nadu,13.073312,80.286433,Tata Power,Private,CCS2,22,170.74,CUST04224,Lakshmi Iyer,2.44,416.61,UPI
STN0483,EV Charging Station 483,Delhi,Delhi,28.639495,77.143604,Ather Grid,Public,IEC 60309 3-pin,22,128.23,CUST04225,Arun Nair,2.66,341.09,UPI
STN0296,EV Charging Station 296,Hyderabad,Telangana,17.369511,78.454633,Tata Power,Commercial,CCS2,30,229.26,CUST04226,Anjali Nair,6.74,1545.21,UPI
STN0163,EV Charging Station 163,Pune,Maharashtra,18.546503,73.850407,Statiq,Public,Type 2,,242.49,CUST04227,Akhil Nair,1.69,409.81,UPI
STN0283,EV Charging Station 283,Pune,Maharashtra,18.515111,73.862574,Zeon Charging,Public,CCS2,7.2,52.6,CUST04228,Amritha Nair,3.76,197.78,UPI
STN0491,EV Charging Station 491,Mumbai,Maharashtra,19.059378,72.864622,Jio-bp,Private,IEC 60309 3-pin,22,132.81,CUST04229,Ravi Nair,1.74,231.09,Wallet
STN0263,EV Charging Station 263,Mangaluru,Karnataka,12.90581,74.801645,Tata Power,Public,CCS2,22,108.47,CUST04230,Priya Nair,2.14,232.13,Debit Card
STN0210,EV Charging Station 210,Chennai,Tamil Nadu,13.015556,80.321912,ChargeZone,Public,GB/T,,55.83,CUST04231,Kiran Nair,3.47,193.73,Wallet
STN0419,EV Charging Station 419,Mangaluru,Karnataka,12.920806,74.854701,Tata Power,Public,Type 2,50,243.12,CUST04232,Sneha Nair,5.99,1456.29,UPI
STN0275,EV Charging Station 275,Hubballi,Karnataka,15.354458,75.125186,Tata Power,Private,Type 2,120,921.66,CUST04233,Manoj Nair,6.61,6092.17,UPI
STN0316,EV Charging Station 316,Delhi,Delhi,28.651987,77.191507,ChargeZone,Public,Type 2,30,170.64,CUST04234,Divya Nair,4.43,755.94,Credit Card
STN0354,EV Charging Station 354,Mumbai,Maharashtra,19.041356,72.869174,Jio-bp,Public,Type 2,150,782.68,CUST04235,Suresh Nair,,2747.21,Debit Card
STN0290,EV Charging Station 290,Delhi,Delhi,28.609983,77.248912,Statiq,Private,GB/T,60,353.99,CUST04236,Lakshmi Nair,6.29,2226.6,Credit Card
STN0396,EV Charging Station 396,Pune,Maharashtra,18.549528,73.869118,ChargeZone,Commercial,GB/T,22,199.32,CUST04237,Arun Kumar,3.44,685.66,UPI
STN0298,EV Charging Station 298,Chennai,Tamil Nadu,13.115432,80.220242,ChargeZone,Private,CCS2,3.3,26.43,CUST04238,Anjali Kumar,4.12,108.89,Debit Card
STN0409,EV Charging Station 409,Bengaluru,Karnataka,12.972708,77.675112,Jio-bp,Public,CCS2,,210.73,CUST04239,Akhil Kumar,6.41,1350.78,UPI
STN0233,EV Charging Station 233,Mumbai,Maharashtra,19.079551,72.846934,Jio-bp,Public,GB/T,11,100.93,CUST04240,Amritha Kumar,4.96,500.61,UPI
STN0263,EV Charging Station 263,Bengaluru,Karnataka,12.933807,77.549543,Zeon Charging,Public,CHAdeMO,30,182.14,CUST04241,Ravi Kumar,7.92,1442.55,Credit Card
STN0004,EV Charging Station 004,Bengaluru,Karnataka,12.984692,77.553678,ChargeZone,Public,GB/T,22,103.49,CUST04242,Priya Kumar,7.87,814.47,Credit Card
STN0449,EV Charging Station 449,Delhi,Delhi,28.640727,77.180618,Ather Grid,Public,Type 2,11,105.79,CUST04243,Kiran Kumar,5.71,604.06,UPI
STN0100,EV Charging Station 100,Kochi,Kerala,9.95338,76.293834,Ather Grid,Commercial,CCS2,50,317.59,CUST04244,Sneha Kumar,2.78,882.9,Credit Card
STN0256,,Delhi,Delhi,28.61688,77.225771,,Private,CCS2,120,930.38,CUST04245,Manoj Kumar,7.54,7015.07,Debit Card
STN0442,EV Charging Station 442,Hubballi,Karnataka,15.332974,75.15984,Tata Power,Private,CCS2,7.2,47.87,CUST04246,Divya Kumar,2.31,110.58,Credit Card
STN0053,EV Charging Station 053,Pune,Maharashtra,18.535464,73.857051,Zeon Charging,Private,Type 2,22,183.21,CUST04247,Suresh Kumar,6.45,,Debit Card
STN0054,EV Charging Station 054,Hyderabad,Telangana,17.390474,78.49763,Statiq,Public,Type 2,11,44.35,CUST04248,Lakshmi Kumar,5.44,241.26,Credit Card
STN0047,EV Charging Station 047,Belagavi,Karnataka,15.864204,74.50527,Statiq,Public,CCS2,22,214.79,CUST04249,Arun Sharma,0.58,124.58,UPI
STN0142,EV Charging Station 142,Bengaluru,Karnataka,12.97242,77.566542,Zeon Charging,Public,GB/T,120,499.91,CUST04250,Anjali Sharma,1.72,859.85,Wallet
STN0287,EV Charging Station 287,Chennai,Tamil Nadu,13.119869,80.288006,Jio-bp,Private,Type 2,30,204.78,CUST04251,Akhil Sharma,1.44,294.88,UPI
STN0013,EV Charging Station 013,Hyderabad,Telangana,17.39973,78.480676,Jio-bp,Public,GB/T,3.3,31.28,CUST04252,Amritha Sharma,2.04,63.81,Wallet
STN0154,EV Charging Station 154,Mangaluru,Karnataka,12.912475,74.864037,Statiq,Public,Type 2,30,231.12,CUST04253,Ravi Sharma,1.32,305.08,Debit Card
STN0107,EV Charging Station 107,Kochi,Kerala,9.913715,76.322099,Zeon Charging,Public,CCS2,30,243.56,CUST04254,Priya Sharma,2.44,594.29,Cash
STN0124,EV Charging Station 124,Chennai,Tamil Nadu,13.162106,80.265737,ChargeZone,Public,Type 2,50,403.2,CUST04255,Kiran Sharma,7.52,3032.06,Wallet
STN0093,EV Charging Station 093,Bengaluru,Karnataka,12.929401,77.599103,Zeon Charging,Public,IEC 60309 3-pin,120,766.44,CUST04256,Sneha Sharma,0.78,597.82,Credit Card
STN0047,EV Charging Station 047,Chennai,Tamil Nadu,13.020673,80.273111,Ather Grid,Public,Type 2,7.2,68.64,CUST04257,Manoj Sharma,1.41,96.78,Credit Card
STN0382,EV Charging Station 382,Pune,Maharashtra,18.494196,73.848251,Jio-bp,Public,CCS2,120,516.2,CUST04258,Divya Sharma,2.6,1342.12,Credit Card
STN0337,EV Charging Station 337,Kochi,Kerala,9.942301,76.272069,ChargeZone,Public,CCS2,120,551.52,CUST04259,Suresh Sharma,4.02,2217.11,Debit Card
STN0237,EV Charging Station 237,Bengaluru,Karnataka,12.930489,77.6489,Jio-bp,Public,CCS2,22,217.78,CUST04260,Lakshmi Sharma,5.09,1108.5,UPI
STN0212,EV Charging Station 212,Belagavi,Karnataka,15.829498,74.489315,Statiq,Public,Type 2,60,447.72,CUST04261,Arun Reddy,1.9,850.67,Debit Card
STN0051,EV Charging Station 051,Chennai,Tamil Nadu,13.070835,80.290748,ChargeZone,Public,CCS2,7.2,70.94,CUST04262,Anjali Reddy,2.6,184.44,UPI
STN0349,EV Charging Station 349,Kochi,Kerala,9.924455,76.252943,Tata Power,Private,CHAdeMO,7.2,50.97,CUST04263,Akhil Reddy,7.61,387.88,Credit Card
STN0065,EV Charging Station 065,Delhi,Delhi,28.543611,77.182657,ChargeZone,Private,CHAdeMO,50,324.87,CUST04264,Amritha Reddy,6.7,2176.63,UPI
STN0333,EV Charging Station 333,Pune,Maharashtra,18.55781,73.80701,Zeon Charging,Public,CCS2,11,99.97,CUST04265,Ravi Reddy,2.22,221.93,UPI
STN0230,EV Charging Station 230,Pune,Maharashtra,18.496689,73.834079,Tata Power,Commercial,Type 2,50,371.93,CUST04266,Priya Reddy,4.46,1658.81,UPI
STN0469,EV Charging Station 469,Belagavi,Karnataka,15.808266,74.472664,Zeon Charging,Public,GB/T,60,390.84,CUST04267,Kiran Reddy,7.4,2892.22,Debit Card
STN0268,EV Charging Station 268,Hubballi,Karnataka,15.412295,75.105279,Tata Power,Private,GB/T,60,378.63,CUST04268,Sneha Reddy,2.86,1082.88,UPI
STN0324,EV Charging Station 324,Belagavi,Karnataka,15.840985,74.504379,Jio-bp,Public,CCS2,22,,CUST04269,Manoj Reddy,,66.11,Credit Card
STN0171,EV Charging Station 171,Hyderabad,Telangana,,78.493973,Ather Grid,Public,Type 2,50,341.8,CUST04270,Divya Reddy,6.15,2102.07,Wallet
STN0457,EV Charging Station 457,Hyderabad,Telangana,17.355493,78.546832,Tata Power,Public,IEC 60309 3-pin,60,493.96,CUST04271,Suresh Reddy,3.57,1763.44,Debit Card
STN0145,EV Charging Station 145,Chennai,Tamil Nadu,13.099643,80.272189,Tata Power,Private,IEC 60309 3-pin,7.2,40.23,CUST04272,Lakshmi Reddy,5.52,222.07,Credit Card
STN0039,EV Charging Station 039,Kochi,Kerala,9.944906,76.250272,Zeon Charging,Public,CCS2,11,63.51,CUST04273,Arun Patil,1.33,84.47,UPI
STN0069,EV Charging Station 069,Belagavi,Karnataka,15.878961,74.550515,ChargeZone,Public,IEC 60309 3-pin,7.2,46.82,CUST04274,Anjali Patil,3.47,162.47,Debit Card
STN0082,EV Charging Station 082,Hubballi,,15.426598,75.100252,Jio-bp,Public,CCS2,30,294.05,CUST04275,Akhil Patil,3.77,1108.57,Debit Card
STN0188,EV Charging Station 188,Kochi,Kerala,9.923092,76.282198,Jio-bp,Public,Type 2,7.2,62.73,CUST04276,Amritha Patil,2.03,127.34,Debit Card
STN0359,EV Charging Station 359,Bengaluru,Karnataka,12.932866,77.653863,Jio-bp,Public,CCS2,11,56.98,CUST04277,Ravi Patil,1.74,99.15,UPI
STN0116,EV Charging Station 116,Belagavi,Karnataka,15.809164,74.541851,Ather Grid,Public,GB/T,7.2,43.2,CUST04278,Priya Patil,4.05,174.96,Debit Card
STN0234,EV Charging Station 234,Chennai,Tamil Nadu,13.032162,80.233743,ChargeZone,Public,GB/T,150,741.28,CUST04279,Kiran Patil,1.83,1356.54,Credit Card
STN0234,EV Charging Station 234,Bengaluru,Karnataka,12.942166,77.616601,Statiq,Private,Type 2,22,216.3,CUST04280,Sneha Patil,1.69,365.55,Credit Card
STN0101,EV Charging Station 101,Kochi,Kerala,9.955423,76.243669,ChargeZone,Public,CHAdeMO,60,330.2,CUST04281,Manoj Patil,3.35,1106.17,Credit Card
STN0159,EV Charging Station 159,Mangaluru,Karnataka,12.9499,74.839911,Ather Grid,Public,Type 2,50,496.59,CUST04282,Divya Patil,5.67,2815.67,UPI
STN0297,EV Charging Station 297,Mumbai,Maharashtra,19.081435,72.892656,Statiq,Private,CCS2,22,98.1,CUST04283,Suresh Patil,1.21,118.7,UPI
STN0454,EV Charging Station 454,Delhi,Delhi,28.6562,77.21388,Statiq,Public,CHAdeMO,50,494.24,CUST04284,Lakshmi Patil,4.25,2100.52,Credit Card
STN0074,EV Charging Station 074,Kochi,Kerala,,76.273632,Tata Power,Public,CCS2,60,299.89,CUST04285,Arun Shetty,4.5,1349.5,Wallet
STN0273,EV Charging Station 273,Belagavi,Karnataka,15.864494,74.491194,,Commercial,Type 2,22,137.32,CUST04286,Anjali Shetty,1.3,178.52,Credit Card
STN0244,,Pune,Maharashtra,18.512841,73.830259,Statiq,Public,IEC 60309 3-pin,30,279.83,CUST04287,Akhil Shetty,7.74,2165.88,Wallet
STN0197,EV Charging Station 197,Belagavi,Karnataka,15.789626,74.554672,Statiq,Public,IEC 60309 3-pin,7.2,55.79,CUST04288,Amritha Shetty,2.68,149.52,UPI
STN0327,EV Charging Station 327,Hyderabad,Telangana,17.398989,78.53208,ChargeZone,Public,Type 2,7.2,66.02,CUST04289,Ravi Shetty,5.06,,Credit Card
STN0297,EV Charging Station 297,Hubballi,Karnataka,15.401103,75.14231,Statiq,Public,Type 2,60,461.09,CUST04290,Priya Shetty,4.01,1848.97,UPI
STN0021,EV Charging Station 021,Hubballi,Karnataka,15.351683,75.152721,Tata Power,Public,CHAdeMO,22,217.45,CUST04291,Kiran Shetty,1.79,389.24,UPI
STN0118,EV Charging Station 118,Kochi,Kerala,9.939038,76.289673,Jio-bp,Commercial,IEC 60309 3-pin,11,71.85,CUST04292,Sneha Shetty,5.45,391.58,Debit Card
STN0247,EV Charging Station 247,Mangaluru,Karnataka,12.944313,74.861871,Statiq,Public,GB/T,120,870.27,CUST04293,Manoj Shetty,3.14,2732.65,UPI
STN0384,EV Charging Station 384,Chennai,Tamil Nadu,13.102816,80.263747,Jio-bp,Public,Type 2,120,578.54,CUST04294,Divya Shetty,6.66,3853.08,UPI
STN0261,EV Charging Station 261,Mysuru,Karnataka,12.326189,76.639813,ChargeZone,Private,Type 2,60,,CUST04295,Suresh Shetty,2.89,1729.87,Wallet
STN0083,EV Charging Station 083,Kochi,Kerala,9.932612,76.238562,Statiq,Public,Type 2,60,569.28,CUST04296,Lakshmi Shetty,0.81,461.12,UPI
STN0056,EV Charging Station 056,Belagavi,Karnataka,15.88553,74.460861,Zeon Charging,Public,Type 2,11,78.58,CUST04297,Arun Rao,3.09,242.81,UPI
STN0292,EV Charging Station 292,Pune,Maharashtra,18.487229,73.87628,Jio-bp,Public,CCS2,60,502.44,CUST04298,Anjali Rao,0.75,376.83,
STN0453,EV Charging Station 453,Pune,Maharashtra,18.422521,73.840261,Tata Power,Commercial,Type 2,150,960.84,CUST04299,Akhil Rao,2.26,2171.5,UPI
STN0106,EV Charging Station 106,Pune,Maharashtra,18.537393,73.817883,Tata Power,Private,IEC 60309 3-pin,22,100.17,CUST04300,Amritha Rao,1.05,105.18,Credit Card
STN0274,EV Charging Station 274,Bengaluru,Karnataka,12.896289,77.571653,Ather Grid,Commercial,CHAdeMO,120,796.25,CUST04301,Ravi Rao,3.53,2810.76,Debit Card
STN0217,EV Charging Station 217,Pune,Maharashtra,18.52943,73.846649,ChargeZone,Commercial,CHAdeMO,11,87.01,CUST04302,Priya Rao,2.95,256.68,UPI
STN0166,EV Charging Station 166,Pune,Maharashtra,18.418756,73.884398,ChargeZone,,CCS2,11,91,CUST04303,Kiran Rao,4.7,427.7,Cash
STN0402,EV Charging Station 402,Bengaluru,Karnataka,12.940628,77.610702,ChargeZone,Public,Type 2,150,1217.95,CUST04304,Sneha Rao,7.63,,Debit Card
STN0094,EV Charging Station 094,Hubballi,Karnataka,15.342374,75.066744,Tata Power,Public,,50,462.3,CUST04305,Manoj Rao,6.63,3065.05,Wallet
STN0063,EV Charging Station 063,Delhi,Delhi,28.60582,77.209047,Ather Grid,Public,CCS2,11,87.5,CUST04306,Divya Rao,7.04,616,UPI
STN0272,EV Charging Station 272,Mysuru,Karnataka,12.280287,76.645787,Ather Grid,Public,Type 2,120,639.2,CUST04307,Suresh Rao,1.42,907.66,UPI
STN0291,EV Charging Station 291,Belagavi,Karnataka,15.800538,74.485531,Ather Grid,Public,CCS2,30,246.32,CUST04308,Lakshmi Rao,2.38,586.24,Credit Card
STN0125,EV Charging Station 125,Mangaluru,Karnataka,12.966978,74.866017,Tata Power,Public,Type 2,50,200.28,CUST04309,Arun Iyer,1.37,274.38,Debit Card
STN0494,EV Charging Station 494,Mangaluru,Karnataka,12.880601,74.815474,Zeon Charging,Public,Type 2,7.2,60.3,CUST04310,Anjali Iyer,5.83,351.55,Credit Card
STN0396,EV Charging Station 396,Pune,Maharashtra,18.567879,73.826017,Statiq,Public,GB/T,120,770.17,CUST04311,Akhil Iyer,3.34,2572.37,Debit Card
STN0010,EV Charging Station 010,Delhi,Delhi,28.656599,77.178072,Zeon Charging,Public,Type 2,60,317.57,CUST04312,Amritha Iyer,3.09,981.29,Wallet
STN0182,EV Charging Station 182,Mangaluru,Karnataka,12.910141,74.843452,Jio-bp,Public,CCS2,30,141.22,CUST04313,Ravi Iyer,0.77,108.74,UPI
STN0406,EV Charging Station 406,Mumbai,Maharashtra,19.095613,72.919575,Statiq,Private,Type 2,60,479.32,CUST04314,Priya Iyer,7.68,3681.18,Credit Card
STN0206,EV Charging Station 206,Mumbai,Maharashtra,19.041093,72.852164,Jio-bp,Public,GB/T,7.2,36.17,CUST04315,Kiran Iyer,6.04,218.47,Debit Card
STN0361,EV Charging Station 361,Belagavi,Karnataka,15.793133,74.541396,Zeon Charging,Public,GB/T,7.2,54.07,CUST04316,Sneha Iyer,4.54,245.48,Credit Card
STN0195,EV Charging Station 195,Hyderabad,Telangana,17.346217,78.487282,Tata Power,Public,Type 2,150,,CUST04317,Manoj Iyer,5.13,4370.86,Wallet
STN0446,EV Charging Station 446,Hyderabad,,17.35096,78.470499,Ather Grid,Private,Type 2,3.3,30.48,CUST04318,Divya Iyer,7.62,232.26,Credit Card
STN0060,EV Charging Station 060,Mumbai,Maharashtra,19.028788,72.914471,ChargeZone,Public,CCS2,60,528.98,CUST04319,Suresh Iyer,0.74,391.45,UPI
STN0220,EV Charging Station 220,Chennai,Tamil Nadu,13.063553,,ChargeZone,Private,IEC 60309 3-pin,150,1022.75,CUST04320,Lakshmi Iyer,5.95,6085.36,Debit Card
STN0087,EV Charging Station 087,,Karnataka,12.271289,76.626676,Statiq,Private,CHAdeMO,7.2,55.41,CUST04321,Arun Nair,1.87,103.62,UPI
STN0429,EV Charging Station 429,Mumbai,Maharashtra,19.07541,72.879391,,Public,CCS2,50,432.97,CUST04322,Anjali Nair,1.64,710.07,Wallet
STN0071,EV Charging Station 071,Chennai,Tamil Nadu,13.094238,80.197029,Jio-bp,Public,CCS2,150,1179.24,CUST04323,Akhil Nair,1.01,1191.03,UPI
STN0396,EV Charging Station 396,Mangaluru,Karnataka,12.921217,74.861098,Tata Power,Public,Type 2,22,198.23,CUST04324,Amritha Nair,5.54,1098.19,Credit Card
STN0322,EV Charging Station 322,Kochi,,9.953248,76.321123,Tata Power,Public,Type 2,50,410.08,CUST04325,Ravi Nair,3.46,1418.88,UPI
STN0430,EV Charging Station 430,Bengaluru,Karnataka,13.017039,77.555592,Jio-bp,Public,Type 2,50,329.24,CUST04326,Priya Nair,4.58,1507.92,Debit Card
STN0403,EV Charging Station 403,Hyderabad,Telangana,17.388377,78.519392,Zeon Charging,Public,CHAdeMO,11,84.54,CUST04327,Kiran Nair,7.34,620.52,Credit Card
STN0113,EV Charging Station 113,Bengaluru,Karnataka,12.979013,77.596643,ChargeZone,Public,Type 2,7.2,40.61,CUST04328,Sneha Nair,5.6,227.42,UPI
STN0044,EV Charging Station 044,,Kerala,9.906072,76.262347,Tata Power,Commercial,CCS2,50,358.45,CUST04329,Manoj Nair,2.6,931.97,UPI
STN0335,EV Charging Station 335,Kochi,Kerala,9.906895,76.251102,Ather Grid,Public,CHAdeMO,7.2,29.15,CUST04330,Divya Nair,4.08,118.93,Cash
STN0355,EV Charging Station 355,Hubballi,Karnataka,15.325141,75.13056,Tata Power,Public,GB/T,7.2,58.57,CUST04331,Suresh Nair,2.48,145.25,UPI
STN0102,EV Charging Station 102,Hyderabad,Telangana,17.393297,78.505895,ChargeZone,Public,CCS2,22,176.92,CUST04332,Lakshmi Nair,7.02,1241.98,Credit Card
STN0122,EV Charging Station 122,Hyderabad,Telangana,17.363913,78.465365,Zeon Charging,Private,CCS2,7.2,35.08,CUST04333,Arun Kumar,,263.8,Credit Card
STN0349,EV Charging Station 349,Belagavi,Karnataka,15.893316,74.460789,ChargeZone,Commercial,CCS2,30,193.32,CUST04334,Anjali Kumar,5.06,978.2,UPI
STN0192,EV Charging Station 192,Chennai,Tamil Nadu,13.060852,80.286982,Ather Grid,Commercial,Type 2,11,76.8,CUST04335,Akhil Kumar,1.26,96.77,UPI
STN0163,EV Charging Station 163,Kochi,Kerala,9.954715,76.25842,ChargeZone,Public,Type 2,11,58.31,CUST04336,Amritha Kumar,6.33,369.1,UPI
STN0273,EV Charging Station 273,Chennai,Tamil Nadu,13.12367,80.263949,Tata Power,Public,IEC 60309 3-pin,30,226.01,CUST04337,Ravi Kumar,0.5,113,UPI
STN0342,EV Charging Station 342,Delhi,Delhi,28.588152,77.254051,Statiq,Public,Type 2,60,460.94,CUST04338,Priya Kumar,5.13,2364.62,Credit Card
STN0312,EV Charging Station 312,Bengaluru,Karnataka,13.02224,77.611763,ChargeZone,Commercial,CCS2,11,88.15,CUST04339,Kiran Kumar,1.93,170.13,Debit Card
STN0380,EV Charging Station 380,Hubballi,Karnataka,15.338591,75.128411,Jio-bp,Public,CCS2,11,62.77,CUST04340,Sneha Kumar,7.74,485.84,UPI
STN0021,EV Charging Station 021,Kochi,Kerala,9.938943,76.204962,ChargeZone,Private,CCS2,150,1478.76,CUST04341,Manoj Kumar,5.69,8414.14,Credit Card
STN0157,EV Charging Station 157,Delhi,Delhi,28.587608,77.184544,Ather Grid,Commercial,Type 2,3.3,19.43,CUST04342,Divya Kumar,4.78,92.88,UPI
STN0316,EV Charging Station 316,Mangaluru,Karnataka,12.831661,74.838861,ChargeZone,Commercial,Type 2,3.3,29.17,CUST04343,Suresh Kumar,6.82,198.94,UPI
STN0211,EV Charging Station 211,Bengaluru,Karnataka,12.93321,77.638485,Statiq,Private,GB/T,7.2,55.82,CUST04344,Lakshmi Kumar,5.87,327.66,Debit Card
STN0168,EV Charging Station 168,Belagavi,Karnataka,15.79946,74.462466,Statiq,Public,GB/T,150,915.92,CUST04345,Arun Sharma,2.72,2491.3,UPI
STN0028,EV Charging Station 028,Kochi,Kerala,9.958065,76.303087,Zeon Charging,Private,Type 2,50,471.24,CUST04346,Anjali Sharma,6.98,3289.26,Debit Card
STN0496,EV Charging Station 496,Hubballi,Karnataka,15.368375,75.167692,Zeon Charging,Public,Type 2,50,233.8,CUST04347,Akhil Sharma,4.69,1096.52,
STN0451,EV Charging Station 451,Delhi,Delhi,28.61613,77.189623,Jio-bp,Public,Type 2,60,359.73,CUST04348,Amritha Sharma,4.33,1557.63,Credit Card
STN0055,EV Charging Station 055,,Delhi,28.623462,77.284597,Tata Power,Public,Type 2,120,943.74,CUST04349,Ravi Sharma,4.39,4143.02,Credit Card
STN0349,EV Charging Station 349,Delhi,Delhi,28.587266,77.210674,Jio-bp,Public,Type 2,120,1030.34,CUST04350,Priya Sharma,5.82,,UPI
STN0123,EV Charging Station 123,Pune,Maharashtra,18.519247,73.855037,ChargeZone,Public,CCS2,120,747.24,CUST04351,Kiran Sharma,5.55,4147.18,UPI
STN0382,EV Charging Station 382,Kochi,Kerala,9.921581,76.204674,Ather Grid,Public,CCS2,30,258.57,CUST04352,Sneha Sharma,5.3,1370.42,Debit Card
STN0134,EV Charging Station 134,Kochi,Kerala,9.906171,76.241606,Zeon Charging,Commercial,GB/T,120,572.62,CUST04353,Manoj Sharma,0.56,320.67,Credit Card
STN0269,EV Charging Station 269,,Delhi,28.628426,77.162952,Jio-bp,Public,Type 2,150,1491.27,CUST04354,Divya Sharma,7.93,11825.77,UPI
STN0448,EV Charging Station 448,Pune,Maharashtra,18.453992,73.872352,Tata Power,Public,CCS2,11,68.44,CUST04355,Suresh Sharma,0.63,43.12,UPI
STN0268,EV Charging Station 268,Bengaluru,Karnataka,12.940937,77.542359,Ather Grid,Public,CCS2,60,530.91,CUST04356,Lakshmi Sharma,7.53,3997.75,Debit Card
STN0265,EV Charging Station 265,Hubballi,Karnataka,15.360228,75.157378,Tata Power,Public,CCS2,22,176.73,CUST04357,,3.28,579.67,
STN0466,EV Charging Station 466,Mumbai,Maharashtra,19.029856,72.866844,ChargeZone,Public,Type 2,22,121.98,CUST04358,Anjali Reddy,5.94,,UPI
STN0469,EV Charging Station 469,Delhi,Delhi,28.615749,77.229695,Ather Grid,Public,CCS2,11,103.84,CUST04359,Akhil Reddy,2.95,306.33,Credit Card
STN0100,EV Charging Station 100,Pune,Maharashtra,18.522629,73.911929,ChargeZone,Commercial,,60,,CUST04360,Amritha Reddy,5.15,3004.77,UPI
STN0037,EV Charging Station 037,Mysuru,Karnataka,12.266242,76.68075,ChargeZone,Commercial,IEC 60309 3-pin,11,69.88,CUST04361,Ravi Reddy,7.56,528.29,Cash
STN0500,EV Charging Station 500,Belagavi,Karnataka,15.905156,74.463571,Tata Power,Public,CCS2,22,157.08,CUST04362,Priya Reddy,5.42,851.37,Credit Card
STN0031,EV Charging Station 031,Delhi,Delhi,28.669475,77.18185,ChargeZone,Commercial,CCS2,50,253.25,CUST04363,Kiran Reddy,3.55,899.04,Wallet
STN0222,EV Charging Station 222,Mangaluru,Karnataka,12.894258,74.856059,Statiq,Public,Type 2,60,589.48,CUST04364,Sneha Reddy,7.88,4645.1,Debit Card
STN0204,EV Charging Station 204,Delhi,Delhi,28.672414,77.219213,Statiq,Public,IEC 60309 3-pin,11,86.91,CUST04365,Manoj Reddy,4.54,394.57,UPI
STN0344,EV Charging Station 344,Chennai,Tamil Nadu,13.096415,80.30655,Jio-bp,Public,Type 2,11,92.17,CUST04366,Divya Reddy,0.97,89.4,UPI
STN0224,,Pune,Maharashtra,18.532413,73.850724,Zeon Charging,Public,CHAdeMO,120,723.35,CUST04367,,4.82,3486.55,UPI
STN0276,EV Charging Station 276,Delhi,Delhi,28.611229,77.236219,Tata Power,Public,GB/T,7.2,35.06,CUST04368,Lakshmi Reddy,7.57,265.4,UPI
STN0491,EV Charging Station 491,Chennai,Tamil Nadu,13.082728,80.297188,Zeon Charging,Commercial,Type 2,30,207.81,CUST04369,Arun Patil,1.12,232.75,UPI
STN0282,EV Charging Station 282,Mangaluru,Karnataka,12.881399,74.866165,Zeon Charging,Public,IEC 60309 3-pin,11,,CUST04370,Anjali Patil,3.31,210.71,UPI
STN0172,EV Charging Station 172,Kochi,Kerala,9.920571,76.289974,Tata Power,Private,CCS2,11,66.43,CUST04371,Akhil Patil,5.77,383.3,Wallet
STN0059,EV Charging Station 059,Mumbai,Maharashtra,19.0677,72.901011,ChargeZone,Public,CCS2,50,227.83,CUST04372,Amritha Patil,4.7,1070.8,UPI
STN0038,EV Charging Station 038,Mysuru,Karnataka,12.30701,76.640121,Statiq,Public,IEC 60309 3-pin,30,264.94,CUST04373,Ravi Patil,0.83,219.9,UPI
STN0489,EV Charging Station 489,Bengaluru,Karnataka,13.009264,77.622215,Zeon Charging,Public,Type 2,50,368.63,CUST04374,Priya Patil,2.36,869.97,Credit Card
STN0264,EV Charging Station 264,Bengaluru,Karnataka,12.936126,77.651069,Zeon Charging,Public,CCS2,120,1021.83,CUST04375,Kiran Patil,4.16,4250.81,Debit Card
STN0135,EV Charging Station 135,Mangaluru,Karnataka,12.947757,74.793204,Statiq,Commercial,GB/T,120,656.89,CUST04376,Sneha Patil,2.06,1353.19,UPI
STN0080,EV Charging Station 080,Delhi,Delhi,28.590696,77.265243,Statiq,Public,CCS2,30,239.77,CUST04377,Manoj Patil,6.64,1592.07,Debit Card
STN0203,,Kochi,Kerala,9.892614,76.320821,Tata Power,Commercial,IEC 60309 3-pin,60,339.69,CUST04378,Divya Patil,2.94,998.69,UPI
STN0039,EV Charging Station 039,Kochi,Kerala,9.910877,,Tata Power,Public,IEC 60309 3-pin,60,545.21,CUST04379,Suresh Patil,1.05,572.47,Credit Card
STN0040,EV Charging Station 040,Hyderabad,Telangana,17.374288,78.496047,,Private,CCS2,22,214.3,CUST04380,Lakshmi Patil,3.98,852.91,UPI
STN0424,EV Charging Station 424,Chennai,Tamil Nadu,13.099713,80.254762,Tata Power,Public,Type 2,50,375.39,CUST04381,Arun Shetty,0.63,236.5,Debit Card
STN0389,EV Charging Station 389,Delhi,Delhi,28.58661,77.242067,Statiq,Private,Type 2,11,73.37,CUST04382,Anjali Shetty,6.68,490.11,Wallet
STN0362,EV Charging Station 362,Mumbai,Maharashtra,19.129729,72.91981,Ather Grid,Public,Type 2,150,1118.46,CUST04383,Akhil Shetty,4.91,5491.64,Credit Card
STN0373,EV Charging Station 373,Chennai,Tamil Nadu,13.048871,80.264406,Ather Grid,Private,Type 2,120,972.09,CUST04384,Amritha Shetty,2.99,2906.55,Wallet
STN0285,EV Charging Station 285,Pune,Maharashtra,18.533884,73.859915,ChargeZone,Public,CCS2,3.3,13.45,CUST04385,Ravi Shetty,0.89,11.97,UPI
STN0096,EV Charging Station 096,Mumbai,Maharashtra,19.038275,72.88371,Statiq,Public,Type 2,3.3,17.41,CUST04386,Priya Shetty,7.33,127.62,UPI
STN0258,EV Charging Station 258,Chennai,Tamil Nadu,13.085774,80.285793,Zeon Charging,Commercial,CCS2,7.2,48.65,CUST04387,Kiran Shetty,6.03,293.36,UPI
STN0169,EV Charging Station 169,Delhi,Delhi,,77.199656,Zeon Charging,Public,CCS2,30,216.63,CUST04388,Sneha Shetty,3.33,721.38,UPI
STN0462,EV Charging Station 462,Hyderabad,Telangana,17.377086,78.476322,ChargeZone,Public,Type 2,11,46.36,CUST04389,Manoj Shetty,4.88,226.24,UPI
STN0149,EV Charging Station 149,Mysuru,Karnataka,12.295468,76.650325,Tata Power,Public,Type 2,30,165.45,CUST04390,Divya Shetty,2.74,453.33,UPI
STN0193,EV Charging Station 193,Delhi,Delhi,28.632472,77.16355,Ather Grid,Public,CCS2,7.2,36.47,CUST04391,Suresh Shetty,3.1,113.06,UPI
STN0174,EV Charging Station 174,Delhi,Delhi,28.613714,77.166758,Zeon Charging,Public,CCS2,150,841.7,CUST04392,Lakshmi Shetty,7.98,6716.77,
STN0356,EV Charging Station 356,Hyderabad,Telangana,17.359437,78.454378,Ather Grid,Public,Type 2,22,192.11,CUST04393,Arun Rao,5.55,1066.21,Cash
STN0270,EV Charging Station 270,Kochi,Kerala,9.943493,76.271027,Ather Grid,Public,IEC 60309 3-pin,7.2,36.04,CUST04394,Anjali Rao,1.84,66.31,UPI
STN0154,EV Charging Station 154,Belagavi,Karnataka,15.855392,74.496382,ChargeZone,Public,CCS2,150,989.89,CUST04395,Akhil Rao,4.88,4830.66,Credit Card
STN0187,EV Charging Station 187,Kochi,Kerala,9.887232,76.229961,Ather Grid,Public,Type 2,7.2,57.6,CUST04396,Amritha Rao,0.8,46.08,Cash
STN0477,EV Charging Station 477,Hubballi,,15.37404,75.095127,ChargeZone,Public,GB/T,30,253.3,CUST04397,Ravi Rao,3.56,901.75,Credit Card
STN0422,EV Charging Station 422,Mumbai,Maharashtra,19.054228,72.909712,Statiq,Public,CCS2,150,730.14,CUST04398,Priya Rao,0.89,649.82,UPI
STN0351,EV Charging Station 351,Hubballi,Karnataka,15.418741,75.105631,Statiq,Commercial,Type 2,120,912.86,CUST04399,Kiran Rao,4.09,3733.6,Credit Card
STN0046,EV Charging Station 046,Chennai,Tamil Nadu,13.013561,80.212237,Ather Grid,Private,Type 2,22,112.8,CUST04400,Sneha Rao,6.97,786.22,Debit Card
STN0183,EV Charging Station 183,Bengaluru,Karnataka,12.946756,,Ather Grid,Public,Type 2,22,101.87,CUST04401,Manoj Rao,0.84,85.57,UPI
STN0403,EV Charging Station 403,Belagavi,Karnataka,15.922677,74.435257,Tata Power,Private,Type 2,150,1398.93,CUST04402,Divya Rao,6.31,8827.25,UPI
STN0480,EV Charging Station 480,Hubballi,Karnataka,15.350256,75.199707,Jio-bp,Public,IEC 60309 3-pin,22,105.55,CUST04403,Suresh Rao,1.93,203.71,Credit Card
STN0192,EV Charging Station 192,Bengaluru,Karnataka,13.026507,77.595633,Zeon Charging,Public,Type 2,50,465.68,CUST04404,Lakshmi Rao,4.57,2128.16,Debit Card
STN0428,EV Charging Station 428,Hyderabad,Telangana,17.377809,78.457599,Statiq,Public,CCS2,50,420.71,CUST04405,Arun Iyer,0.86,361.81,Credit Card
STN0408,EV Charging Station 408,Chennai,Tamil Nadu,13.121805,80.316425,Ather Grid,Commercial,Type 2,150,894.2,CUST04406,Anjali Iyer,0.8,715.36,Credit Card
STN0462,EV Charging Station 462,Chennai,Tamil Nadu,13.073802,80.209647,Jio-bp,Public,CCS2,120,554.59,CUST04407,Akhil Iyer,1.63,903.98,Credit Card
STN0488,EV Charging Station 488,Mysuru,Karnataka,12.270384,76.674683,Jio-bp,Public,Type 2,30,198.36,CUST04408,,5.68,1126.68,Debit Card
STN0056,EV Charging Station 056,Bengaluru,Karnataka,12.923227,77.637796,Jio-bp,Commercial,CHAdeMO,30,184.09,CUST04409,Ravi Iyer,5.56,1023.54,Wallet
STN0164,EV Charging Station 164,Mysuru,Karnataka,12.314449,76.610771,Zeon Charging,Public,CCS2,30,208.51,CUST04410,Priya Iyer,2.43,506.68,Debit Card
STN0429,EV Charging Station 429,Bengaluru,Karnataka,12.977581,77.631712,Zeon Charging,Commercial,CCS2,120,1195.91,CUST04411,Kiran Iyer,5.02,6003.47,Debit Card
STN0021,EV Charging Station 021,Mumbai,Maharashtra,19.043165,72.902406,Statiq,Private,CCS2,11,92.64,CUST04412,Sneha Iyer,6.47,599.38,UPI
STN0306,EV Charging Station 306,Chennai,Tamil Nadu,13.0899,80.294768,ChargeZone,,Type 2,7.2,54.75,CUST04413,Manoj Iyer,5.55,303.86,Debit Card
STN0329,EV Charging Station 329,Delhi,Delhi,28.644482,77.221176,Tata Power,Public,Type 2,30,204.45,CUST04414,Divya Iyer,4.57,934.34,UPI
STN0288,EV Charging Station 288,Kochi,Kerala,9.921846,76.251151,Tata Power,Public,CCS2,7.2,41.92,CUST04415,Suresh Iyer,5.68,238.11,Cash
STN0340,EV Charging Station 340,Delhi,Delhi,28.646805,77.158572,Jio-bp,Public,CHAdeMO,120,742.85,CUST04416,Lakshmi Iyer,7.74,5749.66,UPI
STN0486,,Chennai,Tamil Nadu,13.040604,80.244784,Ather Grid,Commercial,Type 2,7.2,55.83,CUST04417,Arun Nair,8,446.64,UPI
STN0089,EV Charging Station 089,Belagavi,Karnataka,15.842241,74.448988,ChargeZone,Private,Type 2,30,136.12,CUST04418,Anjali Nair,4.53,616.62,Debit Card
STN0252,EV Charging Station 252,Belagavi,Karnataka,15.9212,74.520013,Zeon Charging,Public,GB/T,50,459.51,CUST04419,Akhil Nair,7.15,3285.5,UPI
STN0436,EV Charging Station 436,Hyderabad,Telangana,17.389925,78.445768,Tata Power,Public,CCS2,60,424.68,CUST04420,Amritha Nair,1.9,806.89,UPI
STN0004,EV Charging Station 004,Hyderabad,Telangana,17.352718,78.522672,Tata Power,Public,,22,152.2,CUST04421,Ravi Nair,3.96,602.71,Credit Card
STN0204,EV Charging Station 204,Mangaluru,Karnataka,12.88185,74.81367,ChargeZone,Private,CCS2,120,901.46,CUST04422,Priya Nair,6.56,5913.58,Wallet
STN0390,EV Charging Station 390,Pune,Maharashtra,18.558117,73.931901,Ather Grid,Commercial,CCS2,120,684.58,CUST04423,Kiran Nair,4.51,3087.46,Debit Card
STN0170,EV Charging Station 170,Mumbai,Maharashtra,19.100814,72.873809,Zeon Charging,Public,CCS2,50,309.03,CUST04424,Sneha Nair,3.81,1177.4,Debit Card
STN0045,EV Charging Station 045,Chennai,Tamil Nadu,13.027966,80.289437,,Public,CCS2,11,83.5,CUST04425,Manoj Nair,3.26,272.21,UPI
STN0208,EV Charging Station 208,Kochi,Kerala,9.89961,76.287472,Ather Grid,Commercial,Type 2,30,202.39,CUST04426,Divya Nair,7.27,1471.38,UPI
STN0049,EV Charging Station 049,Hubballi,Karnataka,15.324909,75.140093,Zeon Charging,Public,IEC 60309 3-pin,22,99.29,CUST04427,Suresh Nair,2.79,277.02,Wallet
STN0423,EV Charging Station 423,Bengaluru,Karnataka,12.920346,77.611865,Zeon Charging,Commercial,IEC 60309 3-pin,11,56.66,CUST04428,Lakshmi Nair,7.48,423.82,UPI
STN0313,EV Charging Station 313,Mysuru,Karnataka,12.26609,76.60284,ChargeZone,Public,GB/T,60,386.22,CUST04429,Arun Kumar,5.05,1950.41,Wallet
STN0395,EV Charging Station 395,Hubballi,Karnataka,15.416261,75.060793,Jio-bp,Commercial,CCS2,120,1015.55,CUST04430,,2.36,2396.7,Credit Card
STN0081,EV Charging Station 081,Pune,Maharashtra,18.560695,73.802385,Zeon Charging,Public,Type 2,11,97.87,CUST04431,Akhil Kumar,,413.99,UPI
STN0120,EV Charging Station 120,Hubballi,Karnataka,15.383901,75.169358,ChargeZone,Public,CCS2,150,1125.4,CUST04432,Amritha Kumar,2.1,2363.34,Debit Card
STN0450,EV Charging Station 450,Mumbai,Maharashtra,19.100104,72.900795,ChargeZone,Public,Type 2,30,242.42,CUST04433,Ravi Kumar,1.11,269.09,Cash
STN0302,EV Charging Station 302,Hyderabad,Telangana,17.457348,78.471269,Ather Grid,Public,GB/T,22,163.82,CUST04434,Priya Kumar,7.94,1300.73,UPI
STN0362,EV Charging Station 362,Hyderabad,Telangana,17.281342,78.535378,Zeon Charging,Public,GB/T,60,380.84,CUST04435,Kiran Kumar,1.86,708.36,Credit Card
STN0432,EV Charging Station 432,Belagavi,Karnataka,15.791438,74.526348,Statiq,Public,CCS2,7.2,47.92,CUST04436,Sneha Kumar,3.04,145.68,Wallet
STN0371,EV Charging Station 371,Mumbai,Maharashtra,19.030191,72.899194,Tata Power,Commercial,GB/T,150,1327.83,CUST04437,Manoj Kumar,6.55,8697.29,Credit Card
STN0184,EV Charging Station 184,Mysuru,Karnataka,12.348639,76.620651,Tata Power,Commercial,Type 2,7.2,49.55,CUST04438,Divya Kumar,1.73,85.72,Credit Card
STN0165,EV Charging Station 165,Belagavi,Karnataka,15.840839,74.47417,Ather Grid,Public,CCS2,7.2,50.74,CUST04439,Suresh Kumar,4.93,250.15,Debit Card
STN0068,EV Charging Station 068,Kochi,Kerala,9.972246,76.286807,Tata Power,Public,CHAdeMO,11,83.96,CUST04440,Lakshmi Kumar,0.62,52.06,Credit Card
STN0014,EV Charging Station 014,Mumbai,Maharashtra,19.053633,72.863178,ChargeZone,Public,Type 2,11,108.79,CUST04441,Arun Sharma,2.37,257.83,UPI
STN0384,EV Charging Station 384,Mangaluru,Karnataka,12.927776,74.87433,Zeon Charging,Commercial,CCS2,11,74.97,CUST04442,Anjali Sharma,4.36,326.87,Credit Card
STN0415,EV Charging Station 415,Mysuru,Karnataka,12.304308,76.632647,Zeon Charging,Public,CCS2,30,149.16,CUST04443,Akhil Sharma,5.86,874.08,UPI
STN0286,EV Charging Station 286,Kochi,Kerala,9.925711,76.330339,Zeon Charging,Public,IEC 60309 3-pin,7.2,44.3,CUST04444,Amritha Sharma,4.19,185.62,UPI
STN0141,EV Charging Station 141,Hyderabad,Telangana,17.426457,78.476299,ChargeZone,Public,IEC 60309 3-pin,50,284.04,CUST04445,Ravi Sharma,6.53,1854.78,UPI
STN0317,EV Charging Station 317,Bengaluru,Karnataka,13.007279,77.614321,Tata Power,Public,CCS2,22,160.31,CUST04446,Priya Sharma,5.27,844.83,UPI
STN0151,EV Charging Station 151,Chennai,Tamil Nadu,13.10867,80.251573,Ather Grid,Public,CCS2,50,310.59,CUST04447,Kiran Sharma,6.3,1956.72,UPI
STN0039,EV Charging Station 039,Hyderabad,Telangana,17.402717,78.540923,Ather Grid,Public,CCS2,11,61.94,CUST04448,Sneha Sharma,3.02,187.06,Credit Card
STN0125,EV Charging Station 125,Bengaluru,Karnataka,12.912124,77.547324,Statiq,Private,CCS2,120,499.04,CUST04449,Manoj Sharma,2.19,1092.9,Credit Card
STN0061,EV Charging Station 061,Mumbai,Maharashtra,19.035965,72.919567,Tata Power,Public,Type 2,3.3,21.12,CUST04450,Divya Sharma,1.51,,UPI
STN0082,EV Charging Station 082,Belagavi,Karnataka,15.834966,74.541582,Jio-bp,Commercial,CCS2,60,274.25,CUST04451,Suresh Sharma,3.37,924.22,UPI
STN0060,EV Charging Station 060,Kochi,Kerala,9.942575,76.177896,Jio-bp,Public,CCS2,30,173.83,CUST04452,Lakshmi Sharma,3.79,658.82,Credit Card
STN0178,EV Charging Station 178,Hubballi,Karnataka,15.354474,75.133839,Zeon Charging,Private,CCS2,60,260.68,CUST04453,Arun Reddy,4.55,1186.09,UPI
STN0171,EV Charging Station 171,Hubballi,Karnataka,15.389972,75.061892,Statiq,Commercial,GB/T,11,79.58,CUST04454,Anjali Reddy,3,238.74,UPI
STN0454,EV Charging Station 454,Belagavi,Karnataka,15.938661,74.496101,Zeon Charging,Private,Type 2,11,79.7,CUST04455,Akhil Reddy,3.62,288.51,UPI
STN0050,EV Charging Station 050,Delhi,Delhi,28.551608,77.194231,Ather Grid,Private,Type 2,60,522.95,CUST04456,Amritha Reddy,5.24,2740.26,Debit Card
STN0258,EV Charging Station 258,Kochi,Kerala,10.009568,76.256818,Statiq,Public,CCS2,22,161.38,CUST04457,Ravi Reddy,0.64,103.28,UPI
STN0488,EV Charging Station 488,Hyderabad,Telangana,17.416118,78.532815,Tata Power,Private,Type 2,50,461.35,CUST04458,Priya Reddy,7.17,3307.88,Debit Card
STN0172,EV Charging Station 172,Kochi,Kerala,9.952497,76.17857,Zeon Charging,Private,Type 2,7.2,71.97,CUST04459,Kiran Reddy,7.51,540.49,Debit Card
STN0317,EV Charging Station 317,Hubballi,Karnataka,15.35032,75.081126,Tata Power,Private,Type 2,11,82.5,CUST04460,Sneha Reddy,7.89,650.92,UPI
STN0118,EV Charging Station 118,Mangaluru,Karnataka,12.907595,74.849921,Jio-bp,Public,Type 2,120,797.64,CUST04461,Manoj Reddy,1.1,877.4,UPI
STN0171,EV Charging Station 171,Chennai,Tamil Nadu,13.119144,80.228119,Jio-bp,Public,GB/T,11,47.05,CUST04462,Divya Reddy,1.88,88.45,Wallet
STN0271,EV Charging Station 271,Mumbai,Maharashtra,19.123038,72.90657,Ather Grid,Public,Type 2,120,611.99,CUST04463,Suresh Reddy,4.59,2809.03,UPI
STN0428,EV Charging Station 428,Mysuru,Karnataka,12.280008,76.638947,Statiq,Public,CCS2,11,77.32,CUST04464,Lakshmi Reddy,7.33,566.76,UPI
STN0440,EV Charging Station 440,Mumbai,Maharashtra,19.09401,72.881043,Jio-bp,Private,CCS2,150,1387.23,CUST04465,Arun Patil,3.32,4605.6,UPI
STN0400,EV Charging Station 400,Bengaluru,Karnataka,12.950236,77.547536,Ather Grid,Public,CCS2,30,284.51,CUST04466,Anjali Patil,6.04,1718.44,UPI
STN0183,EV Charging Station 183,Hyderabad,Telangana,17.365437,78.517893,Zeon Charging,Public,CCS2,7.2,69.42,CUST04467,Akhil Patil,7.23,501.91,UPI
STN0409,EV Charging Station 409,Pune,Maharashtra,18.551444,73.863297,Zeon Charging,Public,CCS2,60,390.26,CUST04468,Amritha Patil,5.59,2181.55,UPI
STN0322,EV Charging Station 322,Delhi,Delhi,28.581338,77.237125,Tata Power,,Type 2,7.2,46.33,CUST04469,Ravi Patil,4.16,192.73,Credit Card
STN0434,EV Charging Station 434,Pune,Maharashtra,18.496362,73.844307,Tata Power,Commercial,CCS2,30,197.77,CUST04470,Priya Patil,1.38,272.92,Credit Card
STN0250,EV Charging Station 250,Delhi,Delhi,28.607453,77.201389,Statiq,,CCS2,120,653.21,CUST04471,Kiran Patil,3.23,2109.87,Debit Card
STN0225,EV Charging Station 225,Mysuru,Karnataka,12.205914,76.638611,Ather Grid,Public,CCS2,11,46.16,CUST04472,Sneha Patil,3.61,166.64,UPI
STN0357,EV Charging Station 357,Delhi,Delhi,,77.193402,Zeon Charging,Public,IEC 60309 3-pin,50,325.86,CUST04473,Manoj Patil,2.02,658.24,Debit Card
STN0316,EV Charging Station 316,Mumbai,Maharashtra,19.057572,72.879491,Tata Power,Public,CHAdeMO,11,78.84,CUST04474,Divya Patil,5.74,452.54,UPI
STN0004,EV Charging Station 004,Delhi,Delhi,28.604514,77.189871,ChargeZone,Commercial,,11,54.65,CUST04475,Suresh Patil,7.98,436.11,Credit Card
STN0382,EV Charging Station 382,Mangaluru,Karnataka,12.883695,74.897113,ChargeZone,Private,,30,179.31,CUST04476,Lakshmi Patil,6.58,1179.86,Debit Card
STN0364,EV Charging Station 364,Chennai,Tamil Nadu,13.135502,80.259679,Zeon Charging,Public,IEC 60309 3-pin,150,700.81,CUST04477,Arun Shetty,4.65,3258.77,Credit Card
STN0500,EV Charging Station 500,Bengaluru,Karnataka,12.932537,77.598755,Jio-bp,Public,CCS2,50,343.97,CUST04478,Anjali Shetty,5.05,1737.05,Debit Card
STN0393,EV Charging Station 393,Kochi,Kerala,9.975837,76.236158,ChargeZone,Public,CCS2,120,1071.1,CUST04479,Akhil Shetty,5.22,5591.14,Wallet
STN0221,EV Charging Station 221,Delhi,Delhi,28.640656,77.196448,Ather Grid,Commercial,Type 2,120,1042.97,CUST04480,Amritha Shetty,3.29,3431.37,Credit Card
STN0492,EV Charging Station 492,Chennai,Tamil Nadu,13.069095,80.241967,Statiq,Commercial,GB/T,150,830.48,CUST04481,Ravi Shetty,4.74,3936.48,UPI
STN0115,EV Charging Station 115,Kochi,Kerala,9.90739,76.248886,Tata Power,Public,IEC 60309 3-pin,120,872.6,CUST04482,Priya Shetty,7.88,6876.09,Credit Card
STN0270,EV Charging Station 270,Kochi,Kerala,9.960558,76.297468,Tata Power,Commercial,CHAdeMO,30,240.3,CUST04483,,7.83,1881.55,UPI
STN0429,EV Charging Station 429,Mumbai,Maharashtra,19.044247,72.81982,Statiq,Private,CCS2,30,259.19,CUST04484,Sneha Shetty,2.54,658.34,UPI
STN0310,EV Charging Station 310,Hyderabad,Telangana,17.370153,78.542091,,Commercial,Type 2,120,966.89,CUST04485,Manoj Shetty,4.67,4515.38,UPI
STN0483,EV Charging Station 483,Delhi,Delhi,28.6335,77.182429,Zeon Charging,Commercial,CCS2,30,234.15,CUST04486,Divya Shetty,1.74,407.42,Credit Card
STN0487,EV Charging Station 487,Pune,Maharashtra,18.489033,73.844911,Zeon Charging,Private,CCS2,7.2,39.11,CUST04487,Suresh Shetty,6.01,235.05,UPI
STN0297,EV Charging Station 297,Kochi,Kerala,9.947871,76.317834,Zeon Charging,Public,CCS2,60,578.41,CUST04488,Lakshmi Shetty,6.66,3852.21,UPI
STN0191,EV Charging Station 191,Mumbai,Maharashtra,19.065428,72.850503,Jio-bp,Public,CCS2,11,49.05,CUST04489,Arun Rao,4.17,204.54,UPI
STN0472,EV Charging Station 472,Mysuru,Karnataka,12.271201,76.614496,Zeon Charging,Commercial,IEC 60309 3-pin,22,155.53,CUST04490,Anjali Rao,2.19,340.61,UPI
STN0053,EV Charging Station 053,Pune,Maharashtra,18.552803,73.832975,Zeon Charging,Public,Type 2,30,213.09,CUST04491,Akhil Rao,7.03,1498.02,Credit Card
STN0194,EV Charging Station 194,Pune,Maharashtra,18.487361,73.905402,Ather Grid,Public,GB/T,50,358.45,CUST04492,Amritha Rao,4.33,1552.09,Debit Card
STN0152,EV Charging Station 152,Mysuru,Karnataka,12.236496,76.679158,Jio-bp,Commercial,Type 2,7.2,42.54,CUST04493,Ravi Rao,6.58,279.91,UPI
STN0275,EV Charging Station 275,Kochi,Kerala,9.915067,76.257262,ChargeZone,Public,CCS2,30,286.41,CUST04494,Priya Rao,5.46,1563.8,UPI
STN0335,EV Charging Station 335,Chennai,Tamil Nadu,13.091478,80.2492,ChargeZone,Public,Type 2,60,302.96,CUST04495,Kiran Rao,3.87,1172.46,Debit Card
STN0172,EV Charging Station 172,Hyderabad,Telangana,17.336489,78.498057,Zeon Charging,Commercial,Type 2,22,104.32,CUST04496,Sneha Rao,2.87,299.4,UPI
STN0228,EV Charging Station 228,Pune,Maharashtra,18.534334,73.876238,Jio-bp,Public,CCS2,22,106.67,CUST04497,Manoj Rao,5.06,539.75,Credit Card
STN0343,EV Charging Station 343,Delhi,Delhi,28.564173,77.188034,Ather Grid,Public,CHAdeMO,11,,CUST04498,Divya Rao,5.34,527.7,Debit Card
STN0481,EV Charging Station 481,Hubballi,Karnataka,15.374211,75.123533,Tata Power,Commercial,IEC 60309 3-pin,11,68.91,CUST04499,Suresh Rao,2.04,140.58,UPI
STN0334,EV Charging Station 334,Pune,Maharashtra,18.506557,73.819115,Zeon Charging,Public,Type 2,150,963.02,CUST04500,Lakshmi Rao,3.2,,Cash
STN0476,EV Charging Station 476,Kochi,Kerala,9.910175,76.244004,Tata Power,Public,Type 2,150,1426.75,CUST04501,Arun Iyer,,6320.5,Debit Card
STN0462,EV Charging Station 462,Pune,Maharashtra,18.520801,73.84647,Ather Grid,Public,CCS2,22,215.97,CUST04502,Anjali Iyer,2.47,533.45,Credit Card
STN0299,EV Charging Station 299,Delhi,Delhi,28.633668,77.223319,ChargeZone,Public,GB/T,3.3,15.04,CUST04503,Akhil Iyer,2.88,43.32,UPI
STN0424,EV Charging Station 424,Hyderabad,Telangana,17.367574,78.471641,Statiq,Public,IEC 60309 3-pin,30,297.72,CUST04504,Amritha Iyer,1.51,449.56,UPI
STN0161,EV Charging Station 161,Mangaluru,Karnataka,12.979081,74.864644,Zeon Charging,Public,CCS2,22,175.22,CUST04505,Ravi Iyer,2.13,373.22,UPI
STN0287,EV Charging Station 287,Kochi,Kerala,9.933363,76.324088,Ather Grid,Public,Type 2,7.2,50.7,CUST04506,Priya Iyer,6.64,336.65,Debit Card
STN0434,EV Charging Station 434,Kochi,Kerala,9.980808,76.251653,Ather Grid,Commercial,Type 2,60,483.52,CUST04507,Kiran Iyer,4.75,2296.72,UPI
STN0142,EV Charging Station 142,Kochi,Kerala,9.94712,76.257284,Jio-bp,Private,GB/T,22,185.46,CUST04508,Sneha Iyer,2.91,539.69,UPI
STN0386,EV Charging Station 386,Belagavi,Karnataka,15.897332,74.573221,Tata Power,Public,CCS2,50,476.88,CUST04509,Manoj Iyer,3.08,1468.79,UPI
STN0276,EV Charging Station 276,Delhi,Delhi,28.620369,77.20623,ChargeZone,Public,GB/T,150,856.12,CUST04510,Divya Iyer,7.06,6044.21,UPI
STN0098,EV Charging Station 098,Hubballi,Karnataka,15.285136,75.18262,Jio-bp,Public,CCS2,7.2,51.5,CUST04511,Suresh Iyer,5.02,258.53,UPI
STN0499,EV Charging Station 499,Hubballi,Karnataka,15.371365,75.123245,ChargeZone,Public,Type 2,120,711.11,CUST04512,,3.93,2794.66,Debit Card
STN0061,EV Charging Station 061,,Karnataka,12.910954,74.830762,ChargeZone,Public,CCS2,60,577.17,CUST04513,Arun Nair,2.47,1425.61,Debit Card
STN0245,EV Charging Station 245,Hyderabad,Telangana,17.404559,78.480014,Statiq,Public,Type 2,50,422.34,CUST04514,Anjali Nair,3.5,1478.19,Debit Card
STN0426,EV Charging Station 426,Delhi,Delhi,28.591086,77.177007,Statiq,Public,CCS2,150,,CUST04515,Akhil Nair,4.1,5918.92,Credit Card
STN0130,EV Charging Station 130,Mysuru,Karnataka,12.316882,76.657389,Statiq,Public,CCS2,30,270.93,CUST04516,Amritha Nair,2.28,617.72,Credit Card
STN0462,EV Charging Station 462,Belagavi,Karnataka,15.81081,74.474447,Jio-bp,Public,CHAdeMO,60,481.17,CUST04517,Ravi Nair,6.94,3339.32,UPI
STN0405,EV Charging Station 405,Bengaluru,Karnataka,12.950347,77.573874,Ather Grid,Public,Type 2,120,722.86,CUST04518,Priya Nair,6.42,4640.76,Debit Card
STN0240,EV Charging Station 240,Pune,Maharashtra,18.543878,73.790834,Statiq,Public,CCS2,50,443.48,CUST04519,Kiran Nair,4.16,1844.88,Wallet
STN0295,EV Charging Station 295,Mysuru,Karnataka,12.336435,76.634906,Zeon Charging,Private,CCS2,11,96.12,CUST04520,Sneha Nair,3.63,348.92,UPI
STN0422,EV Charging Station 422,Mangaluru,Karnataka,12.908849,74.866083,Tata Power,Private,CHAdeMO,60,479.19,CUST04521,Manoj Nair,5.44,2606.79,UPI
STN0195,EV Charging Station 195,Bengaluru,Karnataka,12.894991,77.613998,ChargeZone,Private,,11,,CUST04522,Divya Nair,7.33,362.91,UPI
STN0264,EV Charging Station 264,Delhi,Delhi,28.64103,,Zeon Charging,Public,Type 2,120,764.22,CUST04523,Suresh Nair,1.13,863.57,Credit Card
STN0132,EV Charging Station 132,Kochi,Kerala,10.001319,76.285777,,Commercial,CCS2,7.2,29.34,CUST04524,Lakshmi Nair,1.7,49.88,UPI
STN0379,EV Charging Station 379,Mumbai,Maharashtra,19.052538,72.892973,Zeon Charging,Public,CCS2,50,452.04,CUST04525,,4.45,2011.58,Credit Card
STN0200,EV Charging Station 200,Bengaluru,Karnataka,12.977676,77.565311,Tata Power,Public,Type 2,30,292.73,CUST04526,Anjali Kumar,6.79,1987.64,UPI
STN0111,EV Charging Station 111,Kochi,Kerala,9.935413,76.270067,Zeon Charging,Private,Type 2,60,317.86,CUST04527,Akhil Kumar,4.1,1303.23,UPI
STN0499,EV Charging Station 499,Mangaluru,Karnataka,12.864378,74.853604,Tata Power,Public,Type 2,120,750.23,CUST04528,Amritha Kumar,2.59,1943.1,Debit Card
STN0089,EV Charging Station 089,Delhi,Delhi,28.659483,77.210234,Zeon Charging,,Type 2,60,249.46,CUST04529,Ravi Kumar,5.88,1466.82,Cash
STN0186,EV Charging Station 186,Mumbai,,19.044073,72.858646,Ather Grid,Public,CCS2,22,181.53,CUST04530,Priya Kumar,2.27,412.07,Wallet
STN0459,EV Charging Station 459,Delhi,Delhi,28.681621,77.20346,Jio-bp,Public,Type 2,7.2,54.61,CUST04531,Kiran Kumar,1.62,88.47,Wallet
STN0118,EV Charging Station 118,Mangaluru,Karnataka,12.828175,74.899534,Jio-bp,Public,CCS2,30,135.81,CUST04532,Sneha Kumar,0.72,97.78,Wallet
STN0107,EV Charging Station 107,Belagavi,Karnataka,15.881202,74.456838,Ather Grid,Public,CCS2,7.2,37.3,CUST04533,Manoj Kumar,7.44,277.51,Credit Card
STN0087,EV Charging Station 087,Hubballi,Karnataka,15.406927,75.101823,Ather Grid,Private,Type 2,30,137.11,CUST04534,Divya Kumar,,457.95,UPI
STN0330,EV Charging Station 330,Belagavi,Karnataka,15.852434,74.444275,Ather Grid,Private,CCS2,50,413.74,CUST04535,Suresh Kumar,1.84,761.28,Credit Card
STN0200,EV Charging Station 200,Pune,Maharashtra,18.608952,73.890015,Statiq,Public,CCS2,50,307.38,CUST04536,Lakshmi Kumar,1.36,418.04,UPI
STN0232,EV Charging Station 232,Kochi,Kerala,9.900821,76.216848,Statiq,Public,Type 2,11,81.6,CUST04537,Arun Sharma,1.9,155.04,UPI
STN0496,EV Charging Station 496,Hyderabad,Telangana,17.422897,78.430079,ChargeZone,Private,Type 2,50,246.05,CUST04538,Anjali Sharma,0.69,169.77,UPI
STN0324,EV Charging Station 324,Pune,Maharashtra,18.552856,73.807594,Ather Grid,Private,Type 2,11,49.49,CUST04539,Akhil Sharma,4,197.96,Debit Card
STN0221,EV Charging Station 221,Belagavi,Karnataka,15.824131,74.476484,Jio-bp,Private,CHAdeMO,30,287.44,CUST04540,Amritha Sharma,4.47,1284.86,Credit Card
STN0354,EV Charging Station 354,Hubballi,Karnataka,15.386167,75.150481,Zeon Charging,Public,CCS2,60,274.08,CUST04541,Ravi Sharma,4.4,1205.95,UPI
STN0415,EV Charging Station 415,Mumbai,Maharashtra,19.111223,,Jio-bp,Private,CHAdeMO,22,167.3,CUST04542,Priya Sharma,4.28,716.04,Credit Card
STN0067,EV Charging Station 067,Hyderabad,Telangana,17.341952,78.521372,Ather Grid,Public,Type 2,120,785.86,CUST04543,Kiran Sharma,7.18,5642.47,Debit Card
STN0138,EV Charging Station 138,Pune,Maharashtra,18.531854,73.900886,Zeon Charging,Public,CCS2,50,482.84,CUST04544,Sneha Sharma,4.74,2288.66,UPI
STN0190,,Hyderabad,Telangana,17.399997,78.425546,Jio-bp,Public,CCS2,60,481.22,CUST04545,Manoj Sharma,1.54,741.08,UPI
STN0246,EV Charging Station 246,Mysuru,Karnataka,12.236485,76.594803,Statiq,Public,IEC 60309 3-pin,11,49.47,CUST04546,Divya Sharma,4.86,240.42,UPI
STN0312,EV Charging Station 312,Hubballi,Karnataka,15.404043,,Zeon Charging,Public,CCS2,30,174.14,CUST04547,Suresh Sharma,7.72,1344.36,Credit Card
STN0139,EV Charging Station 139,Belagavi,Karnataka,15.86913,74.474908,Zeon Charging,Private,CCS2,7.2,34.22,CUST04548,Lakshmi Sharma,3.09,105.74,Credit Card
STN0236,EV Charging Station 236,Mumbai,Maharashtra,19.114192,72.816362,Zeon Charging,Public,CCS2,22,138.46,CUST04549,Arun Reddy,2.97,411.23,UPI
STN0119,EV Charging Station 119,Hyderabad,Telangana,17.348775,78.481546,ChargeZone,Public,Type 2,22,128.57,CUST04550,Anjali Reddy,3.65,469.28,Credit Card
STN0303,EV Charging Station 303,Bengaluru,Karnataka,12.979597,77.601826,Tata Power,Public,CHAdeMO,11,69.89,CUST04551,Akhil Reddy,2.54,177.52,UPI
STN0371,EV Charging Station 371,Mumbai,Maharashtra,19.086739,72.832266,Tata Power,Private,CCS2,22,96.3,CUST04552,Amritha Reddy,0.67,64.52,Debit Card
STN0057,EV Charging Station 057,Belagavi,Karnataka,15.806456,74.54731,Tata Power,Public,CCS2,11,88.29,CUST04553,Ravi Reddy,5.28,466.17,UPI
STN0327,EV Charging Station 327,,Karnataka,15.339917,75.129134,Ather Grid,Private,Type 2,120,718.73,CUST04554,Priya Reddy,7.09,5095.8,Debit Card
STN0169,EV Charging Station 169,Pune,Maharashtra,18.526449,73.828456,ChargeZone,Public,Type 2,3.3,29.99,CUST04555,Kiran Reddy,0.61,18.29,UPI
STN0343,,Mumbai,Maharashtra,19.066805,72.823283,ChargeZone,Public,Type 2,7.2,69.76,CUST04556,Sneha Reddy,3.59,250.44,UPI
STN0289,EV Charging Station 289,Bengaluru,Karnataka,12.910537,77.56186,Tata Power,Public,Type 2,3.3,26.49,CUST04557,Manoj Reddy,3.07,81.32,Credit Card
STN0250,EV Charging Station 250,Bengaluru,Karnataka,12.965922,77.614743,Tata Power,Public,GB/T,11,50.96,CUST04558,Divya Reddy,6.02,306.78,Debit Card
STN0446,EV Charging Station 446,Hyderabad,Telangana,17.385724,78.438565,ChargeZone,Public,Type 2,7.2,47.7,CUST04559,Suresh Reddy,6.25,298.12,Credit Card
STN0344,EV Charging Station 344,Belagavi,Karnataka,15.904846,74.544772,Ather Grid,Public,Type 2,22,93.5,CUST04560,Lakshmi Reddy,7.87,735.84,UPI
STN0370,EV Charging Station 370,Mumbai,Maharashtra,19.121642,72.866371,Ather Grid,Public,CCS2,60,437.91,CUST04561,Arun Patil,7.89,3455.11,Credit Card
STN0222,EV Charging Station 222,Mysuru,Karnataka,12.273284,76.659419,Jio-bp,Public,CCS2,150,1186.59,CUST04562,Anjali Patil,0.82,973,Wallet
STN0140,EV Charging Station 140,Mysuru,Karnataka,12.336804,76.672797,Ather Grid,Public,Type 2,120,987.14,CUST04563,Akhil Patil,6.92,6831.01,Credit Card
STN0486,EV Charging Station 486,Belagavi,Karnataka,15.969903,74.474423,Tata Power,Public,CCS2,50,214.59,CUST04564,Amritha Patil,6.03,1293.98,UPI
STN0327,EV Charging Station 327,Mangaluru,Karnataka,12.962406,74.914098,Statiq,Public,CCS2,22,90.59,CUST04565,Ravi Patil,4.27,386.82,UPI
STN0273,EV Charging Station 273,Mumbai,Maharashtra,19.041201,72.882081,Tata Power,Private,CCS2,11,105.76,CUST04566,Priya Patil,1.27,134.32,Credit Card
STN0493,EV Charging Station 493,Mumbai,Maharashtra,19.097175,72.838369,ChargeZone,Commercial,GB/T,30,228.93,CUST04567,Kiran Patil,1.41,322.79,
STN0300,EV Charging Station 300,Belagavi,Karnataka,15.864807,74.476441,Jio-bp,Private,CCS2,30,160.29,CUST04568,Sneha Patil,7.29,1168.51,UPI
STN0349,EV Charging Station 349,Bengaluru,Karnataka,12.923675,77.548776,ChargeZone,Public,Type 2,22,162.33,CUST04569,Manoj Patil,5.23,848.99,UPI
STN0085,EV Charging Station 085,Kochi,Kerala,9.978679,76.243795,Zeon Charging,Public,Type 2,30,191.77,CUST04570,Divya Patil,3.06,586.82,Credit Card
STN0006,EV Charging Station 006,Mysuru,Karnataka,12.288211,76.620918,Tata Power,Public,CHAdeMO,60,316.99,CUST04571,Suresh Patil,7.43,2355.24,Credit Card
STN0153,EV Charging Station 153,Hyderabad,Telangana,17.331458,78.526408,Tata Power,Private,,22,194.4,CUST04572,Lakshmi Patil,6.4,1244.16,Cash
STN0345,EV Charging Station 345,Hubballi,Karnataka,15.380859,75.150913,ChargeZone,Public,GB/T,60,297.45,CUST04573,Arun Shetty,2.21,657.36,Credit Card
STN0146,EV Charging Station 146,,Karnataka,15.354684,75.054153,Tata Power,Public,CCS2,22,200.38,CUST04574,Anjali Shetty,4.24,849.61,Credit Card
STN0173,EV Charging Station 173,Hubballi,Karnataka,15.322235,75.120006,Zeon Charging,Public,Type 2,7.2,49.22,CUST04575,Akhil Shetty,4.13,203.28,UPI
STN0185,,Pune,Maharashtra,18.518619,73.819385,Jio-bp,Public,CHAdeMO,22,219.96,CUST04576,Amritha Shetty,6.03,1326.36,Credit Card
STN0191,,Bengaluru,Karnataka,12.944212,77.569844,Jio-bp,Public,GB/T,30,288.67,CUST04577,Ravi Shetty,5.8,1674.29,UPI
STN0177,EV Charging Station 177,Delhi,Delhi,28.616878,77.236604,Statiq,Public,GB/T,60,595.44,CUST04578,Priya Shetty,5.87,3495.23,UPI
STN0420,EV Charging Station 420,Belagavi,Karnataka,15.877534,74.503537,Tata Power,Private,Type 2,3.3,32.41,CUST04579,Kiran Shetty,3.96,128.34,UPI
STN0010,EV Charging Station 010,Pune,Maharashtra,,73.824262,Ather Grid,Public,IEC 60309 3-pin,50,427.36,CUST04580,Sneha Shetty,1.56,666.68,Wallet
STN0148,EV Charging Station 148,Mysuru,Karnataka,12.285808,76.586848,Tata Power,Commercial,Type 2,11,55.31,CUST04581,Manoj Shetty,4.13,228.43,UPI
STN0248,EV Charging Station 248,Mumbai,,19.090726,72.903738,Zeon Charging,Private,CCS2,7.2,64.09,CUST04582,Divya Shetty,1.12,71.78,Debit Card
STN0067,EV Charging Station 067,Chennai,Tamil Nadu,13.10052,80.293349,ChargeZone,Public,CCS2,11,76.6,CUST04583,Suresh Shetty,2.63,201.46,Credit Card
STN0180,EV Charging Station 180,Bengaluru,Karnataka,13.00574,77.628572,Tata Power,Public,IEC 60309 3-pin,150,1475.51,CUST04584,Lakshmi Shetty,3.41,5031.49,UPI
STN0491,EV Charging Station 491,Mumbai,Maharashtra,19.02705,72.93999,ChargeZone,Public,Type 2,50,436.22,CUST04585,Arun Rao,2.71,1182.16,UPI
STN0347,EV Charging Station 347,Kochi,Kerala,9.960351,76.331024,Tata Power,Public,CCS2,50,295.55,CUST04586,Anjali Rao,4.86,1436.37,Credit Card
STN0193,EV Charging Station 193,Bengaluru,Karnataka,12.947277,77.574703,Zeon Charging,Commercial,CCS2,22,197.12,CUST04587,Akhil Rao,4.26,839.73,Credit Card
STN0368,EV Charging Station 368,Mysuru,Karnataka,,76.663472,Statiq,Public,CHAdeMO,60,415.61,CUST04588,Amritha Rao,5.65,2348.2,Credit Card
STN0325,EV Charging Station 325,Delhi,Delhi,28.590547,77.199799,Statiq,Public,CCS2,30,193.59,CUST04589,Ravi Rao,5,967.95,UPI
STN0149,EV Charging Station 149,Hubballi,Karnataka,15.334048,75.019641,Tata Power,Public,IEC 60309 3-pin,7.2,42.82,CUST04590,Priya Rao,5.28,226.09,Cash
STN0039,EV Charging Station 039,Kochi,Kerala,9.980504,76.264322,Tata Power,Public,IEC 60309 3-pin,3.3,24.9,CUST04591,Kiran Rao,1.2,29.88,Debit Card
STN0293,EV Charging Station 293,Mumbai,Maharashtra,19.198034,72.886444,Zeon Charging,Public,CCS2,120,1176.29,CUST04592,Sneha Rao,3.21,3775.89,Credit Card
STN0336,EV Charging Station 336,Chennai,Tamil Nadu,13.116607,80.220432,Statiq,Public,GB/T,22,206.89,CUST04593,Manoj Rao,6.97,1442.02,Cash
STN0116,EV Charging Station 116,Bengaluru,Karnataka,13.010229,77.577489,Ather Grid,Public,Type 2,22,183.26,CUST04594,Divya Rao,0.75,137.44,UPI
STN0347,EV Charging Station 347,Delhi,Delhi,28.526272,77.182968,ChargeZone,Commercial,Type 2,30,126.18,CUST04595,Suresh Rao,1.63,205.67,Debit Card
STN0039,EV Charging Station 039,,Kerala,9.913119,76.266218,Jio-bp,Public,Type 2,120,1006.72,CUST04596,Lakshmi Rao,7.13,7177.91,Credit Card
STN0451,EV Charging Station 451,Chennai,Tamil Nadu,13.135438,,,Commercial,CCS2,120,765.04,CUST04597,Arun Iyer,4.91,3756.35,Credit Card
STN0060,EV Charging Station 060,Chennai,Tamil Nadu,13.107358,80.282289,Ather Grid,Private,CHAdeMO,22,178.33,CUST04598,Anjali Iyer,3.81,679.44,Credit Card
STN0214,EV Charging Station 214,Hyderabad,Telangana,17.373653,78.475352,Jio-bp,Public,CCS2,50,389.68,CUST04599,Akhil Iyer,1.95,759.88,UPI
STN0110,EV Charging Station 110,Belagavi,Karnataka,15.873726,74.483535,Statiq,Public,Type 2,120,1035.21,CUST04600,Amritha Iyer,2.31,2391.34,UPI
STN0130,EV Charging Station 130,,Karnataka,12.897443,74.901375,Ather Grid,Public,CCS2,7.2,49.1,CUST04601,Ravi Iyer,,273,UPI
STN0087,EV Charging Station 087,Delhi,Delhi,28.626018,77.187118,ChargeZone,Public,CCS2,60,368.14,CUST04602,Priya Iyer,1.72,633.2,UPI
STN0248,EV Charging Station 248,Belagavi,Karnataka,15.846496,74.419554,Ather Grid,,CCS2,3.3,24.52,CUST04603,Kiran Iyer,2.27,55.66,Wallet
STN0465,EV Charging Station 465,Delhi,Delhi,28.647361,77.218605,Ather Grid,Public,Type 2,7.2,69.25,CUST04604,Sneha Iyer,2.87,198.75,
STN0446,EV Charging Station 446,Belagavi,Karnataka,15.887108,74.470009,ChargeZone,Public,Type 2,30,258.59,CUST04605,Manoj Iyer,2.71,700.78,Wallet
STN0475,EV Charging Station 475,Delhi,Delhi,28.623619,77.193539,ChargeZone,Public,Type 2,60,484.68,CUST04606,Divya Iyer,6.6,3198.89,Debit Card
STN0010,EV Charging Station 010,Hyderabad,Telangana,17.377588,78.47447,Tata Power,Commercial,IEC 60309 3-pin,120,1111.14,CUST04607,Suresh Iyer,2.43,2700.07,Credit Card
STN0078,EV Charging Station 078,Mysuru,Karnataka,12.230601,76.71033,Statiq,Public,CHAdeMO,3.3,21.64,CUST04608,Lakshmi Iyer,4.17,90.24,UPI
STN0245,EV Charging Station 245,Hyderabad,Telangana,17.382445,78.483747,Ather Grid,Commercial,Type 2,7.2,30.74,CUST04609,Arun Nair,1.42,43.65,Debit Card
STN0410,EV Charging Station 410,Mysuru,Karnataka,12.290745,76.645714,Statiq,Private,,7.2,55.03,CUST04610,Anjali Nair,3.06,168.39,UPI
STN0244,EV Charging Station 244,Chennai,Tamil Nadu,13.032673,80.265586,Zeon Charging,Private,IEC 60309 3-pin,150,1121.78,CUST04611,Akhil Nair,7.32,8211.43,UPI
STN0359,EV Charging Station 359,Belagavi,Karnataka,15.901836,74.50358,Tata Power,Public,Type 2,50,473.07,CUST04612,Amritha Nair,4.4,2081.51,Debit Card
STN0285,EV Charging Station 285,Mysuru,Karnataka,12.318344,76.600359,Jio-bp,Public,GB/T,7.2,,CUST04613,Ravi Nair,4.59,330.11,Credit Card
STN0210,EV Charging Station 210,Hubballi,Karnataka,15.351436,75.163511,Tata Power,Public,Type 2,3.3,32.45,CUST04614,Priya Nair,,78.2,Debit Card
STN0230,EV Charging Station 230,Chennai,Tamil Nadu,13.10727,80.355131,ChargeZone,Public,Type 2,30,154.66,CUST04615,Kiran Nair,6.24,965.08,Credit Card
STN0157,EV Charging Station 157,Pune,Maharashtra,18.549735,73.843345,Jio-bp,Public,IEC 60309 3-pin,7.2,51.64,CUST04616,Sneha Nair,3.8,196.23,Wallet
STN0015,EV Charging Station 015,Mumbai,Maharashtra,19.041211,72.857268,Tata Power,Public,Type 2,120,942.97,CUST04617,Manoj Nair,6.16,5808.7,Debit Card
STN0143,EV Charging Station 143,Bengaluru,Karnataka,12.97187,77.612161,Tata Power,Commercial,Type 2,7.2,45.43,CUST04618,Divya Nair,7.49,340.27,UPI
STN0208,EV Charging Station 208,Hyderabad,Telangana,17.340744,,Jio-bp,Public,Type 2,11,61,CUST04619,Suresh Nair,7.5,457.5,UPI
STN0163,EV Charging Station 163,Belagavi,Karnataka,15.814064,74.517147,Zeon Charging,Public,CCS2,7.2,48.69,CUST04620,Lakshmi Nair,3.53,171.88,Credit Card
STN0293,EV Charging Station 293,Belagavi,Karnataka,15.894669,74.588078,Statiq,Public,GB/T,50,420.37,CUST04621,Arun Kumar,0.64,269.04,Debit Card
STN0047,EV Charging Station 047,Belagavi,Karnataka,15.826546,74.516826,Statiq,Public,Type 2,30,220.67,CUST04622,Anjali Kumar,0.57,125.78,
STN0491,EV Charging Station 491,Mumbai,Maharashtra,19.049908,72.848911,Zeon Charging,Public,GB/T,120,1123.68,CUST04623,Akhil Kumar,0.51,573.08,UPI
STN0376,EV Charging Station 376,Mumbai,Maharashtra,19.077134,72.842437,Statiq,Public,,3.3,31.96,CUST04624,Amritha Kumar,5.61,179.3,UPI
STN0216,EV Charging Station 216,Mumbai,Maharashtra,19.071208,72.986164,Tata Power,Commercial,CCS2,11,77.5,CUST04625,Ravi Kumar,5.48,424.7,UPI
STN0150,EV Charging Station 150,Bengaluru,Karnataka,12.984631,77.537376,,Private,CCS2,30,258.88,CUST04626,Priya Kumar,0.95,245.94,Debit Card
STN0427,EV Charging Station 427,Mangaluru,Karnataka,12.907196,74.832504,ChargeZone,Public,GB/T,3.3,28.14,CUST04627,Kiran Kumar,7.79,219.21,
STN0427,EV Charging Station 427,Mumbai,Maharashtra,19.031622,72.808089,Jio-bp,Commercial,Type 2,150,1403.52,CUST04628,Sneha Kumar,6.7,9403.58,UPI
STN0163,EV Charging Station 163,Mysuru,Karnataka,12.344183,76.617735,Statiq,Public,CCS2,120,788.01,CUST04629,Manoj Kumar,2.78,2190.67,UPI
STN0348,EV Charging Station 348,Hubballi,,15.319916,75.133933,,Commercial,Type 2,11,107.12,CUST04630,Divya Kumar,5.61,600.94,UPI
STN0187,EV Charging Station 187,Mangaluru,Karnataka,12.963407,74.836373,Statiq,Commercial,IEC 60309 3-pin,50,249.19,CUST04631,Suresh Kumar,4.63,1153.75,Credit Card
STN0198,,Pune,Maharashtra,18.459359,73.863588,ChargeZone,Public,Type 2,22,168.43,CUST04632,Lakshmi Kumar,3.1,522.13,Credit Card
STN0434,EV Charging Station 434,Hubballi,Karnataka,15.345557,75.115093,ChargeZone,Public,Type 2,7.2,54.16,CUST04633,Arun Sharma,0.96,51.99,UPI
STN0014,EV Charging Station 014,Mangaluru,Karnataka,,74.904907,Jio-bp,Public,CHAdeMO,7.2,46.1,CUST04634,Anjali Sharma,2.34,107.87,Debit Card
STN0064,EV Charging Station 064,Belagavi,Karnataka,15.830492,74.473752,ChargeZone,Public,,,69.89,CUST04635,Akhil Sharma,3.56,248.81,Cash
STN0463,EV Charging Station 463,Bengaluru,Karnataka,13.000118,77.598727,Tata Power,Public,CCS2,150,768.81,CUST04636,Amritha Sharma,5.27,4051.63,Wallet
STN0040,EV Charging Station 040,Delhi,Delhi,28.674586,77.178769,Zeon Charging,Public,GB/T,11,91.07,CUST04637,Ravi Sharma,4.69,427.12,UPI
STN0034,EV Charging Station 034,Pune,Maharashtra,18.508789,73.892588,Statiq,Public,Type 2,22,172.64,CUST04638,Priya Sharma,6.46,1115.25,Credit Card
STN0441,EV Charging Station 441,Delhi,Delhi,28.602984,77.229214,Zeon Charging,Public,CCS2,30,251.55,CUST04639,Kiran Sharma,4.39,1104.3,Credit Card
STN0145,EV Charging Station 145,Chennai,Tamil Nadu,13.072231,80.290313,Ather Grid,Public,Type 2,150,949.21,CUST04640,Sneha Sharma,,1177.02,Credit Card
STN0444,EV Charging Station 444,Mysuru,Karnataka,12.320856,76.598034,Zeon Charging,Commercial,Type 2,11,96.14,CUST04641,Manoj Sharma,2.11,202.86,Wallet
STN0296,EV Charging Station 296,Pune,Maharashtra,18.526471,73.879473,Ather Grid,Commercial,Type 2,7.2,56.21,CUST04642,Divya Sharma,3.6,202.36,UPI
STN0285,EV Charging Station 285,Chennai,Tamil Nadu,13.123891,80.306551,Statiq,Private,CCS2,22,124.39,CUST04643,Suresh Sharma,3.7,460.24,Debit Card
STN0136,EV Charging Station 136,Hyderabad,Telangana,17.42788,78.489195,Tata Power,Public,CCS2,30,256.85,CUST04644,Lakshmi Sharma,6.76,1736.31,
STN0114,EV Charging Station 114,Chennai,Tamil Nadu,13.116275,80.269687,Tata Power,Public,CCS2,11,68.86,CUST04645,Arun Reddy,2.04,140.47,UPI
STN0483,EV Charging Station 483,Kochi,Kerala,9.907775,76.224311,Jio-bp,Public,Type 2,3.3,22.45,CUST04646,Anjali Reddy,1.18,26.49,Credit Card
STN0425,EV Charging Station 425,Hyderabad,Telangana,17.363964,78.459914,Zeon Charging,Public,Type 2,11,50.34,CUST04647,Akhil Reddy,1.66,83.56,Credit Card
STN0230,EV Charging Station 230,Mangaluru,Karnataka,12.985816,74.886768,ChargeZone,Public,Type 2,30,164.1,CUST04648,Amritha Reddy,5.51,904.19,UPI
STN0016,EV Charging Station 016,,Karnataka,15.844783,74.412661,Tata Power,Public,Type 2,60,325.44,CUST04649,Ravi Reddy,7.77,2528.67,Wallet
STN0089,EV Charging Station 089,Hubballi,Karnataka,15.396073,75.119739,Tata Power,Public,Type 2,3.3,22.55,CUST04650,Priya Reddy,1.23,27.74,Wallet
STN0177,EV Charging Station 177,Mysuru,Karnataka,12.356553,76.632983,Zeon Charging,Commercial,CCS2,60,273.11,CUST04651,Kiran Reddy,6.33,1728.79,UPI
STN0150,EV Charging Station 150,Pune,Maharashtra,18.573041,73.831834,Zeon Charging,,CCS2,50,317.4,CUST04652,Sneha Reddy,7.05,2237.67,UPI
STN0367,EV Charging Station 367,Mysuru,Karnataka,12.283083,76.616486,Jio-bp,Public,CCS2,7.2,51.46,CUST04653,Manoj Reddy,5.02,258.33,Credit Card
STN0103,EV Charging Station 103,Mumbai,Maharashtra,19.070959,72.959505,Zeon Charging,Public,CHAdeMO,22,91.56,CUST04654,Divya Reddy,1.98,181.29,UPI
STN0298,EV Charging Station 298,Bengaluru,Karnataka,12.991884,77.615319,Zeon Charging,Private,CCS2,150,752.93,CUST04655,Suresh Reddy,3.29,2477.14,Credit Card
STN0141,EV Charging Station 141,,Karnataka,,74.481213,Statiq,Commercial,CCS2,22,164.45,CUST04656,Lakshmi Reddy,3.32,545.97,Cash
STN0105,EV Charging Station 105,Mysuru,Karnataka,12.326644,76.640389,Jio-bp,Public,GB/T,7.2,71.58,CUST04657,Arun Patil,5.85,418.74,Debit Card
STN0161,EV Charging Station 161,Belagavi,Karnataka,15.820898,74.526305,Statiq,Public,CCS2,150,808.72,CUST04658,Anjali Patil,7.07,5717.65,UPI
STN0291,EV Charging Station 291,Bengaluru,Karnataka,13.000829,,,Public,CCS2,120,1032.48,CUST04659,Akhil Patil,6.76,6979.56,UPI
STN0181,EV Charging Station 181,Chennai,Tamil Nadu,13.059532,80.265029,Ather Grid,Public,IEC 60309 3-pin,22,206.65,CUST04660,Amritha Patil,,219.05,Wallet
STN0395,EV Charging Station 395,Mumbai,Maharashtra,19.090599,72.872542,ChargeZone,Private,CHAdeMO,120,870.33,CUST04661,Ravi Patil,2.55,2219.34,Wallet
STN0457,EV Charging Station 457,Chennai,Tamil Nadu,13.128577,80.279153,Jio-bp,Public,IEC 60309 3-pin,120,938.52,CUST04662,Priya Patil,3.3,3097.12,Credit Card
STN0456,EV Charging Station 456,Hubballi,Karnataka,15.405874,75.092003,Tata Power,Public,CCS2,50,427.08,CUST04663,Kiran Patil,2.66,1136.03,Credit Card
STN0329,EV Charging Station 329,Chennai,Tamil Nadu,13.079256,,Statiq,Public,CCS2,30,225.89,CUST04664,Sneha Patil,0.66,149.09,Credit Card
STN0358,EV Charging Station 358,Hubballi,Karnataka,15.274266,75.106823,Statiq,Public,CCS2,7.2,48.65,CUST04665,Manoj Patil,5.18,252.01,Debit Card
STN0319,EV Charging Station 319,Mumbai,Maharashtra,19.082298,72.821497,Ather Grid,Private,CCS2,30,179.66,CUST04666,Divya Patil,7.28,1307.92,UPI
STN0172,EV Charging Station 172,Belagavi,Karnataka,15.838687,74.567756,ChargeZone,Public,IEC 60309 3-pin,30,126.17,CUST04667,Suresh Patil,0.55,69.39,Credit Card
STN0138,EV Charging Station 138,Belagavi,Karnataka,15.858371,74.493679,Tata Power,Commercial,CCS2,22,94.93,CUST04668,Lakshmi Patil,7.51,712.92,UPI
STN0294,EV Charging Station 294,Hubballi,Karnataka,15.386248,75.158611,Statiq,Public,,60,271.37,CUST04669,Arun Shetty,3.34,906.38,Cash
STN0495,EV Charging Station 495,Hubballi,Karnataka,15.304877,75.134036,Ather Grid,Public,CCS2,30,172.79,CUST04670,Anjali Shetty,2.56,442.34,Cash
STN0344,EV Charging Station 344,Chennai,Tamil Nadu,13.055202,80.23725,ChargeZone,Public,CCS2,50,304.03,CUST04671,Akhil Shetty,1.37,416.52,Debit Card
STN0471,EV Charging Station 471,Bengaluru,Karnataka,12.925387,77.525698,Jio-bp,Public,CHAdeMO,30,141.34,CUST04672,,0.56,79.15,UPI
STN0085,EV Charging Station 085,Mysuru,Karnataka,12.281725,76.691471,Zeon Charging,Public,CCS2,30,228.46,CUST04673,Ravi Shetty,7.1,1622.07,UPI
STN0118,EV Charging Station 118,Mysuru,Karnataka,12.270311,76.633129,Jio-bp,Private,GB/T,22,,CUST04674,Priya Shetty,4.86,1016.27,Debit Card
STN0401,EV Charging Station 401,Hyderabad,Telangana,17.381841,78.502848,Tata Power,Public,Type 2,50,467.94,CUST04675,Kiran Shetty,6.62,3097.76,Credit Card
STN0299,EV Charging Station 299,Delhi,Delhi,28.586952,77.256589,Tata Power,Public,Type 2,150,1201.1,CUST04676,Sneha Shetty,7.98,9584.78,
STN0227,,Pune,Maharashtra,18.432309,73.901494,Statiq,Public,Type 2,60,361.71,CUST04677,Manoj Shetty,5.33,1927.91,Debit Card
STN0464,EV Charging Station 464,Mumbai,Maharashtra,19.074168,72.873748,Jio-bp,Public,CCS2,120,873.25,CUST04678,Divya Shetty,5.87,5125.98,UPI
STN0326,EV Charging Station 326,Bengaluru,Karnataka,12.938634,77.577776,Jio-bp,Public,,30,290.64,CUST04679,Suresh Shetty,4.35,1264.28,Wallet
STN0445,EV Charging Station 445,Hubballi,Karnataka,15.399616,75.132008,Statiq,Public,Type 2,30,205.25,CUST04680,Lakshmi Shetty,2.47,506.97,UPI
STN0322,EV Charging Station 322,Mangaluru,Karnataka,12.958557,74.819957,Jio-bp,Private,IEC 60309 3-pin,120,976.65,CUST04681,Arun Rao,4.08,3984.73,UPI
STN0246,EV Charging Station 246,Mumbai,Maharashtra,19.103383,72.817407,Zeon Charging,Public,Type 2,3.3,28.2,CUST04682,Anjali Rao,4.27,120.41,Wallet
STN0331,EV Charging Station 331,Hyderabad,Telangana,17.347935,78.439461,ChargeZone,Commercial,GB/T,11,105.99,CUST04683,Akhil Rao,2.34,248.02,Credit Card
STN0122,EV Charging Station 122,Mangaluru,Karnataka,12.920147,74.882549,Ather Grid,Commercial,CCS2,50,457.33,CUST04684,Amritha Rao,3.84,1756.15,Credit Card
STN0290,EV Charging Station 290,Mangaluru,Karnataka,12.922906,74.851889,Statiq,Public,CCS2,7.2,44.79,CUST04685,Ravi Rao,6.25,279.94,Debit Card
STN0008,EV Charging Station 008,Mumbai,Maharashtra,19.005809,72.974411,Ather Grid,Public,GB/T,60,443.48,CUST04686,Priya Rao,6.27,2780.62,Credit Card
STN0195,EV Charging Station 195,Mysuru,Karnataka,12.30331,76.624338,Zeon Charging,Public,IEC 60309 3-pin,7.2,69.18,CUST04687,Kiran Rao,7.26,502.25,UPI
STN0111,EV Charging Station 111,Delhi,Delhi,28.646398,77.189214,Zeon Charging,Private,CCS2,30,172.82,CUST04688,Sneha Rao,3.49,,UPI
STN0059,EV Charging Station 059,Hubballi,Karnataka,15.390058,75.10423,Jio-bp,Public,CHAdeMO,7.2,56.68,CUST04689,Manoj Rao,5.48,310.61,UPI
STN0346,EV Charging Station 346,Delhi,Delhi,28.580291,77.182528,Tata Power,Public,Type 2,50,306.36,CUST04690,Divya Rao,1.77,542.26,
STN0401,EV Charging Station 401,Delhi,Delhi,28.593815,77.210609,ChargeZone,Public,CCS2,50,363.74,CUST04691,Suresh Rao,6.58,2393.41,Credit Card
STN0189,EV Charging Station 189,Belagavi,Karnataka,15.886702,74.545726,Tata Power,Private,CCS2,60,310.83,CUST04692,Lakshmi Rao,1.85,575.04,Debit Card
STN0465,EV Charging Station 465,Bengaluru,Karnataka,13.013756,77.620353,Tata Power,Private,GB/T,50,408.56,CUST04693,Arun Iyer,1.19,486.19,Wallet
STN0114,EV Charging Station 114,Mangaluru,Karnataka,12.885872,74.914173,Zeon Charging,Commercial,GB/T,22,121.57,CUST04694,Anjali Iyer,5.05,613.93,Debit Card
STN0140,EV Charging Station 140,Hubballi,Karnataka,15.404135,75.067628,ChargeZone,Public,CCS2,,153.56,CUST04695,Akhil Iyer,4.64,712.52,UPI
STN0423,EV Charging Station 423,Hubballi,Karnataka,15.396532,75.108058,Tata Power,Private,Type 2,30,120.33,CUST04696,Amritha Iyer,6.06,729.2,Cash
STN0068,EV Charging Station 068,Chennai,Tamil Nadu,13.039452,80.241626,Zeon Charging,Public,CCS2,3.3,28.94,CUST04697,Ravi Iyer,5.64,163.22,Cash
STN0456,EV Charging Station 456,Kochi,Kerala,9.887145,76.202913,Jio-bp,,IEC 60309 3-pin,50,,CUST04698,Priya Iyer,,644.95,Credit Card
STN0154,EV Charging Station 154,Pune,Maharashtra,18.557752,73.874322,Statiq,Public,CHAdeMO,120,660.11,CUST04699,Kiran Iyer,7.26,4792.4,Credit Card
STN0267,EV Charging Station 267,Mysuru,Karnataka,12.244502,76.663291,Statiq,Private,Type 2,60,583.99,CUST04700,Sneha Iyer,6.03,3521.46,Credit Card
STN0410,EV Charging Station 410,Hubballi,Karnataka,15.362686,75.105314,Ather Grid,Commercial,CCS2,7.2,41.5,CUST04701,Manoj Iyer,1.54,63.91,Credit Card
STN0187,EV Charging Station 187,Pune,Maharashtra,18.504584,73.836927,Statiq,Public,Type 2,120,604.82,CUST04702,Divya Iyer,4.59,2776.12,Debit Card
STN0428,EV Charging Station 428,Mumbai,Maharashtra,19.02681,72.888626,Jio-bp,Public,CCS2,50,259.14,CUST04703,Suresh Iyer,6.32,1637.76,Credit Card
STN0031,EV Charging Station 031,Mysuru,Karnataka,12.281491,76.707329,Jio-bp,Public,GB/T,120,626.82,CUST04704,Lakshmi Iyer,4.49,2814.42,Wallet
STN0469,EV Charging Station 469,Mumbai,Maharashtra,19.075548,72.924799,ChargeZone,Public,CHAdeMO,30,141.56,CUST04705,Arun Nair,3.6,509.62,UPI
STN0415,EV Charging Station 415,Kochi,Kerala,9.965403,76.277559,Tata Power,Private,Type 2,120,828.43,CUST04706,Anjali Nair,4.76,3943.33,Credit Card
STN0433,,Hyderabad,Telangana,17.38203,78.578749,Tata Power,Private,CCS2,50,235.29,CUST04707,Akhil Nair,6.25,1470.56,UPI
STN0228,EV Charging Station 228,Delhi,Delhi,28.635724,77.172514,Tata Power,Public,Type 2,22,197.65,CUST04708,Amritha Nair,1.12,221.37,Credit Card
STN0348,EV Charging Station 348,Kochi,Kerala,9.910615,76.325485,ChargeZone,Public,CHAdeMO,50,309.65,CUST04709,Ravi Nair,3.44,1065.2,UPI
STN0127,EV Charging Station 127,Hubballi,Karnataka,15.317224,75.134776,Tata Power,Private,CCS2,7.2,32.86,CUST04710,Priya Nair,0.63,20.7,UPI
STN0384,EV Charging Station 384,Hyderabad,Telangana,17.428307,78.472188,Jio-bp,Public,CCS2,7.2,69.12,CUST04711,Kiran Nair,5.07,350.44,UPI
STN0051,EV Charging Station 051,Pune,Maharashtra,18.538045,73.820489,Tata Power,Commercial,Type 2,120,1010.64,CUST04712,Sneha Nair,4.61,4659.05,UPI
STN0100,EV Charging Station 100,Pune,Maharashtra,18.493896,73.865218,ChargeZone,,Type 2,120,974.82,CUST04713,Manoj Nair,0.9,877.34,UPI
STN0041,EV Charging Station 041,Hyderabad,Telangana,17.431789,78.471736,Jio-bp,Private,CHAdeMO,11,95.97,CUST04714,Divya Nair,7.65,734.17,Credit Card
STN0102,EV Charging Station 102,Hubballi,Karnataka,15.420336,75.099254,Tata Power,Public,CCS2,30,154.86,CUST04715,,3.79,586.92,Credit Card
STN0464,EV Charging Station 464,Mysuru,Karnataka,12.298247,76.678194,Zeon Charging,Private,GB/T,7.2,70.97,CUST04716,Lakshmi Nair,6.24,442.85,Credit Card
STN0311,EV Charging Station 311,Hubballi,Karnataka,15.375056,75.086438,Statiq,Public,Type 2,7.2,32.07,CUST04717,Arun Kumar,6.18,198.19,UPI
STN0236,EV Charging Station 236,Chennai,Tamil Nadu,13.023163,80.351517,Jio-bp,,CCS2,150,1154.17,CUST04718,Anjali Kumar,1.08,1246.5,Debit Card
STN0449,,Delhi,Delhi,28.58633,77.196175,Tata Power,Private,CCS2,3.3,19.23,CUST04719,Akhil Kumar,5.13,,UPI
STN0347,EV Charging Station 347,Belagavi,Karnataka,15.829204,74.482326,ChargeZone,Public,,7.2,36.68,CUST04720,Amritha Kumar,7.76,284.64,UPI
STN0166,EV Charging Station 166,Mysuru,Karnataka,12.245586,76.617873,Ather Grid,Private,CCS2,11,101.08,CUST04721,Ravi Kumar,2.09,211.26,Debit Card
STN0271,EV Charging Station 271,Pune,Maharashtra,18.466106,73.809517,Zeon Charging,Commercial,Type 2,22,167.78,CUST04722,Priya Kumar,6.8,1140.9,Debit Card
STN0433,EV Charging Station 433,Pune,Maharashtra,18.543435,73.833281,Zeon Charging,Commercial,CCS2,120,1106.12,CUST04723,Kiran Kumar,7.88,8716.23,Credit Card
STN0229,EV Charging Station 229,Mysuru,Karnataka,12.222239,76.648394,Tata Power,Public,CCS2,120,1078.82,CUST04724,Sneha Kumar,4.81,5189.12,UPI
STN0494,EV Charging Station 494,Mumbai,Maharashtra,19.116969,72.894985,Ather Grid,Commercial,Type 2,50,232.45,CUST04725,Manoj Kumar,7.63,1773.59,UPI
STN0198,EV Charging Station 198,Hyderabad,Telangana,17.322456,78.447748,Zeon Charging,Public,Type 2,30,288.42,CUST04726,Divya Kumar,3.1,894.1,Debit Card
STN0367,EV Charging Station 367,Hubballi,Karnataka,15.395472,75.137212,Statiq,Public,CCS2,30,255.77,CUST04727,Suresh Kumar,1.8,,Credit Card
STN0228,EV Charging Station 228,Chennai,,13.113062,80.232721,Jio-bp,Public,CCS2,30,182.95,CUST04728,Lakshmi Kumar,4.47,817.79,UPI
STN0347,EV Charging Station 347,Delhi,Delhi,28.602509,77.200409,Zeon Charging,Public,CCS2,7.2,32.31,CUST04729,Arun Sharma,4.72,152.5,Debit Card
STN0053,EV Charging Station 053,Mysuru,Karnataka,12.288414,76.598106,Jio-bp,Private,IEC 60309 3-pin,11,62.44,CUST04730,Anjali Sharma,7.3,455.81,UPI
STN0279,EV Charging Station 279,Kochi,Kerala,9.91954,76.310116,Zeon Charging,Public,IEC 60309 3-pin,150,1235.51,CUST04731,Akhil Sharma,6.69,8265.56,UPI
STN0470,EV Charging Station 470,Mumbai,Maharashtra,19.090572,72.921937,Statiq,Public,CCS2,7.2,60.46,CUST04732,,3.46,209.19,UPI
STN0299,EV Charging Station 299,Chennai,Tamil Nadu,13.097317,80.2885,Tata Power,Private,Type 2,30,237.33,CUST04733,Ravi Sharma,4.55,1079.85,Credit Card
STN0093,EV Charging Station 093,Pune,Maharashtra,18.510032,73.813017,Tata Power,Commercial,Type 2,50,405.36,CUST04734,Priya Sharma,3.13,1268.78,Debit Card
STN0086,EV Charging Station 086,Kochi,Kerala,9.973489,76.26293,Statiq,Public,CCS2,120,1198.82,CUST04735,Kiran Sharma,1.07,1282.74,UPI
STN0407,EV Charging Station 407,Mysuru,Karnataka,12.296413,76.660563,Jio-bp,Private,CHAdeMO,22,196.12,CUST04736,Sneha Sharma,0.82,160.82,UPI
STN0400,EV Charging Station 400,Delhi,Delhi,28.652115,77.15169,Ather Grid,Public,CHAdeMO,150,748.66,CUST04737,Manoj Sharma,4.38,3279.13,UPI
STN0435,EV Charging Station 435,Hyderabad,Telangana,17.383469,78.495054,Zeon Charging,Private,CCS2,,1125.91,CUST04738,Divya Sharma,4.98,5607.03,Credit Card
STN0471,EV Charging Station 471,Delhi,Delhi,28.635587,77.206866,,Private,GB/T,60,277.14,CUST04739,Suresh Sharma,2.24,620.79,UPI
STN0016,EV Charging Station 016,Bengaluru,Karnataka,12.982057,77.556472,Statiq,Public,CCS2,11,66.98,CUST04740,Lakshmi Sharma,4.35,291.36,Credit Card
STN0215,EV Charging Station 215,Belagavi,Karnataka,15.897188,74.47007,ChargeZone,Private,CCS2,22,109.03,CUST04741,Arun Reddy,0.53,57.79,Credit Card
STN0160,EV Charging Station 160,Bengaluru,Karnataka,12.960105,77.569798,Tata Power,Public,Type 2,3.3,17.58,CUST04742,Anjali Reddy,2.75,48.34,UPI
STN0443,EV Charging Station 443,Mangaluru,Karnataka,12.855982,74.846734,Tata Power,Public,CCS2,7.2,66.21,CUST04743,Akhil Reddy,1.79,118.52,Credit Card
STN0338,EV Charging Station 338,Hyderabad,Telangana,17.398678,78.487135,Zeon Charging,Commercial,Type 2,3.3,30.9,CUST04744,Amritha Reddy,6.78,209.5,Wallet
STN0198,EV Charging Station 198,Hubballi,Karnataka,15.341506,75.147831,Statiq,Public,CCS2,7.2,35.58,CUST04745,Ravi Reddy,3.1,110.3,Credit Card
STN0118,EV Charging Station 118,Mangaluru,Karnataka,12.898204,74.834283,Zeon Charging,Public,Type 2,11,88.22,CUST04746,Priya Reddy,7.4,652.83,Cash
STN0155,EV Charging Station 155,Delhi,Delhi,28.596289,77.208286,Statiq,Public,IEC 60309 3-pin,60,379.57,CUST04747,Kiran Reddy,6.43,2440.64,UPI
STN0330,EV Charging Station 330,Chennai,Tamil Nadu,13.127985,80.208294,Zeon Charging,Public,CCS2,7.2,,CUST04748,Sneha Reddy,,311.02,UPI
STN0377,EV Charging Station 377,Mangaluru,Karnataka,12.910825,74.857076,,Public,Type 2,3.3,14.45,CUST04749,Manoj Reddy,5.71,82.51,UPI
STN0384,EV Charging Station 384,Pune,Maharashtra,18.56717,73.883621,Tata Power,Public,Type 2,11,93.21,CUST04750,Divya Reddy,3.6,335.56,Debit Card
STN0076,EV Charging Station 076,Bengaluru,Karnataka,13.012714,77.64256,,Public,CCS2,60,276.13,CUST04751,Suresh Reddy,6.54,1805.89,Wallet
STN0250,EV Charging Station 250,Mangaluru,Karnataka,12.933565,74.769635,Tata Power,Public,Type 2,60,517.76,CUST04752,,1.91,988.92,UPI
STN0020,EV Charging Station 020,Kochi,Kerala,9.893826,76.299177,Zeon Charging,Private,IEC 60309 3-pin,,316.88,CUST04753,,0.53,167.95,UPI
STN0155,EV Charging Station 155,Mysuru,Karnataka,12.258788,76.657538,Jio-bp,Public,Type 2,22,133.12,CUST04754,Anjali Patil,0.81,107.83,Debit Card
STN0108,EV Charging Station 108,Mysuru,Karnataka,12.236194,76.705922,Ather Grid,Public,Type 2,7.2,65.14,CUST04755,Akhil Patil,4.86,316.58,Debit Card
STN0055,EV Charging Station 055,Belagavi,Karnataka,15.805059,74.524049,ChargeZone,Public,CCS2,3.3,,CUST04756,Amritha Patil,4.16,128.17,UPI
STN0064,EV Charging Station 064,Kochi,Kerala,9.935535,76.301341,Tata Power,Commercial,Type 2,11,93.72,CUST04757,Ravi Patil,6.39,598.87,Debit Card
STN0081,EV Charging Station 081,Mysuru,Karnataka,12.304976,76.610696,Jio-bp,Private,CHAdeMO,11,47.38,CUST04758,Priya Patil,2.16,102.34,Debit Card
STN0404,EV Charging Station 404,Mangaluru,Karnataka,12.888045,74.91742,Zeon Charging,Public,Type 2,22,176.77,CUST04759,Kiran Patil,,1115.42,Wallet
STN0013,EV Charging Station 013,Chennai,,13.080524,80.234857,Ather Grid,Public,Type 2,150,1091.29,CUST04760,Sneha Patil,1.74,1898.84,Cash
STN0413,EV Charging Station 413,Hubballi,Karnataka,15.391033,75.073338,Ather Grid,Private,GB/T,50,498.07,CUST04761,Manoj Patil,5.36,2669.66,Debit Card
STN0249,EV Charging Station 249,Bengaluru,Karnataka,12.992687,77.560616,ChargeZone,Public,CHAdeMO,22,137.94,CUST04762,Divya Patil,0.52,71.73,UPI
STN0355,EV Charging Station 355,Pune,Maharashtra,18.508538,73.829456,Statiq,Private,,22,164.72,CUST04763,Suresh Patil,5.94,978.44,Credit Card
STN0050,EV Charging Station 050,Kochi,Kerala,9.960222,76.245187,ChargeZone,Public,CCS2,7.2,31.83,CUST04764,Lakshmi Patil,6.98,222.17,UPI
STN0458,EV Charging Station 458,Mumbai,Maharashtra,19.094048,72.874086,Tata Power,Public,Type 2,22,161.23,CUST04765,Arun Shetty,7.26,1170.53,UPI
STN0134,EV Charging Station 134,Belagavi,Karnataka,15.85564,74.455925,Tata Power,Private,Type 2,150,970.22,CUST04766,Anjali Shetty,6.88,6675.11,Debit Card
STN0064,EV Charging Station 064,Delhi,Delhi,28.628781,77.214933,Zeon Charging,Public,CCS2,50,461.9,CUST04767,Akhil Shetty,5.03,2323.36,UPI
STN0404,EV Charging Station 404,Pune,Maharashtra,18.538063,73.896257,Jio-bp,Public,Type 2,11,98.58,CUST04768,Amritha Shetty,6.86,676.26,Credit Card
STN0193,EV Charging Station 193,Mysuru,Karnataka,12.299563,76.659494,Jio-bp,Public,CCS2,11,64.02,CUST04769,Ravi Shetty,6.82,436.62,Debit Card
STN0147,EV Charging Station 147,Kochi,Kerala,9.956311,76.252962,Statiq,Private,CCS2,22,186.06,CUST04770,Priya Shetty,2.85,530.27,Wallet
STN0059,EV Charging Station 059,Kochi,Kerala,9.971251,76.229298,Tata Power,Private,Type 2,50,404.57,CUST04771,,4.52,1828.66,UPI
STN0197,EV Charging Station 197,Mangaluru,Karnataka,12.923163,74.907283,Ather Grid,Public,Type 2,30,297.82,CUST04772,Sneha Shetty,7.06,2102.61,Credit Card
STN0111,EV Charging Station 111,Belagavi,Karnataka,15.819736,74.473964,Statiq,Public,CCS2,60,240.57,CUST04773,Manoj Shetty,1.14,274.25,Credit Card
STN0010,EV Charging Station 010,Hubballi,Karnataka,15.405122,75.123305,Tata Power,Public,CCS2,11,107.88,CUST04774,Divya Shetty,6.88,742.21,Credit Card
STN0007,EV Charging Station 007,Belagavi,Karnataka,15.84734,74.486628,Jio-bp,Public,Type 2,120,1071.11,CUST04775,Suresh Shetty,0.85,910.44,Credit Card
STN0093,EV Charging Station 093,Belagavi,Karnataka,15.806889,74.544552,Statiq,Public,Type 2,60,486.28,CUST04776,Lakshmi Shetty,0.8,389.02,Wallet
STN0179,EV Charging Station 179,Delhi,Delhi,28.617595,77.212329,Jio-bp,Public,CCS2,22,198.78,CUST04777,Arun Rao,3.2,636.1,Wallet
STN0251,EV Charging Station 251,Kochi,Kerala,9.948336,76.253515,Jio-bp,Commercial,CCS2,22,186.19,CUST04778,Anjali Rao,7.29,1357.33,UPI
STN0094,EV Charging Station 094,Kochi,Kerala,9.915773,76.260546,Ather Grid,Public,CCS2,150,1185.5,CUST04779,Akhil Rao,3.24,3841.02,UPI
STN0020,EV Charging Station 020,Mumbai,Maharashtra,19.059496,72.903681,Zeon Charging,,CCS2,120,819.84,CUST04780,Amritha Rao,3.06,2508.71,UPI
STN0086,EV Charging Station 086,Mumbai,Maharashtra,19.144352,72.8939,Zeon Charging,Public,Type 2,11,45.63,CUST04781,Ravi Rao,2.41,109.97,Credit Card
STN0019,EV Charging Station 019,Pune,Maharashtra,18.477779,73.883156,Jio-bp,Public,Type 2,120,1010.31,CUST04782,Priya Rao,2.29,2313.61,UPI
STN0338,EV Charging Station 338,Pune,Maharashtra,18.554592,73.876453,Statiq,,CCS2,60,257.45,CUST04783,Kiran Rao,2.8,720.86,Wallet
STN0466,EV Charging Station 466,Mysuru,Karnataka,12.294872,76.649327,Ather Grid,Public,IEC 60309 3-pin,120,921.61,CUST04784,Sneha Rao,3.91,3603.5,UPI
STN0448,EV Charging Station 448,Bengaluru,Karnataka,12.963665,,Jio-bp,Public,CCS2,50,426.81,CUST04785,Manoj Rao,2.39,1020.08,Debit Card
STN0024,EV Charging Station 024,Kochi,Kerala,9.912476,76.260731,Statiq,,Type 2,30,248.7,CUST04786,Divya Rao,1.14,283.52,UPI
STN0455,EV Charging Station 455,Pune,Maharashtra,18.522012,73.809361,ChargeZone,Private,CCS2,7.2,39.76,CUST04787,Suresh Rao,4.53,180.11,UPI
STN0454,EV Charging Station 454,Hyderabad,Telangana,17.444059,78.517483,Zeon Charging,Commercial,CCS2,,215.9,CUST04788,Lakshmi Rao,7.15,1543.69,Credit Card
STN0208,EV Charging Station 208,Kochi,Kerala,9.895512,76.284479,Jio-bp,Private,Type 2,50,476.64,CUST04789,Arun Iyer,7.85,3741.62,Credit Card
STN0328,EV Charging Station 328,Mangaluru,Karnataka,12.952154,74.830909,Zeon Charging,Commercial,CHAdeMO,22,199.6,CUST04790,Anjali Iyer,6.03,1203.59,UPI
STN0249,EV Charging Station 249,Mumbai,Maharashtra,19.064644,72.91418,Jio-bp,Public,Type 2,30,129.34,CUST04791,Akhil Iyer,0.63,81.48,UPI
STN0010,EV Charging Station 010,Belagavi,Karnataka,15.844955,74.520631,Zeon Charging,Private,Type 2,7.2,40.22,CUST04792,Amritha Iyer,4.66,187.43,UPI
STN0222,EV Charging Station 222,Belagavi,Karnataka,15.851519,74.494611,Statiq,Public,CCS2,7.2,32.31,CUST04793,Ravi Iyer,4.59,148.3,UPI
STN0433,EV Charging Station 433,Hyderabad,Telangana,17.359242,78.55367,ChargeZone,Public,CHAdeMO,11,91.04,CUST04794,Priya Iyer,3.62,329.56,Debit Card
STN0340,EV Charging Station 340,Belagavi,Karnataka,15.882902,74.490782,Ather Grid,Public,Type 2,50,448.61,CUST04795,Kiran Iyer,2.3,,UPI
STN0012,EV Charging Station 012,Bengaluru,Karnataka,12.955114,77.605649,ChargeZone,Public,CCS2,30,246.61,CUST04796,Sneha Iyer,1.25,308.26,
STN0365,EV Charging Station 365,Pune,Maharashtra,18.505457,73.876792,Tata Power,Public,Type 2,3.3,13.8,CUST04797,Manoj Iyer,1.57,21.67,Credit Card
STN0299,EV Charging Station 299,Pune,Maharashtra,18.509853,73.880445,ChargeZone,Public,CCS2,7.2,69.13,CUST04798,Divya Iyer,6.26,432.75,Credit Card
STN0416,EV Charging Station 416,Kochi,Kerala,9.989717,76.280027,Ather Grid,Public,CHAdeMO,7.2,67.77,CUST04799,Suresh Iyer,0.6,40.66,UPI
STN0214,EV Charging Station 214,Mumbai,Maharashtra,19.106723,72.914077,Zeon Charging,Private,GB/T,50,307.48,CUST04800,Lakshmi Iyer,3.03,931.66,Wallet
STN0275,EV Charging Station 275,Belagavi,Karnataka,15.88642,74.464726,Ather Grid,Public,IEC 60309 3-pin,11,90.07,CUST04801,Arun Nair,4.9,441.34,Debit Card
STN0465,EV Charging Station 465,Hubballi,Karnataka,15.369397,75.116432,Jio-bp,Public,Type 2,,513.96,CUST04802,Anjali Nair,7.68,3947.21,Credit Card
STN0466,EV Charging Station 466,Mangaluru,Karnataka,,74.83593,,Commercial,CHAdeMO,150,1256.71,CUST04803,Akhil Nair,3.77,4737.8,Credit Card
STN0400,EV Charging Station 400,Mangaluru,Karnataka,12.912509,74.869365,Zeon Charging,Private,Type 2,30,225.87,CUST04804,Amritha Nair,3.22,727.3,Credit Card
STN0018,EV Charging Station 018,Delhi,Delhi,28.562736,77.1889,Jio-bp,Public,Type 2,120,624.48,CUST04805,Ravi Nair,7.41,4627.4,Credit Card
STN0258,EV Charging Station 258,Kochi,Kerala,9.961044,76.223991,ChargeZone,Public,Type 2,120,557.64,CUST04806,Priya Nair,7.93,4422.09,UPI
STN0117,EV Charging Station 117,Delhi,Delhi,28.634273,77.187897,Jio-bp,Public,Type 2,7.2,34.12,CUST04807,Kiran Nair,2.05,69.95,Wallet
STN0096,EV Charging Station 096,Bengaluru,Karnataka,12.985724,77.605057,Tata Power,Public,Type 2,60,530.88,CUST04808,Sneha Nair,7.85,4167.41,Wallet
STN0112,EV Charging Station 112,Mumbai,Maharashtra,19.050996,72.872732,Zeon Charging,Private,CCS2,60,348.91,CUST04809,Manoj Nair,6.66,2323.74,UPI
STN0243,EV Charging Station 243,Kochi,Kerala,9.955875,76.246987,Statiq,Public,IEC 60309 3-pin,7.2,46.93,CUST04810,Divya Nair,3.24,152.05,
STN0005,EV Charging Station 005,Belagavi,Karnataka,15.844954,74.530841,Statiq,Public,IEC 60309 3-pin,120,737.51,CUST04811,Suresh Nair,4.89,3606.42,UPI
STN0175,EV Charging Station 175,Pune,Maharashtra,18.478568,73.866899,Statiq,Public,Type 2,7.2,55.32,CUST04812,Lakshmi Nair,1.46,80.77,Credit Card
STN0464,EV Charging Station 464,Delhi,Delhi,28.588343,77.191632,Jio-bp,Public,Type 2,11,93.77,CUST04813,Arun Kumar,3.63,340.39,UPI
STN0083,EV Charging Station 083,Mangaluru,Karnataka,12.87461,74.839226,Ather Grid,Commercial,CCS2,22,162.24,CUST04814,Anjali Kumar,7.91,1283.32,Cash
STN0456,EV Charging Station 456,Delhi,Delhi,28.606216,77.213747,Statiq,Public,Type 2,3.3,,CUST04815,Akhil Kumar,4.12,115.24,UPI
STN0349,EV Charging Station 349,Pune,Maharashtra,18.516836,73.849119,Ather Grid,Private,CCS2,,1407.05,CUST04816,Amritha Kumar,1.58,2223.14,Credit Card
STN0400,EV Charging Station 400,Belagavi,Karnataka,15.812251,74.47881,ChargeZone,Public,Type 2,50,255.4,CUST04817,Ravi Kumar,3.27,835.16,Debit Card
STN0055,EV Charging Station 055,Bengaluru,Karnataka,12.968207,77.533568,Ather Grid,Commercial,Type 2,22,172.31,CUST04818,Priya Kumar,2.07,356.68,Debit Card
STN0257,EV Charging Station 257,Belagavi,Karnataka,15.834066,74.517442,Statiq,Public,Type 2,22,154.12,CUST04819,Kiran Kumar,4.11,633.43,Credit Card
STN0110,EV Charging Station 110,Bengaluru,Karnataka,12.993369,,ChargeZone,Public,GB/T,30,225.37,CUST04820,Sneha Kumar,2.39,538.63,Debit Card
STN0174,EV Charging Station 174,,Telangana,17.402869,78.453426,Statiq,Commercial,CCS2,120,1177.83,CUST04821,Manoj Kumar,5.5,6478.06,UPI
STN0225,EV Charging Station 225,Kochi,Kerala,9.893482,76.23235,Zeon Charging,,IEC 60309 3-pin,120,1101.41,CUST04822,Divya Kumar,4.99,5496.04,UPI
STN0458,EV Charging Station 458,Bengaluru,Karnataka,13.01664,77.58734,Zeon Charging,Private,Type 2,60,572.07,CUST04823,Suresh Kumar,5.54,3169.27,Credit Card
STN0220,EV Charging Station 220,Hyderabad,Telangana,17.345499,78.502783,Tata Power,Public,GB/T,60,434.8,CUST04824,Lakshmi Kumar,6.63,2882.72,Wallet
STN0203,EV Charging Station 203,Hyderabad,Telangana,,78.507918,Zeon Charging,Public,Type 2,22,139.11,CUST04825,Arun Sharma,7.92,1101.75,Debit Card
STN0284,EV Charging Station 284,Pune,Maharashtra,,73.873912,Tata Power,,CCS2,7.2,54.83,CUST04826,Anjali Sharma,1.12,61.41,Credit Card
STN0165,EV Charging Station 165,Pune,Maharashtra,18.535637,73.811174,Zeon Charging,Commercial,GB/T,120,928.66,CUST04827,Akhil Sharma,0.69,640.78,Wallet
STN0272,EV Charging Station 272,Delhi,Delhi,28.66612,77.228385,Jio-bp,Public,IEC 60309 3-pin,50,334.92,CUST04828,Amritha Sharma,3.42,1145.43,Credit Card
STN0315,EV Charging Station 315,Bengaluru,Karnataka,13.066306,77.58311,Tata Power,Private,CHAdeMO,150,857.32,CUST04829,Ravi Sharma,1.74,1491.74,Credit Card
STN0464,EV Charging Station 464,Pune,Maharashtra,18.569365,73.85861,Statiq,Public,,11,87.07,CUST04830,Priya Sharma,3.83,333.48,Debit Card
STN0055,EV Charging Station 055,Mumbai,Maharashtra,19.071427,72.896491,ChargeZone,Public,IEC 60309 3-pin,60,325.73,CUST04831,Kiran Sharma,1.25,407.16,UPI
STN0386,EV Charging Station 386,Mangaluru,Karnataka,12.914189,74.929452,Zeon Charging,Private,Type 2,150,1290.57,CUST04832,Sneha Sharma,6.57,,Debit Card
STN0431,,Mangaluru,Karnataka,12.937767,74.878705,ChargeZone,Public,CCS2,7.2,63.23,CUST04833,Manoj Sharma,7.13,450.83,Debit Card
STN0412,EV Charging Station 412,Chennai,Tamil Nadu,13.048595,80.306651,Tata Power,Public,CHAdeMO,11,105.34,CUST04834,Divya Sharma,5.04,530.91,Wallet
STN0354,EV Charging Station 354,Mumbai,Maharashtra,19.102188,72.882475,Zeon Charging,Public,IEC 60309 3-pin,30,179.04,CUST04835,Suresh Sharma,5.04,902.36,Credit Card
STN0371,EV Charging Station 371,Mumbai,Maharashtra,19.061936,72.853288,ChargeZone,Private,Type 2,50,,CUST04836,Lakshmi Sharma,6.1,2721.27,Credit Card
STN0181,EV Charging Station 181,Delhi,Delhi,28.61589,77.219805,ChargeZone,,Type 2,7.2,51.44,CUST04837,Arun Reddy,7.96,409.46,Wallet
STN0069,EV Charging Station 069,Hubballi,Karnataka,15.389813,75.103897,Jio-bp,Public,CHAdeMO,7.2,54.4,CUST04838,Anjali Reddy,4.22,229.57,UPI
STN0068,EV Charging Station 068,Kochi,Kerala,9.896503,76.230087,Ather Grid,Private,,30,296.49,CUST04839,Akhil Reddy,0.77,228.3,Debit Card
STN0350,EV Charging Station 350,Belagavi,Karnataka,15.888312,74.488461,Ather Grid,Private,CCS2,7.2,33.98,CUST04840,Amritha Reddy,5.34,181.45,Credit Card
STN0464,EV Charging Station 464,Hyderabad,Telangana,17.36953,78.510747,Jio-bp,Public,CCS2,120,569.5,CUST04841,Ravi Reddy,2.68,1526.26,Credit Card
STN0415,EV Charging Station 415,Mumbai,Maharashtra,19.123381,72.882695,Ather Grid,Commercial,GB/T,7.2,41.12,CUST04842,Priya Reddy,4.14,170.24,UPI
STN0370,EV Charging Station 370,Mysuru,Karnataka,12.210886,76.6232,Tata Power,Commercial,CCS2,7.2,68.71,CUST04843,Kiran Reddy,1.92,131.92,Debit Card
STN0385,EV Charging Station 385,Kochi,Kerala,9.949211,76.226109,Ather Grid,Public,Type 2,7.2,69.11,CUST04844,Sneha Reddy,5.33,368.36,Wallet
STN0320,EV Charging Station 320,Bengaluru,Karnataka,12.931954,77.569047,Zeon Charging,Public,Type 2,50,349.82,CUST04845,Manoj Reddy,1.45,507.24,Credit Card
STN0454,EV Charging Station 454,Bengaluru,Karnataka,12.958144,77.571283,Tata Power,Public,GB/T,50,409.81,CUST04846,Divya Reddy,4.15,1700.71,UPI
STN0380,EV Charging Station 380,Belagavi,Karnataka,15.834227,74.490466,Ather Grid,Public,CHAdeMO,11,90.62,CUST04847,Suresh Reddy,3.89,352.51,UPI
STN0237,EV Charging Station 237,Pune,Maharashtra,18.505665,73.831361,Tata Power,Commercial,CHAdeMO,60,349.38,CUST04848,Lakshmi Reddy,4.18,1460.41,Debit Card
STN0066,EV Charging Station 066,Kochi,Kerala,9.883176,76.194178,Jio-bp,Public,Type 2,150,1290.79,CUST04849,Arun Patil,1.2,1548.95,Wallet
STN0461,EV Charging Station 461,Chennai,Tamil Nadu,13.093262,80.286396,Tata Power,Public,GB/T,120,,CUST04850,Anjali Patil,4.82,3682.72,UPI
STN0466,EV Charging Station 466,Belagavi,Karnataka,15.855217,74.513184,ChargeZone,Commercial,CCS2,30,204.6,CUST04851,Akhil Patil,7.59,1552.91,UPI
STN0210,EV Charging Station 210,Belagavi,Karnataka,15.869296,74.451276,Ather Grid,Public,IEC 60309 3-pin,150,816.05,CUST04852,Amritha Patil,4.83,3941.52,UPI
STN0214,EV Charging Station 214,Hubballi,Karnataka,15.32836,75.061291,Tata Power,Public,CHAdeMO,60,392.83,CUST04853,Ravi Patil,7.35,2887.3,Credit Card
STN0369,EV Charging Station 369,Belagavi,Karnataka,15.806407,74.467176,Tata Power,Public,CCS2,11,74.87,CUST04854,Priya Patil,6.23,466.44,UPI
STN0480,EV Charging Station 480,Mumbai,Maharashtra,19.117217,72.880997,ChargeZone,Public,CCS2,150,1063.79,CUST04855,Kiran Patil,4.93,5244.48,UPI
STN0420,EV Charging Station 420,Hyderabad,Telangana,17.415328,78.48549,Tata Power,Public,CCS2,120,1041.77,CUST04856,Sneha Patil,1.07,1114.69,UPI
STN0309,EV Charging Station 309,,Telangana,17.381671,78.508502,Jio-bp,Public,Type 2,120,644.2,CUST04857,Manoj Patil,2.08,1339.94,Credit Card
STN0402,EV Charging Station 402,Pune,Maharashtra,18.485971,73.848586,Ather Grid,Private,CCS2,7.2,59.71,CUST04858,Divya Patil,7.1,423.94,UPI
STN0171,EV Charging Station 171,Pune,Maharashtra,18.497439,73.809019,Zeon Charging,Private,Type 2,11,69.8,CUST04859,Suresh Patil,4.53,316.19,UPI
STN0477,EV Charging Station 477,Delhi,Delhi,28.63187,77.203899,Zeon Charging,Public,CCS2,120,738.32,CUST04860,Lakshmi Patil,3.93,2901.6,Credit Card
STN0155,EV Charging Station 155,Hubballi,Karnataka,15.3581,75.081757,Statiq,Public,GB/T,11,70.94,CUST04861,Arun Shetty,4.28,303.62,Cash
STN0071,EV Charging Station 071,Belagavi,Karnataka,15.863808,74.487447,Tata Power,Private,Type 2,22,127.33,CUST04862,Anjali Shetty,6.27,798.36,Credit Card
STN0408,EV Charging Station 408,,Maharashtra,19.007611,72.87972,Ather Grid,Commercial,GB/T,11,108.47,CUST04863,Akhil Shetty,6.87,745.19,UPI
STN0062,EV Charging Station 062,Pune,Maharashtra,18.54123,73.874392,ChargeZone,Public,CCS2,60,394.83,CUST04864,Amritha Shetty,3.44,1358.22,Debit Card
STN0307,EV Charging Station 307,Pune,Maharashtra,18.476256,73.810568,Statiq,Public,Type 2,50,499.32,CUST04865,Ravi Shetty,7.1,3545.17,UPI
STN0036,EV Charging Station 036,Chennai,Tamil Nadu,13.141777,80.260169,Statiq,Private,GB/T,150,1246.76,CUST04866,Priya Shetty,3.98,4962.1,Debit Card
STN0452,EV Charging Station 452,Bengaluru,Karnataka,12.990141,77.607594,Statiq,Public,GB/T,50,440.54,CUST04867,,3.45,1519.86,Wallet
STN0218,EV Charging Station 218,Delhi,Delhi,28.663067,77.179502,Ather Grid,Private,CCS2,50,281.67,CUST04868,Sneha Shetty,3.85,1084.43,Wallet
STN0225,EV Charging Station 225,Delhi,Delhi,28.616886,77.259055,Statiq,Public,Type 2,22,211.89,CUST04869,Manoj Shetty,6.62,1402.71,UPI
STN0231,EV Charging Station 231,Hubballi,Karnataka,15.326604,75.117047,Jio-bp,Public,CCS2,50,385.1,CUST04870,Divya Shetty,3.15,1213.06,Credit Card
STN0320,EV Charging Station 320,Delhi,Delhi,28.591058,77.221243,Statiq,Public,GB/T,7.2,53.39,CUST04871,Suresh Shetty,4.08,217.83,Wallet
STN0206,EV Charging Station 206,Kochi,Kerala,9.881602,76.252738,Statiq,Private,GB/T,150,811.06,CUST04872,Lakshmi Shetty,2.44,1978.99,
STN0066,EV Charging Station 066,Chennai,Tamil Nadu,13.11246,80.273833,Jio-bp,Public,CCS2,120,880.54,CUST04873,Arun Rao,,4305.84,Credit Card
STN0105,EV Charging Station 105,Mangaluru,Karnataka,12.851237,74.863261,Zeon Charging,Public,Type 2,22,176.86,CUST04874,Anjali Rao,6.43,1137.21,UPI
STN0198,EV Charging Station 198,Hubballi,Karnataka,15.392195,75.148421,Zeon Charging,Public,CCS2,7.2,50.91,CUST04875,Akhil Rao,1.57,79.93,Debit Card
STN0235,EV Charging Station 235,Hyderabad,Telangana,17.436882,78.520888,ChargeZone,Commercial,CCS2,11,47.92,CUST04876,Amritha Rao,1.2,57.5,Credit Card
STN0492,EV Charging Station 492,Hubballi,Karnataka,15.383402,75.133742,Ather Grid,Public,GB/T,3.3,15.5,CUST04877,Ravi Rao,0.51,7.9,UPI
STN0117,EV Charging Station 117,Chennai,Tamil Nadu,13.106974,80.320651,Zeon Charging,Public,CHAdeMO,7.2,55.39,CUST04878,Priya Rao,0.55,30.46,Credit Card
STN0287,,Hyderabad,Telangana,17.376175,78.473737,Zeon Charging,Commercial,Type 2,11,88.42,CUST04879,Kiran Rao,4.78,422.65,UPI
STN0253,EV Charging Station 253,Kochi,Kerala,9.888689,76.257317,Jio-bp,Public,Type 2,3.3,14.22,CUST04880,Sneha Rao,1.72,24.46,UPI
STN0063,EV Charging Station 063,Pune,Maharashtra,18.55069,73.803747,ChargeZone,Public,Type 2,3.3,24.09,CUST04881,Manoj Rao,7.16,172.48,UPI
STN0163,EV Charging Station 163,Bengaluru,Karnataka,13.026624,77.621873,Ather Grid,Commercial,Type 2,50,328.97,CUST04882,Divya Rao,2.94,967.17,Wallet
STN0159,EV Charging Station 159,Delhi,Delhi,28.592876,77.251016,Ather Grid,,CCS2,11,85.7,CUST04883,Suresh Rao,,269.1,Wallet
STN0290,EV Charging Station 290,Pune,Maharashtra,18.488518,,Ather Grid,Private,CCS2,7.2,40.7,CUST04884,Lakshmi Rao,5.39,219.37,Wallet
STN0099,EV Charging Station 099,Kochi,,10.019096,76.277439,ChargeZone,Commercial,CHAdeMO,7.2,55.98,CUST04885,Arun Iyer,2.19,122.6,Debit Card
STN0430,EV Charging Station 430,Pune,Maharashtra,18.506555,73.873572,Ather Grid,Public,Type 2,,129.42,CUST04886,Anjali Iyer,7.33,948.65,Credit Card
STN0414,EV Charging Station 414,Mangaluru,Karnataka,12.894444,74.806898,ChargeZone,Public,CCS2,50,499.72,CUST04887,Akhil Iyer,1.77,884.5,UPI
STN0230,EV Charging Station 230,Hyderabad,Telangana,17.363525,78.520077,Zeon Charging,Public,IEC 60309 3-pin,7.2,56.22,CUST04888,Amritha Iyer,0.89,50.04,Credit Card
STN0025,EV Charging Station 025,Mumbai,Maharashtra,19.097862,72.913023,Jio-bp,Public,Type 2,7.2,,CUST04889,Ravi Iyer,5.7,179.44,Credit Card
STN0404,EV Charging Station 404,,Karnataka,15.370685,75.150414,Ather Grid,Private,CCS2,50,,CUST04890,Priya Iyer,5.91,2799.21,Credit Card
STN0449,EV Charging Station 449,Mumbai,Maharashtra,19.021545,72.889954,ChargeZone,Public,Type 2,11,102.76,CUST04891,Kiran Iyer,1.72,176.75,Debit Card
STN0170,EV Charging Station 170,Mumbai,Maharashtra,19.047685,72.893065,Statiq,Public,Type 2,22,189.44,CUST04892,Sneha Iyer,4.86,920.68,Credit Card
STN0376,EV Charging Station 376,Chennai,Tamil Nadu,13.069656,80.296808,Ather Grid,Public,GB/T,150,709.33,CUST04893,Manoj Iyer,2.09,1482.5,UPI
STN0067,EV Charging Station 067,Mumbai,Maharashtra,19.074421,72.890734,ChargeZone,Public,Type 2,11,56.11,CUST04894,Divya Iyer,6.54,366.96,Credit Card
STN0096,EV Charging Station 096,Belagavi,Karnataka,15.898031,,Jio-bp,Private,CHAdeMO,,319.84,CUST04895,Suresh Iyer,4.38,1400.9,Credit Card
STN0495,EV Charging Station 495,Kochi,Kerala,9.967045,76.276532,Jio-bp,Public,GB/T,22,191.11,CUST04896,Lakshmi Iyer,5.6,1070.22,UPI
STN0266,EV Charging Station 266,Mysuru,Karnataka,12.296243,76.632502,Jio-bp,Public,GB/T,11,109.98,CUST04897,Arun Nair,3.03,333.24,UPI
STN0494,EV Charging Station 494,Pune,Maharashtra,18.541007,73.857273,Zeon Charging,Commercial,Type 2,120,975.87,CUST04898,Anjali Nair,1.31,1278.39,Wallet
STN0256,EV Charging Station 256,Delhi,Delhi,28.545768,77.215175,Statiq,Private,Type 2,11,107.9,CUST04899,Akhil Nair,1.55,167.24,Credit Card
STN0135,EV Charging Station 135,Belagavi,Karnataka,15.913873,74.48961,Jio-bp,Public,CCS2,150,1146.14,CUST04900,Amritha Nair,0.66,756.45,Wallet
STN0039,EV Charging Station 039,Belagavi,Karnataka,15.872335,74.450828,Statiq,Public,GB/T,22,210.66,CUST04901,Ravi Nair,7.77,1636.83,Debit Card
STN0331,EV Charging Station 331,Hubballi,Karnataka,15.408138,75.151156,Tata Power,Public,CCS2,11,44.22,CUST04902,Priya Nair,6.79,300.25,Credit Card
STN0110,EV Charging Station 110,Mumbai,Maharashtra,19.089588,72.899319,Jio-bp,Public,,22,98.15,CUST04903,Kiran Nair,4.4,431.86,Credit Card
STN0073,EV Charging Station 073,Hubballi,Karnataka,15.292539,75.058923,Tata Power,Public,Type 2,11,62.71,CUST04904,Sneha Nair,6.93,434.58,UPI
STN0453,EV Charging Station 453,Chennai,Tamil Nadu,13.062194,80.275891,Statiq,Commercial,CHAdeMO,120,1017.36,CUST04905,Manoj Nair,6.17,6277.11,Credit Card
STN0481,EV Charging Station 481,Mangaluru,Karnataka,12.879134,74.887668,Statiq,Public,CCS2,120,746.93,CUST04906,Divya Nair,4.23,3159.51,Debit Card
STN0249,EV Charging Station 249,Bengaluru,,12.965566,77.600324,ChargeZone,Public,Type 2,30,223.72,CUST04907,Suresh Nair,5.06,1132.02,Credit Card
STN0066,EV Charging Station 066,Pune,Maharashtra,18.538262,73.827754,Ather Grid,Public,CCS2,60,497.56,CUST04908,Lakshmi Nair,6.7,3333.65,Debit Card
STN0006,EV Charging Station 006,Bengaluru,Karnataka,13.001252,77.590241,Statiq,Commercial,Type 2,50,364.17,CUST04909,Arun Kumar,1.35,491.63,Debit Card
STN0074,EV Charging Station 074,Mumbai,Maharashtra,19.077213,72.842626,Ather Grid,Public,IEC 60309 3-pin,120,961.31,CUST04910,Anjali Kumar,1.29,1240.09,Cash
STN0326,EV Charging Station 326,Delhi,Delhi,28.644789,77.181842,Jio-bp,Commercial,GB/T,11,83.08,CUST04911,Akhil Kumar,4.39,364.72,Debit Card
STN0318,EV Charging Station 318,Hubballi,Karnataka,15.354856,75.107254,ChargeZone,Public,GB/T,22,120.09,CUST04912,Amritha Kumar,2.65,318.24,Wallet
STN0439,EV Charging Station 439,Kochi,Kerala,9.953377,76.239001,ChargeZone,Public,CCS2,50,273.12,CUST04913,Ravi Kumar,5.76,1573.17,Cash
STN0201,EV Charging Station 201,Belagavi,Karnataka,15.776756,74.557453,Zeon Charging,Public,Type 2,7.2,69.93,CUST04914,Priya Kumar,3.41,238.46,Wallet
STN0092,EV Charging Station 092,Mangaluru,Karnataka,12.922947,74.827016,ChargeZone,Public,Type 2,22,180.63,CUST04915,Kiran Kumar,5.87,1060.3,UPI
STN0382,EV Charging Station 382,Bengaluru,Karnataka,12.975106,77.54171,Ather Grid,Public,GB/T,50,461.82,CUST04916,Sneha Kumar,3.77,1741.06,Credit Card
STN0108,EV Charging Station 108,Chennai,Tamil Nadu,13.131184,80.281034,ChargeZone,Commercial,CCS2,3.3,21.44,CUST04917,Manoj Kumar,,22.73,UPI
STN0412,EV Charging Station 412,Belagavi,Karnataka,15.84532,74.456338,Statiq,Public,CCS2,22,127.59,CUST04918,Divya Kumar,6.48,826.78,UPI
STN0231,EV Charging Station 231,Hyderabad,Telangana,17.417248,78.502207,Zeon Charging,Public,CCS2,50,211.26,CUST04919,Suresh Kumar,5.73,1210.52,Credit Card
STN0197,EV Charging Station 197,Mumbai,Maharashtra,19.041971,72.903212,Statiq,Private,CCS2,60,425.15,CUST04920,Lakshmi Kumar,5.48,2329.82,Debit Card
STN0453,EV Charging Station 453,Mysuru,Karnataka,12.240584,76.637837,ChargeZone,Public,Type 2,22,96.08,CUST04921,Arun Sharma,5.32,511.15,UPI
STN0431,EV Charging Station 431,Kochi,Kerala,9.970686,76.18991,ChargeZone,Public,Type 2,,89.37,CUST04922,,5.63,503.15,Credit Card
STN0065,EV Charging Station 065,Delhi,Delhi,28.639164,77.204769,Tata Power,Private,CHAdeMO,60,477.68,CUST04923,Akhil Sharma,0.96,458.57,Credit Card
STN0171,EV Charging Station 171,Bengaluru,Karnataka,12.966112,77.508828,ChargeZone,Public,Type 2,30,170.23,CUST04924,Amritha Sharma,5.58,949.88,UPI
STN0297,EV Charging Station 297,Bengaluru,Karnataka,13.007399,,Statiq,Public,GB/T,7.2,34.81,CUST04925,Ravi Sharma,4.89,170.22,Credit Card
STN0367,EV Charging Station 367,Bengaluru,Karnataka,12.892394,77.603817,ChargeZone,Public,IEC 60309 3-pin,50,429.31,CUST04926,Priya Sharma,6.36,2730.41,Debit Card
STN0283,EV Charging Station 283,Bengaluru,Karnataka,12.963046,77.634181,Statiq,Public,GB/T,30,175.82,CUST04927,Kiran Sharma,3.08,541.53,Credit Card
STN0161,EV Charging Station 161,Hubballi,Karnataka,15.345597,75.103107,Statiq,Public,IEC 60309 3-pin,22,96.76,CUST04928,Sneha Sharma,7.97,771.18,UPI
STN0491,EV Charging Station 491,Belagavi,Karnataka,15.878627,74.466297,Ather Grid,Public,Type 2,50,236.26,CUST04929,Manoj Sharma,1.32,311.86,UPI
STN0232,EV Charging Station 232,Delhi,Delhi,28.602303,77.214794,Zeon Charging,Public,Type 2,30,171.61,CUST04930,Divya Sharma,6.74,1156.65,UPI
STN0427,EV Charging Station 427,Mumbai,Maharashtra,19.095081,72.887062,Jio-bp,Public,Type 2,22,131.1,CUST04931,Suresh Sharma,1.92,251.71,Cash
STN0212,EV Charging Station 212,Kochi,Kerala,9.940463,76.297956,Zeon Charging,Private,Type 2,50,337.03,CUST04932,Lakshmi Sharma,0.58,195.48,UPI
STN0441,EV Charging Station 441,Mangaluru,Karnataka,12.933732,74.821729,Ather Grid,Commercial,CCS2,30,222.87,CUST04933,,6.65,1482.09,Debit Card
STN0452,EV Charging Station 452,Pune,Maharashtra,18.531144,73.824253,,Public,Type 2,22,96.39,CUST04934,Anjali Reddy,1.94,187,UPI
STN0057,EV Charging Station 057,Belagavi,Karnataka,15.824998,74.534542,,Public,CHAdeMO,11,92.36,CUST04935,Akhil Reddy,7.29,673.3,UPI
STN0384,EV Charging Station 384,Bengaluru,Karnataka,13.006553,77.600706,Jio-bp,Public,Type 2,7.2,35.02,CUST04936,Amritha Reddy,3.24,113.46,Wallet
STN0407,EV Charging Station 407,Mysuru,Karnataka,12.293354,76.655274,Statiq,Commercial,CHAdeMO,,147.14,CUST04937,Ravi Reddy,4.03,592.97,Debit Card
STN0201,EV Charging Station 201,Mumbai,Maharashtra,19.07081,72.897558,Tata Power,Public,CCS2,7.2,58.47,CUST04938,Priya Reddy,1.28,74.84,Wallet
STN0320,EV Charging Station 320,Hubballi,Karnataka,15.297898,75.128823,Jio-bp,Commercial,CCS2,11,70.55,CUST04939,Kiran Reddy,4.02,283.61,Cash
STN0127,EV Charging Station 127,,Delhi,28.590298,77.132311,Zeon Charging,Public,CCS2,11,47.97,CUST04940,Sneha Reddy,3.88,186.12,UPI
STN0420,EV Charging Station 420,Hyderabad,Telangana,17.382699,78.521694,Tata Power,Private,CCS2,22,,CUST04941,Manoj Reddy,6.81,1448.69,UPI
STN0149,EV Charging Station 149,Pune,Maharashtra,18.510741,73.811828,,Public,IEC 60309 3-pin,150,808.45,CUST04942,Divya Reddy,3.43,2772.98,UPI
STN0046,EV Charging Station 046,Kochi,Kerala,9.948125,76.247217,Tata Power,Commercial,CCS2,22,155.72,CUST04943,,3.48,541.91,Credit Card
STN0150,EV Charging Station 150,Chennai,Tamil Nadu,13.089244,80.317786,Tata Power,Private,CCS2,120,561.38,CUST04944,Lakshmi Reddy,2.43,1364.15,UPI
STN0080,EV Charging Station 080,Chennai,Tamil Nadu,13.02937,80.245176,Statiq,Commercial,Type 2,150,766.61,CUST04945,Arun Patil,6.6,5059.63,UPI
STN0275,EV Charging Station 275,Pune,Maharashtra,18.482359,73.851062,Ather Grid,Public,GB/T,11,56.01,CUST04946,Anjali Patil,,399.35,UPI
STN0167,EV Charging Station 167,Mangaluru,Karnataka,12.922585,74.891544,Statiq,Private,Type 2,30,261.66,CUST04947,Akhil Patil,6.49,1698.17,Debit Card
STN0042,EV Charging Station 042,Delhi,Delhi,28.594348,77.191067,Jio-bp,Commercial,CCS2,7.2,43.81,CUST04948,Amritha Patil,0.66,28.91,UPI
STN0467,EV Charging Station 467,Hubballi,Karnataka,15.345232,75.139429,Statiq,Public,Type 2,60,368.39,CUST04949,Ravi Patil,6.92,2549.26,Wallet
STN0375,EV Charging Station 375,Hyderabad,Telangana,17.376334,78.428127,Zeon Charging,Public,CCS2,7.2,33.11,CUST04950,Priya Patil,7.73,255.94,UPI
STN0324,EV Charging Station 324,Hubballi,Karnataka,15.37167,75.175207,Statiq,,CCS2,3.3,27.54,CUST04951,Kiran Patil,2.6,71.6,Wallet
STN0242,,Bengaluru,Karnataka,12.960566,77.595142,Statiq,Private,CCS2,120,648.69,CUST04952,Sneha Patil,5.47,3548.33,Credit Card
STN0124,EV Charging Station 124,Bengaluru,Karnataka,12.977372,,Jio-bp,Public,GB/T,50,,CUST04953,Manoj Patil,4.17,1367.84,UPI
STN0147,EV Charging Station 147,Belagavi,Karnataka,15.814334,74.44885,Statiq,Public,Type 2,60,340.7,CUST04954,Divya Patil,5.05,1720.54,UPI
STN0391,EV Charging Station 391,Mysuru,Karnataka,12.287969,76.614712,Ather Grid,Commercial,Type 2,7.2,,CUST04955,Suresh Patil,1.67,109.99,Credit Card
STN0111,EV Charging Station 111,Pune,Maharashtra,18.507112,73.812201,Statiq,Commercial,Type 2,3.3,20.6,CUST04956,Lakshmi Patil,2.91,59.95,UPI
STN0098,EV Charging Station 098,Mysuru,Karnataka,12.356139,76.57618,Tata Power,Public,Type 2,60,267.17,CUST04957,Arun Shetty,5.4,1442.72,UPI
STN0152,EV Charging Station 152,Chennai,Tamil Nadu,13.105679,80.281839,Ather Grid,Private,Type 2,60,524.3,CUST04958,Anjali Shetty,6.7,3512.81,Credit Card
STN0279,EV Charging Station 279,Kochi,Kerala,9.90813,76.26064,Jio-bp,Commercial,GB/T,11,88.74,CUST04959,Akhil Shetty,6.39,,UPI
STN0500,EV Charging Station 500,Hubballi,Karnataka,15.325915,75.051774,Zeon Charging,Public,CCS2,50,468.55,CUST04960,Amritha Shetty,4.94,2314.64,Credit Card
STN0358,EV Charging Station 358,Chennai,Tamil Nadu,13.072926,80.307121,ChargeZone,Commercial,Type 2,11,88.45,CUST04961,Ravi Shetty,5.24,463.48,Wallet
STN0308,EV Charging Station 308,Delhi,Delhi,28.610359,77.145319,Ather Grid,Public,,50,354.38,CUST04962,Priya Shetty,4.55,1612.43,Debit Card
STN0028,EV Charging Station 028,Mangaluru,Karnataka,12.916505,74.854058,,Private,Type 2,50,479.4,CUST04963,Kiran Shetty,4.53,2171.68,Debit Card
STN0012,EV Charging Station 012,Bengaluru,Karnataka,12.9839,77.562957,Tata Power,Private,Type 2,11,102.31,CUST04964,Sneha Shetty,6.18,632.28,Credit Card
STN0271,EV Charging Station 271,Hubballi,Karnataka,,75.068987,Ather Grid,Public,IEC 60309 3-pin,3.3,29.08,CUST04965,Manoj Shetty,2.38,69.21,Credit Card
STN0420,EV Charging Station 420,Kochi,Kerala,9.925448,76.325366,Jio-bp,Public,Type 2,7.2,43.74,CUST04966,Divya Shetty,2.53,110.66,UPI
STN0454,EV Charging Station 454,Bengaluru,Karnataka,12.983925,77.598789,ChargeZone,Public,Type 2,30,244.93,CUST04967,Suresh Shetty,7.02,1719.41,Cash
STN0158,EV Charging Station 158,Mangaluru,Karnataka,12.891609,74.886146,Tata Power,Private,GB/T,11,,CUST04968,Lakshmi Shetty,3.28,289.1,
STN0444,EV Charging Station 444,Mumbai,Maharashtra,19.059048,72.909249,ChargeZone,Public,GB/T,3.3,28.16,CUST04969,Arun Rao,,203.88,Credit Card
STN0382,EV Charging Station 382,Mumbai,Maharashtra,19.134348,72.967815,Tata Power,Public,IEC 60309 3-pin,7.2,64.6,CUST04970,Anjali Rao,5.93,383.08,Wallet
STN0380,EV Charging Station 380,Mumbai,Maharashtra,19.109777,72.892237,Zeon Charging,Public,CCS2,11,51.46,CUST04971,Akhil Rao,7.57,389.55,UPI
STN0165,EV Charging Station 165,Hubballi,Karnataka,15.337616,75.157644,Tata Power,Public,IEC 60309 3-pin,50,381.53,CUST04972,Amritha Rao,2.53,965.27,UPI
STN0488,EV Charging Station 488,Chennai,Tamil Nadu,13.07519,80.219745,,Public,Type 2,22,178.57,CUST04973,Ravi Rao,2.74,489.28,Wallet
STN0138,EV Charging Station 138,Pune,Maharashtra,18.454563,73.844282,ChargeZone,Public,Type 2,30,241.28,CUST04974,Priya Rao,1.82,439.13,UPI
STN0495,EV Charging Station 495,Chennai,Tamil Nadu,13.027385,80.237431,Ather Grid,Private,Type 2,50,209.12,CUST04975,Kiran Rao,1.5,,UPI
STN0396,EV Charging Station 396,Kochi,Kerala,9.956677,76.334969,ChargeZone,Private,,11,91,CUST04976,Sneha Rao,4.38,398.58,UPI
STN0465,EV Charging Station 465,Chennai,Tamil Nadu,13.066935,80.282771,ChargeZone,Commercial,GB/T,11,97.36,CUST04977,Manoj Rao,4.13,402.1,UPI
STN0231,EV Charging Station 231,Mangaluru,Karnataka,12.941504,74.826123,ChargeZone,Public,Type 2,150,1220.47,CUST04978,Divya Rao,5.56,6785.81,UPI
STN0441,EV Charging Station 441,Mangaluru,Karnataka,12.909991,74.773521,Zeon Charging,Public,CCS2,120,736.53,CUST04979,Suresh Rao,6.7,4934.75,UPI
STN0377,EV Charging Station 377,Belagavi,Karnataka,15.850174,74.438127,Zeon Charging,Public,IEC 60309 3-pin,7.2,47.61,CUST04980,Lakshmi Rao,6.67,317.56,Credit Card
STN0420,EV Charging Station 420,Chennai,Tamil Nadu,13.142065,80.246675,Tata Power,Commercial,CCS2,60,309.3,CUST04981,Arun Iyer,6.37,1970.24,Credit Card
STN0184,EV Charging Station 184,Pune,,18.465919,73.853464,Zeon Charging,Public,GB/T,7.2,49.17,CUST04982,Anjali Iyer,1.82,89.49,UPI
STN0193,EV Charging Station 193,Mumbai,Maharashtra,19.040907,72.868972,Ather Grid,Private,Type 2,150,1038.79,CUST04983,Akhil Iyer,1.9,1973.7,Credit Card
STN0146,EV Charging Station 146,Mangaluru,Karnataka,12.894081,74.875635,Ather Grid,Private,IEC 60309 3-pin,11,67.4,CUST04984,Amritha Iyer,0.85,57.29,Credit Card
STN0280,EV Charging Station 280,Mumbai,Maharashtra,19.069758,72.922474,Zeon Charging,Commercial,Type 2,11,59.52,CUST04985,Ravi Iyer,5.03,299.39,UPI
STN0307,EV Charging Station 307,Pune,Maharashtra,18.575521,73.875228,ChargeZone,Public,CCS2,120,700.7,CUST04986,Priya Iyer,7.38,5171.17,UPI
STN0062,EV Charging Station 062,Mangaluru,Karnataka,12.955423,74.847456,Statiq,Commercial,Type 2,22,115.57,CUST04987,Kiran Iyer,0.71,82.05,
STN0106,EV Charging Station 106,Mumbai,Maharashtra,19.051121,72.838824,Statiq,Commercial,,120,504.97,CUST04988,Sneha Iyer,2.67,1348.27,UPI
STN0351,EV Charging Station 351,Bengaluru,Karnataka,,77.625806,ChargeZone,Public,Type 2,22,106.68,CUST04989,Manoj Iyer,5.76,614.48,UPI
STN0328,EV Charging Station 328,Delhi,Delhi,28.656108,77.182819,Zeon Charging,,Type 2,7.2,67.93,CUST04990,Divya Iyer,4.68,317.91,UPI
STN0068,EV Charging Station 068,Bengaluru,Karnataka,12.990763,77.56278,ChargeZone,Private,Type 2,11,,CUST04991,Suresh Iyer,7.78,568.72,UPI
STN0360,EV Charging Station 360,Hyderabad,Telangana,17.398574,78.472443,ChargeZone,Private,Type 2,11,51.7,CUST04992,Lakshmi Iyer,2.61,134.94,Wallet
STN0091,EV Charging Station 091,Mysuru,Karnataka,12.349971,76.663924,Tata Power,Private,Type 2,22,187.84,CUST04993,Arun Nair,6.74,1266.04,UPI
STN0428,EV Charging Station 428,Pune,Maharashtra,18.491953,73.823152,Ather Grid,Public,Type 2,30,191.58,CUST04994,Anjali Nair,6.29,1205.04,Cash
STN0421,EV Charging Station 421,Mysuru,Karnataka,12.319846,76.706643,Tata Power,Private,Type 2,150,1269.83,CUST04995,Akhil Nair,3.3,4190.44,UPI
STN0096,EV Charging Station 096,Pune,Maharashtra,18.545195,73.8353,ChargeZone,Private,CCS2,30,200.68,CUST04996,Amritha Nair,6.29,1262.28,UPI
STN0269,EV Charging Station 269,Chennai,Tamil Nadu,13.109089,80.245743,Zeon Charging,Private,IEC 60309 3-pin,11,92.71,CUST04997,Ravi Nair,2.47,228.99,UPI
STN0487,EV Charging Station 487,Belagavi,Karnataka,15.902584,74.498204,Statiq,Private,CCS2,3.3,19.71,CUST04998,Priya Nair,5.6,110.38,UPI
STN0357,EV Charging Station 357,Mysuru,Karnataka,12.286975,76.615146,Statiq,Public,Type 2,11,80.34,CUST04999,Kiran Nair,2.75,220.94,Debit Card
STN0500,EV Charging Station 500,Bengaluru,Karnataka,12.987769,77.563397,Tata Power,Public,CCS2,30,297.82,CUST05000,Sneha Nair,0.51,151.89,UPI
